Player,Team,Match Up,Game Date,Season,W/L,MIN,PTS,FGM,FGA,FG%,3PM,3PA,3P%,FTM,FTA,FT%,OREB,DREB,REB,AST,STL,BLK,TOV,PF,+/-
Tiffany Hayes,GS,GS vs. MIN,08/20/2026,2026,L,25,12,5,12,41.7,0,5,0.0,2,2,100.0,4,3,7,2,1,2,2,4,-8
Nia Coffey,MIN,MIN @ GS,08/20/2026,2026,W,15,0,0,2,0.0,0,2,0.0,0,0,0.0,0,3,3,0,0,0,0,2,-1
Natasha Howard,MIN,MIN @ GS,08/20/2026,2026,W,34,8,4,7,57.1,0,1,0.0,0,0,0.0,3,3,6,4,0,2,7,4,+12
Napheesa Collier,MIN,MIN @ GS,08/20/2026,2026,W,37,18,5,12,41.7,0,2,0.0,8,8,100.0,0,8,8,0,0,0,3,1,+15
Courtney Williams,MIN,MIN @ GS,08/20/2026,2026,W,29,9,4,9,44.4,1,2,50.0,0,0,0.0,1,2,3,7,0,0,1,4,+9
Kayla McBride,MIN,MIN @ GS,08/20/2026,2026,W,36,20,6,13,46.2,3,7,42.9,5,6,83.3,0,1,1,1,1,0,1,3,+6
Gabby Williams,GS,GS vs. MIN,08/20/2026,2026,L,31,10,4,15,26.7,1,7,14.3,1,1,100.0,1,0,1,2,2,0,3,0,-11
Cecilia Zandalasini,GS,GS vs. MIN,08/20/2026,2026,L,30,8,3,15,20.0,1,9,11.1,1,2,50.0,0,6,6,3,0,0,1,5,-2
Veronica Burton,GS,GS vs. MIN,08/20/2026,2026,L,36,14,4,9,44.4,2,6,33.3,4,4,100.0,2,2,4,7,4,0,2,5,-3
Janelle Salaun,GS,GS vs. MIN,08/20/2026,2026,L,24,15,6,12,50.0,2,5,40.0,1,2,50.0,3,3,6,3,0,0,0,2,+4
Kamilla Cardoso,CHI,CHI vs. NY,08/19/2026,2026,W,32,17,6,12,50.0,0,0,0.0,5,7,71.4,6,6,12,4,2,1,1,2,+13
Zaay Green,TOR,TOR @ WSH,08/19/2026,2026,L,5,0,0,0,0.0,0,0,0.0,0,0,0.0,0,1,1,0,0,0,0,1,-2
Teonni Key,TOR,TOR @ WSH,08/19/2026,2026,L,17,8,3,6,50.0,0,2,0.0,2,2,100.0,0,2,2,1,1,0,1,1,+7
Laura Juskaite,TOR,TOR @ WSH,08/19/2026,2026,L,29,12,6,12,50.0,0,3,0.0,0,0,0.0,0,2,2,4,1,0,1,3,-14
Aneesah Morrow,TOR,TOR @ WSH,08/19/2026,2026,L,23,13,4,13,30.8,2,5,40.0,3,5,60.0,3,5,8,0,1,0,0,4,-12
Gabriela Jaquez,CHI,CHI vs. NY,08/19/2026,2026,W,14,4,2,3,66.7,0,1,0.0,0,0,0.0,1,3,4,0,1,0,3,0,-4
Natasha Cloud,CHI,CHI vs. NY,08/19/2026,2026,W,35,35,13,21,61.9,4,8,50.0,5,6,83.3,1,8,9,6,0,0,3,3,+4
Sabrina Ionescu,NY,NY @ CHI,08/19/2026,2026,L,34,18,7,17,41.2,2,10,20.0,2,2,100.0,1,6,7,12,1,1,4,1,+4
Azura Stevens,CHI,CHI vs. NY,08/19/2026,2026,W,23,12,5,9,55.6,0,1,0.0,2,2,100.0,3,4,7,2,0,1,1,4,+14
Marine Fauthoux,NY,NY @ CHI,08/19/2026,2026,L,8,0,0,1,0.0,0,1,0.0,0,0,0.0,0,1,1,2,0,0,0,1,-6
Marine Johannes,NY,NY @ CHI,08/19/2026,2026,L,21,3,1,5,20.0,1,3,33.3,0,0,0.0,0,1,1,2,0,0,1,0,-10
Han Xu,NY,NY @ CHI,08/19/2026,2026,L,26,12,4,11,36.4,2,7,28.6,2,2,100.0,2,5,7,0,0,1,2,5,+3
Angela Dugalic,WSH,WSH vs. TOR,08/19/2026,2026,W,5,4,1,3,33.3,0,1,0.0,2,2,100.0,1,0,1,0,0,0,0,0,0
Breanna Stewart,NY,NY @ CHI,08/19/2026,2026,L,35,22,8,13,61.5,1,3,33.3,5,6,83.3,2,5,7,3,3,1,2,3,-4
Ornella Bankole,TOR,TOR @ WSH,08/19/2026,2026,L,15,5,2,2,100.0,1,1,100.0,0,0,0.0,1,1,2,0,0,0,0,4,-2
DiJonai Carrington,CHI,CHI vs. NY,08/19/2026,2026,W,19,4,2,8,25.0,0,3,0.0,0,0,0.0,1,2,3,1,0,0,1,2,+4
Rori Harmon,WSH,WSH vs. TOR,08/19/2026,2026,W,1,0,0,0,0.0,0,0,0.0,0,0,0.0,0,0,0,0,0,0,0,1,-2
Te-Hina Paopao,ATL,ATL @ LV,08/19/2026,2026,W,3,0,0,1,0.0,0,0,0.0,0,0,0.0,0,0,0,0,0,0,0,0,-2
Lucy Olsen,WSH,WSH vs. TOR,08/19/2026,2026,W,1,0,0,0,0.0,0,0,0.0,0,0,0.0,0,0,0,0,0,0,1,0,-2
Jewell Loyd,LV,LV vs. ATL,08/19/2026,2026,L,26,3,1,4,25.0,1,4,25.0,0,0,0.0,0,2,2,2,1,0,2,4,-8
Jackie Young,LV,LV vs. ATL,08/19/2026,2026,L,35,24,7,15,46.7,4,9,44.4,6,6,100.0,1,4,5,5,0,1,3,1,-10
Chelsea Gray,LV,LV vs. ATL,08/19/2026,2026,L,33,13,5,11,45.5,3,8,37.5,0,0,0.0,0,2,2,2,1,2,3,1,-23
A'ja Wilson,LV,LV vs. ATL,08/19/2026,2026,L,34,27,7,18,38.9,1,2,50.0,12,12,100.0,2,12,14,3,2,4,5,1,-13
Aaliyah Nye,ATL,ATL @ LV,08/19/2026,2026,W,0,0,0,0,0.0,0,0,0.0,0,0,0.0,0,0,0,0,0,0,0,0,0
Brianna Turner,LV,LV vs. ATL,08/19/2026,2026,L,15,0,0,0,0.0,0,0,0.0,0,0,0.0,1,2,3,0,0,1,3,1,0
Sika Kone,ATL,ATL @ LV,08/19/2026,2026,W,0,0,0,0,0.0,0,0,0.0,0,0,0.0,0,0,0,0,0,0,0,0,0
Darianna Littlepage-Buggs,WSH,WSH vs. TOR,08/19/2026,2026,W,1,0,0,0,0.0,0,0,0.0,0,0,0.0,0,0,0,0,0,0,0,0,-2
Rhyne Howard,ATL,ATL @ LV,08/19/2026,2026,W,39,23,7,19,36.8,2,8,25.0,7,7,100.0,1,3,4,3,4,2,2,4,+12
Angel Reese,ATL,ATL @ LV,08/19/2026,2026,W,39,21,6,13,46.2,1,1,100.0,8,9,88.9,3,7,10,4,4,0,1,5,+15
Cassandre Prosper,WSH,WSH vs. TOR,08/19/2026,2026,W,1,0,0,0,0.0,0,0,0.0,0,0,0.0,0,0,0,1,0,0,0,0,-2
Chance Gray,LA,LA @ CON,08/18/2026,2026,L,20,4,2,6,33.3,0,3,0.0,0,0,0.0,1,1,2,3,1,0,0,1,+6
Diamond Miller,CON,CON vs. LA,08/18/2026,2026,W,29,13,6,11,54.5,1,2,50.0,0,1,0.0,0,3,3,1,1,0,1,4,+11
Olivia Nelson-Ododa,CON,CON vs. LA,08/18/2026,2026,W,29,18,7,11,63.6,0,0,0.0,4,4,100.0,4,7,11,1,1,2,5,3,+9
Charlisse Leger-Walker,CON,CON vs. LA,08/18/2026,2026,W,31,7,2,4,50.0,0,0,0.0,3,3,100.0,1,7,8,6,1,1,2,2,+6
Leila Lacan,CON,CON vs. LA,08/18/2026,2026,W,29,7,3,9,33.3,0,1,0.0,1,1,100.0,0,0,0,10,1,0,2,4,+4
Makayla Timpson,IND,IND @ TOR,08/18/2026,2026,W,32,8,4,4,100.0,0,0,0.0,0,0,0.0,2,5,7,0,2,0,1,2,+10
Nell Angloma,CON,CON vs. LA,08/18/2026,2026,W,11,2,1,3,33.3,0,1,0.0,0,0,0.0,1,0,1,0,1,0,1,0,+3
Caitlin Clark,IND,IND @ TOR,08/18/2026,2026,W,33,24,7,16,43.8,4,9,44.4,6,7,85.7,0,3,3,7,0,0,7,3,-2
Aliyah Boston,IND,IND @ TOR,08/18/2026,2026,W,27,16,7,14,50.0,0,2,0.0,2,2,100.0,1,5,6,3,2,3,1,4,+17
Lexie Hull,IND,IND @ TOR,08/18/2026,2026,W,14,4,2,6,33.3,0,2,0.0,0,0,0.0,1,5,6,0,0,0,1,3,+14
Jihyun Park,LA,LA @ CON,08/18/2026,2026,L,12,0,0,1,0.0,0,0,0.0,0,0,0.0,0,3,3,0,1,0,1,0,+9
Alissa Pili,LA,LA @ CON,08/18/2026,2026,L,15,0,0,4,0.0,0,1,0.0,0,2,0.0,2,2,4,2,1,0,1,1,-3
Awak Kuier,DAL,DAL @ GS,08/18/2026,2026,L,20,3,1,3,33.3,0,2,0.0,1,1,100.0,2,5,7,0,1,3,0,2,-3
Rae Burrell,LA,LA @ CON,08/18/2026,2026,L,30,19,7,12,58.3,1,3,33.3,4,6,66.7,1,0,1,6,0,2,3,1,-11
Tiffany Hayes,GS,GS vs. DAL,08/18/2026,2026,W,20,10,4,11,36.4,2,5,40.0,0,0,0.0,2,2,4,1,1,0,1,5,+7
Janelle Salaun,GS,GS vs. DAL,08/18/2026,2026,W,19,10,3,10,30.0,2,6,33.3,2,2,100.0,1,2,3,2,0,0,1,1,+11
Veronica Burton,GS,GS vs. DAL,08/18/2026,2026,W,32,16,5,11,45.5,3,6,50.0,3,4,75.0,2,2,4,5,2,0,1,2,+2
Gabby Williams,GS,GS vs. DAL,08/18/2026,2026,W,32,23,8,20,40.0,3,8,37.5,4,4,100.0,0,7,7,3,4,0,5,1,+2
Kayla Thornton,GS,GS vs. DAL,08/18/2026,2026,W,33,7,2,8,25.0,1,5,20.0,2,2,100.0,2,1,3,1,0,0,0,3,+10
Maddy Siegrist,DAL,DAL @ GS,08/18/2026,2026,L,16,7,3,5,60.0,1,2,50.0,0,0,0.0,0,3,3,0,0,1,0,3,+2
Paige Bueckers,DAL,DAL @ GS,08/18/2026,2026,L,33,21,8,18,44.4,1,5,20.0,4,4,100.0,1,1,2,3,1,0,7,4,-10
Arike Ogunbowale,DAL,DAL @ GS,08/18/2026,2026,L,37,17,5,13,38.5,1,7,14.3,6,6,100.0,0,4,4,3,2,0,1,3,-8
Alanna Smith,DAL,DAL @ GS,08/18/2026,2026,L,30,13,6,9,66.7,1,3,33.3,0,0,0.0,0,5,5,2,2,0,2,1,+3
Isabelle Harrison,TOR,TOR vs. IND,08/18/2026,2026,L,21,8,3,12,25.0,0,1,0.0,2,2,100.0,3,4,7,2,2,2,1,4,-3
Sophie Cunningham,IND,IND @ TOR,08/18/2026,2026,W,28,13,3,4,75.0,3,3,100.0,4,5,80.0,0,2,2,2,0,0,0,2,-11
Emma Cannon,LA,LA @ CON,08/18/2026,2026,L,6,4,1,2,50.0,0,1,0.0,2,3,66.7,1,0,1,0,1,0,2,3,+2
Laura Juskaite,TOR,TOR vs. IND,08/18/2026,2026,L,20,2,0,4,0.0,0,3,0.0,2,4,50.0,2,4,6,0,0,0,2,1,-12
Aneesah Morrow,TOR,TOR vs. IND,08/18/2026,2026,L,29,14,6,11,54.5,1,5,20.0,1,1,100.0,7,9,16,2,0,0,1,1,+5
Marina Mabrey,TOR,TOR vs. IND,08/18/2026,2026,L,29,22,7,21,33.3,5,14,35.7,3,4,75.0,0,1,1,3,1,1,3,2,-14
Kiki Rice,TOR,TOR vs. IND,08/18/2026,2026,L,30,10,4,12,33.3,0,2,0.0,2,2,100.0,3,0,3,6,0,1,2,4,+2
Isobel Borlase,ATL,ATL vs. IND,08/16/2026,2026,L,32,10,2,6,33.3,2,3,66.7,4,4,100.0,0,3,3,3,0,0,1,3,-4
Aliyah Boston,IND,IND @ ATL,08/16/2026,2026,W,37,18,6,16,37.5,0,4,0.0,6,6,100.0,3,11,14,4,5,3,1,2,+13
Kelsey Mitchell,IND,IND @ ATL,08/16/2026,2026,W,36,20,9,22,40.9,2,4,50.0,0,0,0.0,0,1,1,1,1,0,1,4,+3
Caitlin Clark,IND,IND @ ATL,08/16/2026,2026,W,41,26,9,20,45.0,3,10,30.0,5,6,83.3,0,3,3,9,0,0,5,4,+2
Sophie Cunningham,IND,IND @ ATL,08/16/2026,2026,W,32,3,1,3,33.3,0,2,0.0,1,1,100.0,1,6,7,1,0,0,1,2,+8
Naz Hillmon,ATL,ATL vs. IND,08/16/2026,2026,L,33,6,3,10,30.0,0,4,0.0,0,0,0.0,3,3,6,0,0,1,2,2,-23
Angel Reese,ATL,ATL vs. IND,08/16/2026,2026,L,38,15,5,16,31.2,0,2,0.0,5,6,83.3,5,9,14,6,0,0,4,5,+1
Allisha Gray,ATL,ATL vs. IND,08/16/2026,2026,L,42,32,11,24,45.8,4,7,57.1,6,6,100.0,1,6,7,5,0,0,4,5,-7
Rhyne Howard,ATL,ATL vs. IND,08/16/2026,2026,L,43,17,4,13,30.8,1,8,12.5,8,8,100.0,0,0,0,5,1,1,2,4,+2
Awa Fam,SEA,SEA vs. CHI,08/16/2026,2026,L,29,14,5,10,50.0,2,6,33.3,2,2,100.0,2,3,5,2,1,0,0,3,+8
Azura Stevens,CHI,CHI @ SEA,08/16/2026,2026,W,28,3,1,7,14.3,0,4,0.0,1,2,50.0,1,4,5,3,1,2,1,3,+6
Natasha Howard,MIN,MIN @ LV,08/16/2026,2026,W,36,13,6,12,50.0,0,1,0.0,1,1,100.0,4,7,11,1,0,0,1,4,+13
Flau'jae Johnson,SEA,SEA vs. CHI,08/16/2026,2026,L,30,5,2,7,28.6,1,4,25.0,0,0,0.0,1,3,4,6,1,2,3,3,+1
Dominique Malonga,SEA,SEA vs. CHI,08/16/2026,2026,L,30,19,5,14,35.7,0,2,0.0,9,10,90.0,2,11,13,2,2,4,4,4,+4
Ezi Magbegor,SEA,SEA vs. CHI,08/16/2026,2026,L,25,17,7,12,58.3,1,3,33.3,2,2,100.0,0,4,4,1,0,5,3,4,+10
Elizabeth Williams,CHI,CHI @ SEA,08/16/2026,2026,W,14,4,2,5,40.0,0,0,0.0,0,0,0.0,0,0,0,1,0,1,1,1,+7
Natasha Cloud,CHI,CHI @ SEA,08/16/2026,2026,W,34,20,5,12,41.7,1,5,20.0,9,9,100.0,0,8,8,3,3,1,4,2,-3
Courtney Vandersloot,CHI,CHI @ SEA,08/16/2026,2026,W,30,15,5,11,45.5,2,3,66.7,3,4,75.0,0,5,5,5,4,0,3,1,+2
Kamilla Cardoso,CHI,CHI @ SEA,08/16/2026,2026,W,30,22,7,15,46.7,0,0,0.0,8,11,72.7,5,7,12,2,1,3,3,5,-9
Makayla Timpson,IND,IND @ ATL,08/16/2026,2026,W,33,20,9,13,69.2,0,0,0.0,2,4,50.0,5,2,7,0,0,1,0,2,+10
Jade Melbourne,SEA,SEA vs. CHI,08/16/2026,2026,L,35,11,4,13,30.8,2,5,40.0,1,3,33.3,0,5,5,6,0,1,2,1,+8
Napheesa Collier,MIN,MIN @ LV,08/16/2026,2026,W,25,19,6,11,54.5,2,3,66.7,5,6,83.3,0,6,6,2,1,0,1,5,-4
Sami Whitcomb,PHX,PHX vs. POR,08/16/2026,2026,L,26,11,3,10,30.0,1,8,12.5,4,4,100.0,1,1,2,4,2,0,1,5,+4
Bridget Carleton,POR,POR @ PHX,08/16/2026,2026,W,32,9,3,15,20.0,0,8,0.0,3,3,100.0,1,4,5,0,1,2,2,4,+4
Emily Engstler,POR,POR @ PHX,08/16/2026,2026,W,22,9,4,7,57.1,1,4,25.0,0,1,0.0,2,5,7,4,0,0,1,5,+4
Nyadiew Puoch,POR,POR @ PHX,08/16/2026,2026,W,17,3,1,3,33.3,1,2,50.0,0,0,0.0,2,2,4,1,1,0,1,3,-3
Megan DiLeo,POR,POR @ PHX,08/16/2026,2026,W,27,15,6,11,54.5,3,7,42.9,0,0,0.0,2,3,5,1,2,0,0,1,+7
Carla Leite,POR,POR @ PHX,08/16/2026,2026,W,28,23,9,15,60.0,1,2,50.0,4,8,50.0,0,1,1,5,2,0,4,4,+3
DeWanna Bonner,PHX,PHX vs. POR,08/16/2026,2026,L,33,23,7,16,43.8,4,10,40.0,5,5,100.0,2,4,6,0,1,0,1,0,-4
Alyssa Thomas,PHX,PHX vs. POR,08/16/2026,2026,L,34,17,7,11,63.6,1,1,100.0,2,2,100.0,2,9,11,9,2,0,5,3,+6
Noemie Brochant,PHX,PHX vs. POR,08/16/2026,2026,L,27,0,0,5,0.0,0,1,0.0,0,0,0.0,0,2,2,2,0,0,2,1,+6
Kayla McBride,MIN,MIN @ LV,08/16/2026,2026,W,33,13,3,6,50.0,2,5,40.0,5,5,100.0,1,2,3,1,4,0,1,3,+9
Kahleah Copper,PHX,PHX vs. POR,08/16/2026,2026,L,36,19,6,14,42.9,2,4,50.0,5,6,83.3,0,7,7,1,0,0,0,3,-2
Courtney Williams,MIN,MIN @ LV,08/16/2026,2026,W,29,12,5,14,35.7,0,3,0.0,2,2,100.0,1,1,2,1,2,0,4,3,0
Nia Coffey,MIN,MIN @ LV,08/16/2026,2026,W,27,12,4,5,80.0,4,5,80.0,0,0,0.0,1,3,4,1,1,1,1,3,+13
Stephanie Talbot,LV,LV vs. MIN,08/16/2026,2026,L,10,2,1,3,33.3,0,2,0.0,0,0,0.0,0,1,1,0,1,1,0,2,-3
A'ja Wilson,LV,LV vs. MIN,08/16/2026,2026,L,34,32,10,15,66.7,1,3,33.3,11,12,91.7,1,6,7,1,2,1,1,2,-8
Chelsea Gray,LV,LV vs. MIN,08/16/2026,2026,L,34,12,5,15,33.3,2,6,33.3,0,0,0.0,1,2,3,9,1,0,3,1,0
Jackie Young,LV,LV vs. MIN,08/16/2026,2026,L,33,8,3,11,27.3,2,7,28.6,0,0,0.0,0,1,1,9,1,0,6,3,-5
Jewell Loyd,LV,LV vs. MIN,08/16/2026,2026,L,28,10,3,9,33.3,2,7,28.6,2,2,100.0,1,2,3,0,0,0,2,3,-3
Dominique Malonga,SEA,SEA vs. POR,08/15/2026,2026,L,23,9,3,15,20.0,0,3,0.0,3,4,75.0,5,7,12,5,0,2,1,2,-12
Emma Cannon,LA,LA @ WSH,08/15/2026,2026,L,11,4,2,5,40.0,0,2,0.0,0,0,0.0,1,3,4,0,0,1,1,2,-8
Rae Burrell,LA,LA @ WSH,08/15/2026,2026,L,34,20,6,12,50.0,3,5,60.0,5,5,100.0,0,3,3,3,0,1,2,1,-10
Natisha Hiedeman,SEA,SEA vs. POR,08/15/2026,2026,L,32,9,3,9,33.3,1,3,33.3,2,3,66.7,1,2,3,5,1,0,2,1,+12
Jade Melbourne,SEA,SEA vs. POR,08/15/2026,2026,L,34,12,4,12,33.3,3,5,60.0,1,1,100.0,0,1,1,2,1,1,3,4,+1
Ariel Atkins,LA,LA @ WSH,08/15/2026,2026,L,30,1,0,7,0.0,0,7,0.0,1,2,50.0,0,2,2,3,2,0,2,3,+1
Erica Wheeler,LA,LA @ WSH,08/15/2026,2026,L,23,6,2,4,50.0,2,3,66.7,0,0,0.0,0,2,2,2,1,0,1,1,+1
Nneka Ogwumike,LA,LA @ WSH,08/15/2026,2026,L,30,15,6,12,50.0,2,4,50.0,1,2,50.0,1,6,7,3,4,0,2,0,-5
Bridget Carleton,POR,POR @ SEA,08/15/2026,2026,W,29,14,5,13,38.5,4,10,40.0,0,0,0.0,2,7,9,2,0,0,0,3,-7
Shakira Austin,WSH,WSH vs. LA,08/15/2026,2026,W,31,17,7,13,53.8,0,1,0.0,3,4,75.0,1,10,11,2,0,1,3,0,+6
Nyadiew Puoch,POR,POR @ SEA,08/15/2026,2026,W,15,2,1,4,25.0,0,2,0.0,0,0,0.0,1,2,3,1,2,0,0,4,-13
Megan DiLeo,POR,POR @ SEA,08/15/2026,2026,W,28,14,4,8,50.0,2,5,40.0,4,7,57.1,5,4,9,1,0,0,4,3,+4
Carla Leite,POR,POR @ SEA,08/15/2026,2026,W,27,14,5,7,71.4,2,3,66.7,2,4,50.0,0,3,3,6,1,1,5,2,+1
Emily Engstler,POR,POR @ SEA,08/15/2026,2026,W,27,9,4,12,33.3,0,4,0.0,1,1,100.0,0,5,5,2,0,1,0,0,+10
Kiki Iriafen,WSH,WSH vs. LA,08/15/2026,2026,W,27,19,9,12,75.0,0,1,0.0,1,3,33.3,2,6,8,3,2,1,0,4,-1
Sonia Citron,WSH,WSH vs. LA,08/15/2026,2026,W,34,21,8,14,57.1,4,5,80.0,1,1,100.0,3,3,6,8,2,0,2,3,+12
Betnijah Laney-Hamilton,WSH,WSH vs. LA,08/15/2026,2026,W,16,0,0,5,0.0,0,4,0.0,0,0,0.0,1,1,2,2,1,0,0,0,+15
Leila Lacan,CON,CON vs. NY,08/15/2026,2026,L,31,10,4,11,36.4,1,5,20.0,1,2,50.0,1,2,3,6,0,0,3,2,+5
Charlisse Leger-Walker,CON,CON vs. NY,08/15/2026,2026,L,32,14,5,14,35.7,4,9,44.4,0,0,0.0,2,3,5,4,1,2,3,2,-6
Kennedy Burke,CON,CON vs. NY,08/15/2026,2026,L,21,7,2,7,28.6,1,5,20.0,2,2,100.0,1,0,1,1,2,0,2,0,+1
Olivia Nelson-Ododa,CON,CON vs. NY,08/15/2026,2026,L,28,21,7,9,77.8,0,0,0.0,7,7,100.0,3,7,10,0,0,0,0,3,-3
Diamond Miller,CON,CON vs. NY,08/15/2026,2026,L,32,12,3,13,23.1,2,6,33.3,4,4,100.0,0,7,7,3,0,0,0,3,-4
Marine Fauthoux,NY,NY @ CON,08/15/2026,2026,W,11,8,2,6,33.3,1,2,50.0,3,5,60.0,0,2,2,1,0,0,1,1,+4
Pauline Astier,NY,NY @ CON,08/15/2026,2026,W,26,8,4,8,50.0,0,2,0.0,0,0,0.0,0,0,0,4,1,0,1,3,+6
Marine Johannes,NY,NY @ CON,08/15/2026,2026,W,31,17,6,9,66.7,5,8,62.5,0,0,0.0,0,2,2,5,1,1,2,2,+9
Katie Lou Samuelson,SEA,SEA vs. POR,08/15/2026,2026,L,12,3,1,3,33.3,1,3,33.3,0,0,0.0,1,0,1,0,0,0,1,1,-16
Cassandre Prosper,WSH,WSH vs. LA,08/15/2026,2026,W,13,4,1,2,50.0,0,1,0.0,2,2,100.0,0,0,0,2,3,0,0,4,+11
Awa Fam,SEA,SEA vs. POR,08/15/2026,2026,L,22,20,7,12,58.3,4,8,50.0,2,2,100.0,3,6,9,0,1,0,1,1,+4
Breanna Stewart,NY,NY @ CON,08/15/2026,2026,W,33,11,3,12,25.0,1,2,50.0,4,4,100.0,0,4,4,2,1,1,4,1,+5
Jonquel Jones,NY,NY @ CON,08/15/2026,2026,W,35,23,9,16,56.2,3,7,42.9,2,2,100.0,2,9,11,2,0,0,3,4,+7
Breanna Stewart,NY,NY vs. LA,08/14/2026,2026,W,31,11,5,13,38.5,0,3,0.0,1,2,50.0,1,5,6,5,2,0,2,2,-9
Brianna Turner,LV,LV vs. WSH,08/14/2026,2026,W,17,2,1,1,100.0,0,0,0.0,0,0,0.0,0,2,2,1,0,0,3,3,-7
Nneka Ogwumike,LA,LA @ NY,08/14/2026,2026,L,31,10,4,11,36.4,0,2,0.0,2,3,66.7,3,8,11,4,1,0,1,4,+2
Dearica Hamby,LA,LA @ NY,08/14/2026,2026,L,30,16,7,11,63.6,0,0,0.0,2,5,40.0,2,2,4,3,1,0,0,3,-15
Erica Wheeler,LA,LA @ NY,08/14/2026,2026,L,29,6,3,8,37.5,0,4,0.0,0,0,0.0,0,4,4,6,0,0,4,3,+6
Ariel Atkins,LA,LA @ NY,08/14/2026,2026,L,28,3,1,5,20.0,1,3,33.3,0,0,0.0,2,2,4,2,3,1,2,5,-20
Jewell Loyd,LV,LV vs. WSH,08/14/2026,2026,W,24,13,3,9,33.3,3,7,42.9,4,4,100.0,0,2,2,3,1,1,2,5,0
Jackie Young,LV,LV vs. WSH,08/14/2026,2026,W,35,32,10,14,71.4,5,8,62.5,7,8,87.5,0,2,2,5,0,0,1,1,+15
Jonquel Jones,NY,NY vs. LA,08/14/2026,2026,W,33,11,5,10,50.0,0,1,0.0,1,2,50.0,6,12,18,4,1,1,1,1,+14
Chelsea Gray,LV,LV vs. WSH,08/14/2026,2026,W,29,4,1,10,10.0,0,3,0.0,2,2,100.0,1,3,4,5,1,0,2,4,-3
A'ja Wilson,LV,LV vs. WSH,08/14/2026,2026,W,35,15,5,14,35.7,1,4,25.0,4,5,80.0,0,6,6,4,0,2,3,3,+8
Georgia Amoore,WSH,WSH @ LV,08/14/2026,2026,L,26,3,1,7,14.3,1,4,25.0,0,0,0.0,0,1,1,1,0,0,2,2,-3
Sonia Citron,WSH,WSH @ LV,08/14/2026,2026,L,34,17,8,14,57.1,1,4,25.0,0,0,0.0,0,3,3,8,1,0,3,4,-2
Rae Burrell,LA,LA @ NY,08/14/2026,2026,L,33,28,10,19,52.6,5,10,50.0,3,5,60.0,1,2,3,3,1,1,4,0,+9
Kiki Iriafen,WSH,WSH @ LV,08/14/2026,2026,L,27,5,2,5,40.0,0,0,0.0,1,4,25.0,2,5,7,0,1,0,3,5,-8
Marine Johannes,NY,NY vs. LA,08/14/2026,2026,W,22,10,3,8,37.5,2,5,40.0,2,2,100.0,1,1,2,1,2,0,0,1,+9
Pauline Astier,NY,NY vs. LA,08/14/2026,2026,W,17,7,3,5,60.0,0,1,0.0,1,1,100.0,0,2,2,5,2,0,2,5,+8
Sabrina Ionescu,NY,NY vs. LA,08/14/2026,2026,W,33,20,6,17,35.3,1,9,11.1,7,9,77.8,1,2,3,4,2,0,4,3,-1
Shakira Austin,WSH,WSH @ LV,08/14/2026,2026,L,30,29,12,20,60.0,1,2,50.0,4,5,80.0,2,6,8,0,1,1,4,4,-4
Michaela Onyenwere,WSH,WSH @ LV,08/14/2026,2026,L,23,5,2,6,33.3,1,3,33.3,0,0,0.0,1,4,5,3,1,0,0,4,-9
Sug Sutton,DAL,DAL @ IND,08/14/2026,2026,L,5,0,0,0,0.0,0,0,0.0,0,0,0.0,0,0,0,0,0,0,0,0,-6
Alanna Smith,DAL,DAL @ IND,08/14/2026,2026,L,35,8,4,11,36.4,0,4,0.0,0,0,0.0,2,5,7,2,1,1,2,3,-5
Alysha Clark,DAL,DAL @ IND,08/14/2026,2026,L,25,4,1,3,33.3,0,2,0.0,2,2,100.0,1,1,2,1,0,1,0,4,-15
Haley Jones,DAL,DAL @ IND,08/14/2026,2026,L,1,2,1,1,100.0,0,0,0.0,0,0,0.0,0,1,1,0,0,0,0,0,-1
Lexie Hull,IND,IND vs. DAL,08/14/2026,2026,W,12,0,0,2,0.0,0,0,0.0,0,0,0.0,0,2,2,0,0,0,0,3,0
Myisha Hines-Allen,IND,IND vs. DAL,08/14/2026,2026,W,12,2,1,1,100.0,0,0,0.0,0,0,0.0,0,3,3,0,0,1,0,2,+4
Grace VanSlooten,IND,IND vs. DAL,08/14/2026,2026,W,1,0,0,0,0.0,0,0,0.0,0,0,0.0,0,0,0,0,0,0,0,0,+1
Tyasha Harris,IND,IND vs. DAL,08/14/2026,2026,W,17,15,5,5,100.0,5,5,100.0,0,0,0.0,1,1,2,0,1,0,0,1,+20
Raven Johnson,IND,IND vs. DAL,08/14/2026,2026,W,1,0,0,1,0.0,0,0,0.0,0,0,0.0,0,0,0,0,0,0,0,0,+1
Awak Kuier,DAL,DAL @ IND,08/14/2026,2026,L,28,8,2,6,33.3,1,4,25.0,3,4,75.0,1,5,6,4,0,3,2,3,-1
Kaitlyn Chen,GS,GS vs. CHI,08/13/2026,2026,W,21,6,2,3,66.7,2,2,100.0,0,0,0.0,0,1,1,0,1,0,2,0,+19
Juste Jocyte,GS,GS vs. CHI,08/13/2026,2026,W,2,2,0,0,0.0,0,0,0.0,2,2,100.0,0,0,0,0,0,0,0,0,+1
Jacy Sheldon,CHI,CHI @ GS,08/13/2026,2026,L,25,8,3,6,50.0,2,4,50.0,0,0,0.0,1,1,2,0,4,0,2,4,-9
Rachel Banham,CHI,CHI @ GS,08/13/2026,2026,L,20,11,4,9,44.4,3,7,42.9,0,0,0.0,0,4,4,0,1,1,1,2,-11
DiJonai Carrington,CHI,CHI @ GS,08/13/2026,2026,L,24,3,1,9,11.1,0,1,0.0,1,2,50.0,1,2,3,1,1,0,3,3,-12
Aicha Coulibaly,CHI,CHI @ GS,08/13/2026,2026,L,20,8,3,3,100.0,1,1,100.0,1,2,50.0,0,1,1,0,2,0,1,1,-12
Gabriela Jaquez,CHI,CHI @ GS,08/13/2026,2026,L,13,2,1,2,50.0,0,0,0.0,0,0,0.0,1,0,1,0,0,0,2,1,-19
Cecilia Zandalasini,GS,GS vs. CHI,08/13/2026,2026,W,30,12,4,10,40.0,1,3,33.3,3,4,75.0,0,4,4,1,3,2,1,4,+2
Nadia Fingall,GS,GS vs. CHI,08/13/2026,2026,W,2,0,0,0,0.0,0,0,0.0,0,0,0.0,0,0,0,1,0,0,0,0,+1
Alysha Clark,DAL,DAL vs. TOR,08/13/2026,2026,W,16,6,2,3,66.7,1,1,100.0,1,1,100.0,0,0,0,0,0,0,0,2,-7
Paige Bueckers,DAL,DAL vs. TOR,08/13/2026,2026,W,34,22,7,18,38.9,1,5,20.0,7,7,100.0,0,3,3,8,3,0,1,4,+1
Arike Ogunbowale,DAL,DAL vs. TOR,08/13/2026,2026,W,35,21,4,12,33.3,0,5,0.0,13,14,92.9,0,2,2,5,1,0,5,3,+16
Awak Kuier,DAL,DAL vs. TOR,08/13/2026,2026,W,25,14,6,9,66.7,2,3,66.7,0,0,0.0,2,2,4,1,1,1,0,1,+4
Alanna Smith,DAL,DAL vs. TOR,08/13/2026,2026,W,33,13,5,7,71.4,2,4,50.0,1,2,50.0,3,8,11,4,1,1,1,1,+20
Kia Nurse,TOR,TOR @ DAL,08/13/2026,2026,L,22,16,6,11,54.5,4,8,50.0,0,0,0.0,0,0,0,1,0,0,1,2,+3
Kaila Charles,GS,GS vs. CHI,08/13/2026,2026,W,25,15,6,12,50.0,1,4,25.0,2,2,100.0,3,2,5,2,3,0,1,0,+16
Marina Mabrey,TOR,TOR @ DAL,08/13/2026,2026,L,31,23,7,15,46.7,3,9,33.3,6,7,85.7,0,2,2,4,0,1,2,3,-18
Laura Juskaite,TOR,TOR @ DAL,08/13/2026,2026,L,32,18,8,17,47.1,1,5,20.0,1,1,100.0,3,4,7,0,3,0,2,3,-4
Isabelle Harrison,TOR,TOR @ DAL,08/13/2026,2026,L,30,4,2,8,25.0,0,3,0.0,0,1,0.0,3,7,10,5,1,2,4,3,+6
Aneesah Morrow,TOR,TOR @ DAL,08/13/2026,2026,L,22,8,1,4,25.0,0,1,0.0,6,6,100.0,2,4,6,2,0,1,2,4,+4
Natasha Howard,MIN,MIN @ POR,08/13/2026,2026,W,28,14,6,8,75.0,0,0,0.0,2,4,50.0,3,9,12,4,2,0,3,3,+8
Jaylyn Sherrod,ATL,ATL @ CON,08/13/2026,2026,W,12,4,1,3,33.3,0,0,0.0,2,2,100.0,0,2,2,2,0,1,0,4,-6
Bridget Carleton,POR,POR vs. MIN,08/13/2026,2026,L,33,16,6,14,42.9,1,7,14.3,3,4,75.0,0,5,5,2,2,1,2,1,+7
Megan DiLeo,POR,POR vs. MIN,08/13/2026,2026,L,23,12,5,13,38.5,1,5,20.0,1,2,50.0,4,3,7,1,0,0,0,2,-6
Karlie Samuelson,POR,POR vs. MIN,08/13/2026,2026,L,16,5,1,4,25.0,1,3,33.3,2,2,100.0,0,0,0,1,0,0,0,2,-4
Teja Oblak,POR,POR vs. MIN,08/13/2026,2026,L,22,11,4,9,44.4,2,3,66.7,1,2,50.0,2,4,6,9,2,1,2,2,+8
Sika Kone,ATL,ATL @ CON,08/13/2026,2026,W,6,0,0,1,0.0,0,1,0.0,0,0,0.0,0,1,1,0,0,0,0,2,-1
Madina Okot,ATL,ATL @ CON,08/13/2026,2026,W,16,4,2,5,40.0,0,0,0.0,0,0,0.0,2,5,7,0,0,0,2,3,+10
Olivia Miles,MIN,MIN @ POR,08/13/2026,2026,W,35,13,3,13,23.1,1,3,33.3,6,7,85.7,1,4,5,7,0,1,2,5,+6
Aaliyah Nye,ATL,ATL @ CON,08/13/2026,2026,W,7,6,1,2,50.0,1,2,50.0,3,3,100.0,0,2,2,1,0,1,0,0,+8
Isobel Borlase,ATL,ATL @ CON,08/13/2026,2026,W,12,5,1,4,25.0,1,1,100.0,2,2,100.0,0,0,0,0,0,0,1,1,+7
Raegan Beers,CON,CON vs. ATL,08/13/2026,2026,L,9,0,0,2,0.0,0,0,0.0,0,0,0.0,1,4,5,0,0,0,0,1,-6
Nell Angloma,CON,CON vs. ATL,08/13/2026,2026,L,18,6,1,5,20.0,0,2,0.0,4,4,100.0,4,0,4,2,0,0,1,4,-4
Rayah Marshall,CON,CON vs. ATL,08/13/2026,2026,L,6,1,0,3,0.0,0,0,0.0,1,2,50.0,1,0,1,0,0,0,1,0,-8
Hailey Van Lith,CON,CON vs. ATL,08/13/2026,2026,L,14,2,0,5,0.0,0,2,0.0,2,2,100.0,0,1,1,2,1,0,0,0,-11
Gianna Kneepkens,CON,CON vs. ATL,08/13/2026,2026,L,14,10,4,7,57.1,2,4,50.0,0,0,0.0,1,2,3,1,0,1,0,3,-3
Napheesa Collier,MIN,MIN @ POR,08/13/2026,2026,W,33,20,7,11,63.6,0,1,0.0,6,7,85.7,1,8,9,2,2,3,3,1,+6
Courtney Williams,MIN,MIN @ POR,08/13/2026,2026,W,30,10,4,9,44.4,1,3,33.3,1,2,50.0,0,1,1,4,0,0,1,1,+13
Kayla McBride,MIN,MIN @ POR,08/13/2026,2026,W,32,19,6,10,60.0,3,7,42.9,4,4,100.0,0,1,1,2,4,1,0,1,+8
Emily Engstler,POR,POR vs. MIN,08/13/2026,2026,L,23,8,3,8,37.5,1,5,20.0,1,2,50.0,1,6,7,3,1,2,0,2,-8
Alyssa Thomas,PHX,PHX @ LA,08/12/2026,2026,W,33,16,5,8,62.5,0,0,0.0,6,7,85.7,2,5,7,9,1,1,5,1,+16
Noemie Brochant,PHX,PHX @ LA,08/12/2026,2026,W,30,24,10,13,76.9,3,6,50.0,1,3,33.3,0,3,3,3,5,0,3,3,+13
Sami Whitcomb,PHX,PHX @ LA,08/12/2026,2026,W,22,7,2,6,33.3,2,5,40.0,1,1,100.0,1,3,4,3,2,0,1,1,+20
Kahleah Copper,PHX,PHX @ LA,08/12/2026,2026,W,35,18,7,16,43.8,1,5,20.0,3,4,75.0,1,3,4,1,1,0,8,4,+10
Nneka Ogwumike,LA,LA vs. PHX,08/12/2026,2026,L,33,18,6,14,42.9,2,4,50.0,4,4,100.0,4,5,9,8,0,0,4,2,-10
Dearica Hamby,LA,LA vs. PHX,08/12/2026,2026,L,32,19,8,8,100.0,0,0,0.0,3,5,60.0,0,4,4,2,2,0,4,3,-11
Erica Wheeler,LA,LA vs. PHX,08/12/2026,2026,L,30,7,3,11,27.3,1,7,14.3,0,0,0.0,0,3,3,5,2,0,3,2,-10
DeWanna Bonner,PHX,PHX @ LA,08/12/2026,2026,W,27,11,2,5,40.0,2,4,50.0,5,6,83.3,0,7,7,2,3,3,1,3,+17
Mai Yamamoto,LV,LV vs. WSH,08/12/2026,2026,W,13,3,1,2,50.0,1,2,50.0,0,0,0.0,0,0,0,1,3,0,0,0,-1
Angela Dugalic,WSH,WSH @ LV,08/12/2026,2026,L,1,5,2,2,100.0,1,1,100.0,0,0,0.0,1,0,1,0,0,0,0,0,+3
Cotie McMahon,WSH,WSH @ LV,08/12/2026,2026,L,21,5,2,6,33.3,1,2,50.0,0,0,0.0,0,2,2,3,1,0,1,2,-7
Cassandre Prosper,WSH,WSH @ LV,08/12/2026,2026,L,1,0,0,0,0.0,0,0,0.0,0,0,0.0,0,0,0,0,0,0,0,0,+3
Alicia Florez,WSH,WSH @ LV,08/12/2026,2026,L,5,0,0,1,0.0,0,0,0.0,0,0,0.0,0,1,1,2,0,0,1,0,-3
A'ja Wilson,LV,LV vs. WSH,08/12/2026,2026,W,35,26,10,18,55.6,1,3,33.3,5,5,100.0,2,11,13,2,2,4,5,3,+13
Chelsea Gray,LV,LV vs. WSH,08/12/2026,2026,W,35,12,5,13,38.5,2,6,33.3,0,0,0.0,1,1,2,5,1,0,1,1,+5
Jackie Young,LV,LV vs. WSH,08/12/2026,2026,W,32,25,7,17,41.2,4,9,44.4,7,7,100.0,0,2,2,8,0,0,0,1,+15
Rae Burrell,LA,LA vs. PHX,08/12/2026,2026,L,35,19,6,21,28.6,0,8,0.0,7,8,87.5,1,2,3,6,3,0,1,1,-9
Jewell Loyd,LV,LV vs. WSH,08/12/2026,2026,W,23,4,2,5,40.0,0,2,0.0,0,0,0.0,0,0,0,2,1,0,1,0,+8
Ariel Atkins,LA,LA vs. PHX,08/12/2026,2026,L,32,5,2,7,28.6,1,5,20.0,0,2,0.0,2,2,4,2,4,0,0,5,-13
Kiki Iriafen,WSH,WSH @ LV,08/12/2026,2026,L,34,15,6,11,54.5,0,0,0.0,3,8,37.5,5,8,13,1,0,0,1,1,+2
Taylor Thierry,SEA,SEA vs. CHI,08/11/2026,2026,W,22,7,2,3,66.7,1,2,50.0,2,2,100.0,4,2,6,3,1,0,0,0,+16
Ezi Magbegor,SEA,SEA vs. CHI,08/11/2026,2026,W,26,5,2,8,25.0,0,1,0.0,1,1,100.0,1,3,4,3,0,1,4,4,+15
Marine Johannes,NY,NY @ IND,08/11/2026,2026,L,18,8,3,10,30.0,2,9,22.2,0,0,0.0,0,0,0,1,1,0,1,0,-13
Azura Stevens,CHI,CHI @ SEA,08/11/2026,2026,L,24,9,4,9,44.4,0,3,0.0,1,2,50.0,5,3,8,2,0,2,1,5,-5
Kamilla Cardoso,CHI,CHI @ SEA,08/11/2026,2026,L,27,15,7,12,58.3,0,0,0.0,1,2,50.0,7,6,13,0,0,0,6,3,-9
Courtney Vandersloot,CHI,CHI @ SEA,08/11/2026,2026,L,26,13,2,7,28.6,1,3,33.3,8,9,88.9,0,0,0,3,0,0,2,3,-12
Natasha Cloud,CHI,CHI @ SEA,08/11/2026,2026,L,32,7,3,5,60.0,0,1,0.0,1,2,50.0,0,2,2,8,2,0,3,4,-3
Rachel Banham,CHI,CHI @ SEA,08/11/2026,2026,L,12,8,3,6,50.0,2,5,40.0,0,1,0.0,0,1,1,1,0,0,0,2,-4
Dominique Malonga,SEA,SEA vs. CHI,08/11/2026,2026,W,30,26,9,14,64.3,3,4,75.0,5,7,71.4,3,7,10,1,2,3,2,0,+8
Myisha Hines-Allen,IND,IND vs. NY,08/11/2026,2026,W,8,2,1,4,25.0,0,2,0.0,0,0,0.0,0,2,2,0,1,1,1,1,+5
Natisha Hiedeman,SEA,SEA vs. CHI,08/11/2026,2026,W,33,18,3,10,30.0,0,3,0.0,12,12,100.0,0,2,2,9,0,0,0,0,+11
Marine Fauthoux,NY,NY @ IND,08/11/2026,2026,L,16,5,2,6,33.3,1,3,33.3,0,0,0.0,0,1,1,3,0,0,4,1,-10
Zia Cooke,SEA,SEA vs. CHI,08/11/2026,2026,W,21,16,7,12,58.3,1,3,33.3,1,1,100.0,0,2,2,1,0,0,2,3,+8
Lexie Hull,IND,IND vs. NY,08/11/2026,2026,W,18,5,2,2,100.0,1,1,100.0,0,0,0.0,1,0,1,1,0,0,0,2,-3
Raven Johnson,IND,IND vs. NY,08/11/2026,2026,W,3,0,0,1,0.0,0,0,0.0,0,0,0.0,0,0,0,0,0,0,0,0,-1
Tyasha Harris,IND,IND vs. NY,08/11/2026,2026,W,11,1,0,1,0.0,0,0,0.0,1,2,50.0,0,0,0,3,0,1,0,0,+7
Rebekah Gardner,NY,NY @ IND,08/11/2026,2026,L,16,6,3,4,75.0,0,1,0.0,0,0,0.0,4,2,6,2,0,1,0,4,-4
Han Xu,NY,NY @ IND,08/11/2026,2026,L,17,7,3,7,42.9,0,3,0.0,1,2,50.0,2,3,5,1,2,1,0,1,-9
Raquel Carrera,NY,NY @ IND,08/11/2026,2026,L,4,0,0,1,0.0,0,1,0.0,0,0,0.0,0,1,1,0,0,0,0,1,0
Jaylyn Sherrod,ATL,ATL vs. TOR,08/11/2026,2026,W,3,0,0,1,0.0,0,0,0.0,0,0,0.0,0,0,0,0,0,0,1,2,0
Sika Kone,ATL,ATL vs. TOR,08/11/2026,2026,W,1,0,0,0,0.0,0,0,0.0,0,0,0.0,0,0,0,0,0,0,0,0,0
Brionna Jones,ATL,ATL vs. TOR,08/11/2026,2026,W,20,15,5,5,100.0,0,0,0.0,5,6,83.3,1,2,3,2,1,0,3,4,-6
Rhyne Howard,ATL,ATL vs. TOR,08/11/2026,2026,W,36,22,7,15,46.7,6,11,54.5,2,4,50.0,0,4,4,7,3,1,0,3,+10
Jordin Canada,ATL,ATL vs. TOR,08/11/2026,2026,W,36,20,6,13,46.2,4,9,44.4,4,8,50.0,1,5,6,9,1,0,2,2,+8
Kiki Rice,TOR,TOR @ ATL,08/11/2026,2026,L,30,18,7,11,63.6,1,2,50.0,3,5,60.0,1,4,5,6,1,1,0,1,+2
Aneesah Morrow,TOR,TOR @ ATL,08/11/2026,2026,L,16,11,4,8,50.0,0,2,0.0,3,5,60.0,0,1,1,1,1,1,0,3,+5
Isabelle Harrison,TOR,TOR @ ATL,08/11/2026,2026,L,18,13,5,7,71.4,0,1,0.0,3,4,75.0,1,2,3,2,0,1,1,5,-4
Marina Mabrey,TOR,TOR @ ATL,08/11/2026,2026,L,33,36,12,19,63.2,7,13,53.8,5,5,100.0,0,0,0,3,0,0,1,3,-5
Maria Conde,TOR,TOR @ ATL,08/11/2026,2026,L,28,2,1,4,25.0,0,0,0.0,0,0,0.0,0,1,1,3,0,0,1,3,-17
Mercedes Russell,IND,IND vs. NY,08/11/2026,2026,W,1,0,0,0,0.0,0,0,0.0,0,0,0.0,0,0,0,0,0,0,0,0,-3
Jordan Harrison,POR,POR vs. SEA,08/09/2026,2026,W,28,13,4,9,44.4,1,2,50.0,4,4,100.0,0,7,7,6,1,0,3,4,+3
Natasha Mack,PHX,PHX @ WSH,08/09/2026,2026,L,23,8,4,7,57.1,0,1,0.0,0,0,0.0,3,4,7,0,1,0,2,3,-15
Valeriane Ayayi,PHX,PHX @ WSH,08/09/2026,2026,L,9,1,0,0,0.0,0,0,0.0,1,2,50.0,0,1,1,1,1,0,2,1,-6
Marta Suarez,PHX,PHX @ WSH,08/09/2026,2026,L,6,0,0,1,0.0,0,1,0.0,0,0,0.0,0,0,0,2,0,0,1,0,+2
Maddy Siegrist,DAL,DAL @ MIN,08/09/2026,2026,L,6,5,2,3,66.7,1,1,100.0,0,0,0.0,0,0,0,0,0,0,0,1,+6
Holly Winterburn,POR,POR vs. SEA,08/09/2026,2026,W,17,4,2,3,66.7,0,1,0.0,0,0,0.0,1,1,2,7,0,0,3,2,-1
Marine Johannes,NY,NY vs. LV,08/09/2026,2026,W,22,27,9,14,64.3,7,12,58.3,2,2,100.0,0,1,1,3,1,0,3,0,+26
Stephanie Talbot,LV,LV @ NY,08/09/2026,2026,L,21,4,1,3,33.3,1,2,50.0,1,2,50.0,0,2,2,0,1,0,2,0,-30
Brianna Turner,LV,LV @ NY,08/09/2026,2026,L,30,4,2,4,50.0,0,0,0.0,0,0,0.0,1,2,3,1,1,1,1,3,-30
Ta'Niya Latson,LV,LV @ NY,08/09/2026,2026,L,24,20,6,9,66.7,1,2,50.0,7,8,87.5,1,3,4,2,1,0,2,2,-24
Justine Pissott,LV,LV @ NY,08/09/2026,2026,L,25,11,4,14,28.6,3,8,37.5,0,0,0.0,0,3,3,1,1,0,2,4,-28
Mai Yamamoto,LV,LV @ NY,08/09/2026,2026,L,26,16,6,11,54.5,4,8,50.0,0,0,0.0,0,1,1,6,1,0,2,2,-20
Rebecca Allen,NY,NY vs. LV,08/09/2026,2026,W,22,13,5,7,71.4,2,4,50.0,1,1,100.0,2,6,8,2,2,1,0,1,+26
Raquel Carrera,NY,NY vs. LV,08/09/2026,2026,W,17,4,2,4,50.0,0,1,0.0,0,0,0.0,2,2,4,2,0,0,1,3,+19
Rebekah Gardner,NY,NY vs. LV,08/09/2026,2026,W,21,11,5,11,45.5,0,1,0.0,1,1,100.0,4,3,7,0,1,1,1,2,+25
Marine Fauthoux,NY,NY vs. LV,08/09/2026,2026,W,22,2,1,2,50.0,0,0,0.0,0,2,0.0,0,3,3,9,0,0,2,0,+21
Lexi Held,PHX,PHX @ WSH,08/09/2026,2026,L,16,7,3,7,42.9,1,5,20.0,0,0,0.0,0,1,1,1,0,0,1,2,-7
Ezi Magbegor,SEA,SEA @ POR,08/09/2026,2026,L,26,7,3,7,42.9,0,3,0.0,1,1,100.0,0,3,3,6,1,2,0,2,-8
Dominique Malonga,SEA,SEA @ POR,08/09/2026,2026,L,28,21,7,14,50.0,1,4,25.0,6,6,100.0,4,5,9,2,0,2,3,4,0
Natisha Hiedeman,SEA,SEA @ POR,08/09/2026,2026,L,32,2,1,4,25.0,0,2,0.0,0,0,0.0,0,3,3,3,0,0,1,3,-5
Jade Melbourne,SEA,SEA @ POR,08/09/2026,2026,L,29,23,7,15,46.7,4,12,33.3,5,6,83.3,0,2,2,5,1,1,0,3,-8
Jordan Horston,SEA,SEA @ POR,08/09/2026,2026,L,19,17,6,10,60.0,4,6,66.7,1,2,50.0,1,2,3,1,1,0,2,1,+13
Cameron Brink,LA,LA vs. GS,08/09/2026,2026,L,22,7,3,6,50.0,1,3,33.3,0,2,0.0,3,4,7,0,2,1,2,4,-6
Emily Engstler,POR,POR vs. SEA,08/09/2026,2026,W,24,10,4,7,57.1,2,5,40.0,0,0,0.0,0,4,4,1,0,0,0,4,+6
Megan DiLeo,POR,POR vs. SEA,08/09/2026,2026,W,24,11,4,6,66.7,1,3,33.3,2,2,100.0,0,4,4,0,0,1,0,3,+9
Noemie Brochant,PHX,PHX @ WSH,08/09/2026,2026,L,21,13,5,7,71.4,3,4,75.0,0,0,0.0,1,1,2,1,0,0,0,2,+6
Bridget Carleton,POR,POR vs. SEA,08/09/2026,2026,W,29,24,9,19,47.4,4,9,44.4,2,2,100.0,0,6,6,4,1,0,1,0,+11
Angela Dugalic,WSH,WSH vs. PHX,08/09/2026,2026,W,9,0,0,1,0.0,0,1,0.0,0,0,0.0,1,2,3,1,2,0,1,1,-8
Sug Sutton,DAL,DAL @ MIN,08/09/2026,2026,L,9,2,1,1,100.0,0,0,0.0,0,0,0.0,0,0,0,4,0,0,1,0,+1
Lucy Olsen,WSH,WSH vs. PHX,08/09/2026,2026,W,4,6,2,2,100.0,2,2,100.0,0,0,0.0,0,0,0,0,0,1,0,1,-3
Rae Burrell,LA,LA vs. GS,08/09/2026,2026,L,32,9,4,7,57.1,1,2,50.0,0,0,0.0,0,3,3,1,1,0,2,2,-5
Ariel Atkins,LA,LA vs. GS,08/09/2026,2026,L,30,9,3,5,60.0,2,4,50.0,1,1,100.0,2,2,4,4,1,0,0,3,-3
Erica Wheeler,LA,LA vs. GS,08/09/2026,2026,L,27,15,6,12,50.0,3,9,33.3,0,0,0.0,0,2,2,4,1,0,1,5,-2
Nneka Ogwumike,LA,LA vs. GS,08/09/2026,2026,L,32,16,7,18,38.9,0,3,0.0,2,2,100.0,3,4,7,3,0,0,4,0,0
Janelle Salaun,GS,GS @ LA,08/09/2026,2026,W,21,8,3,8,37.5,2,6,33.3,0,0,0.0,0,3,3,0,1,0,2,1,-7
Veronica Burton,GS,GS @ LA,08/09/2026,2026,W,29,7,2,6,33.3,0,2,0.0,3,3,100.0,0,0,0,7,3,0,1,0,+9
Gabby Williams,GS,GS @ LA,08/09/2026,2026,W,19,11,5,11,45.5,0,3,0.0,1,2,50.0,0,1,1,1,1,0,1,0,+1
Kayla Thornton,GS,GS @ LA,08/09/2026,2026,W,28,11,4,10,40.0,1,7,14.3,2,2,100.0,1,6,7,1,1,0,3,1,+11
Li Yueru,DAL,DAL @ MIN,08/09/2026,2026,L,27,4,1,3,33.3,0,1,0.0,2,2,100.0,2,4,6,0,0,0,0,0,-8
Kaila Charles,GS,GS @ LA,08/09/2026,2026,W,18,5,2,4,50.0,1,2,50.0,0,0,0.0,2,2,4,3,0,0,1,2,+3
Aziaha James,DAL,DAL @ MIN,08/09/2026,2026,L,15,19,7,10,70.0,1,1,100.0,4,5,80.0,1,5,6,2,0,0,2,1,+8
Nia Coffey,MIN,MIN vs. DAL,08/09/2026,2026,W,14,4,2,5,40.0,0,3,0.0,0,0,0.0,1,3,4,1,1,0,0,0,-1
Dorka Juhasz,MIN,MIN vs. DAL,08/09/2026,2026,W,9,0,0,2,0.0,0,2,0.0,0,0,0.0,0,0,0,0,0,0,0,0,-2
Antonia Delaere,MIN,MIN vs. DAL,08/09/2026,2026,W,8,0,0,3,0.0,0,3,0.0,0,0,0.0,0,0,0,0,1,0,0,0,+8
Maya Caldwell,MIN,MIN vs. DAL,08/09/2026,2026,W,10,2,1,2,50.0,0,0,0.0,0,2,0.0,1,1,2,1,1,0,1,1,-4
Cotie McMahon,WSH,WSH vs. PHX,08/09/2026,2026,W,20,13,4,8,50.0,0,3,0.0,5,7,71.4,0,0,0,1,2,0,1,3,-7
Eliska Joklova,MIN,MIN vs. DAL,08/09/2026,2026,W,4,2,0,0,0.0,0,0,0.0,2,2,100.0,0,1,1,0,0,0,0,0,-3
Alicia Florez,WSH,WSH vs. PHX,08/09/2026,2026,W,15,4,2,5,40.0,0,2,0.0,0,2,0.0,0,2,2,2,1,0,0,1,-8
Cassandre Prosper,WSH,WSH vs. PHX,08/09/2026,2026,W,12,3,0,2,0.0,0,2,0.0,3,4,75.0,1,1,2,1,2,0,1,0,-12
Haley Jones,DAL,DAL @ MIN,08/09/2026,2026,L,2,0,0,0,0.0,0,0,0.0,0,0,0.0,0,0,0,0,0,0,0,0,0
Natasha Cloud,CHI,CHI vs. IND,08/08/2026,2026,L,27,17,6,9,66.7,1,4,25.0,4,4,100.0,1,1,2,4,1,0,2,4,-5
Kiah Stokes,GS,GS @ DAL,08/08/2026,2026,W,26,7,3,4,75.0,1,2,50.0,0,0,0.0,0,7,7,3,0,2,0,4,+21
Cecilia Zandalasini,GS,GS @ DAL,08/08/2026,2026,W,18,5,2,6,33.3,1,3,33.3,0,0,0.0,0,3,3,2,0,0,2,3,+18
Kayla Thornton,GS,GS @ DAL,08/08/2026,2026,W,27,11,4,9,44.4,3,6,50.0,0,0,0.0,2,8,10,3,1,0,2,1,+15
Rachel Banham,CHI,CHI vs. IND,08/08/2026,2026,L,20,17,6,11,54.5,3,8,37.5,2,2,100.0,0,1,1,3,2,0,3,2,+12
Jacy Sheldon,CHI,CHI vs. IND,08/08/2026,2026,L,24,9,3,5,60.0,2,2,100.0,1,2,50.0,0,1,1,2,0,0,1,5,0
Kelsey Mitchell,IND,IND @ CHI,08/08/2026,2026,W,36,27,11,22,50.0,3,9,33.3,2,2,100.0,2,3,5,2,2,1,2,1,+12
Kamilla Cardoso,CHI,CHI vs. IND,08/08/2026,2026,L,26,14,6,13,46.2,0,0,0.0,2,4,50.0,2,7,9,2,1,1,1,0,-12
Azura Stevens,CHI,CHI vs. IND,08/08/2026,2026,L,20,7,3,13,23.1,1,4,25.0,0,0,0.0,2,3,5,0,0,0,1,5,-20
Caitlin Clark,IND,IND @ CHI,08/08/2026,2026,W,36,26,7,15,46.7,5,6,83.3,7,10,70.0,0,4,4,11,2,1,6,3,+5
Lexie Hull,IND,IND @ CHI,08/08/2026,2026,W,19,5,2,5,40.0,1,3,33.3,0,0,0.0,3,3,6,0,0,1,1,3,+26
Aliyah Boston,IND,IND @ CHI,08/08/2026,2026,W,29,13,6,8,75.0,0,1,0.0,1,2,50.0,1,10,11,3,1,2,1,2,+23
Makayla Timpson,IND,IND @ CHI,08/08/2026,2026,W,31,10,5,7,71.4,0,0,0.0,0,1,0.0,0,3,3,3,1,2,1,4,+15
Kaitlyn Chen,GS,GS @ DAL,08/08/2026,2026,W,12,2,1,3,33.3,0,2,0.0,0,0,0.0,0,0,0,5,0,0,1,0,+6
Kaila Charles,GS,GS @ DAL,08/08/2026,2026,W,27,9,4,8,50.0,1,2,50.0,0,0,0.0,3,1,4,0,3,0,0,3,+5
Awak Kuier,DAL,DAL vs. GS,08/08/2026,2026,L,9,4,1,1,100.0,1,1,100.0,1,2,50.0,0,1,1,0,0,2,2,1,+2
Aziaha James,DAL,DAL vs. GS,08/08/2026,2026,L,27,13,3,12,25.0,0,5,0.0,7,11,63.6,2,2,4,1,0,1,1,1,-15
Dana Evans,LV,LV @ MIN,08/08/2026,2026,L,20,11,4,9,44.4,3,5,60.0,0,0,0.0,0,5,5,3,0,0,1,0,-7
Maddy Siegrist,DAL,DAL vs. GS,08/08/2026,2026,L,15,5,1,4,25.0,0,1,0.0,3,4,75.0,3,4,7,0,1,0,0,3,-2
Olivia Miles,MIN,MIN vs. LV,08/08/2026,2026,W,35,26,11,23,47.8,3,7,42.9,1,1,100.0,0,4,4,7,1,0,5,2,+11
Courtney Williams,MIN,MIN vs. LV,08/08/2026,2026,W,33,13,6,11,54.5,1,2,50.0,0,0,0.0,1,6,7,7,2,1,2,5,+17
Napheesa Collier,MIN,MIN vs. LV,08/08/2026,2026,W,35,22,7,14,50.0,5,7,71.4,3,4,75.0,1,5,6,3,1,3,4,3,+7
Natasha Howard,MIN,MIN vs. LV,08/08/2026,2026,W,29,17,7,11,63.6,1,1,100.0,2,2,100.0,6,2,8,6,2,0,1,3,+8
Kayla McBride,MIN,MIN vs. LV,08/08/2026,2026,W,35,15,4,12,33.3,4,8,50.0,3,3,100.0,1,3,4,0,2,0,0,2,+7
Jewell Loyd,LV,LV @ MIN,08/08/2026,2026,L,30,10,4,9,44.4,2,7,28.6,0,0,0.0,0,3,3,2,0,0,1,2,-13
Jackie Young,LV,LV @ MIN,08/08/2026,2026,L,33,23,6,13,46.2,3,6,50.0,8,8,100.0,1,4,5,1,0,0,5,0,-6
Chelsea Gray,LV,LV @ MIN,08/08/2026,2026,L,36,9,4,9,44.4,1,5,20.0,0,0,0.0,1,1,2,6,1,0,2,3,-9
A'ja Wilson,LV,LV @ MIN,08/08/2026,2026,L,33,16,5,17,29.4,1,3,33.3,5,6,83.3,4,4,8,1,1,2,5,2,-11
Sug Sutton,DAL,DAL vs. GS,08/08/2026,2026,L,8,5,2,3,66.7,1,1,100.0,0,0,0.0,0,0,0,0,2,0,2,2,-6
Odyssey Sims,DAL,DAL vs. GS,08/08/2026,2026,L,25,3,0,4,0.0,0,1,0.0,3,4,75.0,0,2,2,4,0,0,0,2,-1
Karlie Samuelson,POR,POR vs. TOR,08/07/2026,2026,W,19,6,2,4,50.0,2,4,50.0,0,0,0.0,1,1,2,1,0,0,2,1,+13
Kayla McBride,MIN,MIN vs. LA,08/07/2026,2026,L,34,15,5,13,38.5,3,8,37.5,2,2,100.0,0,0,0,1,0,0,2,2,-1
Napheesa Collier,MIN,MIN vs. LA,08/07/2026,2026,L,34,21,10,20,50.0,1,4,25.0,0,0,0.0,5,3,8,6,1,0,3,4,+1
Natasha Howard,MIN,MIN vs. LA,08/07/2026,2026,L,25,8,2,4,50.0,0,0,0.0,4,4,100.0,2,4,6,3,2,1,2,5,-9
Monique Akoa Makani,LA,LA @ MIN,08/07/2026,2026,W,19,7,3,7,42.9,0,2,0.0,1,1,100.0,0,1,1,1,1,0,1,0,+20
Cameron Brink,LA,LA @ MIN,08/07/2026,2026,W,25,12,5,8,62.5,1,2,50.0,1,4,25.0,3,5,8,5,0,3,1,3,+22
Ariel Atkins,LA,LA @ MIN,08/07/2026,2026,W,29,7,2,5,40.0,1,2,50.0,2,2,100.0,0,2,2,6,1,0,2,4,0
Erica Wheeler,LA,LA @ MIN,08/07/2026,2026,W,30,12,5,13,38.5,2,6,33.3,0,0,0.0,0,4,4,9,0,0,0,2,0
Nneka Ogwumike,LA,LA @ MIN,08/07/2026,2026,W,30,16,7,13,53.8,2,4,50.0,0,0,0.0,3,4,7,0,2,1,5,0,-1
Teonni Key,TOR,TOR @ POR,08/07/2026,2026,L,1,0,0,0,0.0,0,0,0.0,0,0,0.0,0,0,0,0,0,0,0,0,0
Carla Leite,POR,POR vs. TOR,08/07/2026,2026,W,30,27,5,12,41.7,2,5,40.0,15,17,88.2,1,3,4,11,0,0,4,4,+14
Megan DiLeo,POR,POR vs. TOR,08/07/2026,2026,W,28,17,8,12,66.7,0,2,0.0,1,2,50.0,1,2,3,2,0,2,2,2,+18
Emily Engstler,POR,POR vs. TOR,08/07/2026,2026,W,24,7,3,6,50.0,1,1,100.0,0,0,0.0,3,3,6,2,1,0,1,4,+18
Bridget Carleton,POR,POR vs. TOR,08/07/2026,2026,W,30,10,3,9,33.3,2,5,40.0,2,2,100.0,1,10,11,0,1,1,0,1,+17
Kiki Rice,TOR,TOR @ POR,08/07/2026,2026,L,18,5,1,1,100.0,1,1,100.0,2,2,100.0,0,0,0,1,0,0,2,1,-11
Aneesah Morrow,TOR,TOR @ POR,08/07/2026,2026,L,24,11,5,10,50.0,0,1,0.0,1,4,25.0,3,5,8,1,3,1,2,3,+1
Laura Juskaite,TOR,TOR @ POR,08/07/2026,2026,L,26,12,5,14,35.7,0,5,0.0,2,3,66.7,2,4,6,3,0,1,3,3,-8
Maria Conde,TOR,TOR @ POR,08/07/2026,2026,L,29,6,3,9,33.3,0,4,0.0,0,0,0.0,1,5,6,2,1,0,1,3,-4
Olivia Miles,MIN,MIN vs. LA,08/07/2026,2026,L,34,23,8,16,50.0,3,6,50.0,4,4,100.0,1,7,8,5,2,0,5,3,+1
Courtney Williams,MIN,MIN vs. LA,08/07/2026,2026,L,34,12,5,12,41.7,1,3,33.3,1,1,100.0,1,7,8,0,1,1,1,2,+3
Shakira Austin,WSH,WSH vs. ATL,08/07/2026,2026,W,27,21,7,11,63.6,1,1,100.0,6,8,75.0,2,9,11,3,0,5,6,5,-9
DeWanna Bonner,PHX,PHX @ CON,08/07/2026,2026,L,34,6,3,12,25.0,0,6,0.0,0,0,0.0,1,10,11,2,0,1,0,2,-9
Angel Reese,ATL,ATL @ WSH,08/07/2026,2026,L,33,7,1,12,8.3,0,0,0.0,5,8,62.5,7,9,16,2,2,1,2,5,-1
Cassandre Prosper,WSH,WSH vs. ATL,08/07/2026,2026,W,19,10,4,8,50.0,1,1,100.0,1,4,25.0,3,1,4,1,0,2,0,5,+7
Cotie McMahon,WSH,WSH vs. ATL,08/07/2026,2026,W,28,11,4,13,30.8,1,3,33.3,2,6,33.3,1,4,5,0,2,0,0,2,+1
Sonia Citron,WSH,WSH vs. ATL,08/07/2026,2026,W,32,14,5,10,50.0,2,3,66.7,2,4,50.0,0,3,3,3,1,1,3,3,+2
Alyssa Thomas,PHX,PHX @ CON,08/07/2026,2026,L,35,10,3,9,33.3,0,0,0.0,4,10,40.0,1,7,8,5,4,0,2,4,-5
Kiki Iriafen,WSH,WSH vs. ATL,08/07/2026,2026,W,32,15,6,10,60.0,1,2,50.0,2,6,33.3,3,4,7,5,2,0,4,4,+11
Brionna Jones,ATL,ATL @ WSH,08/07/2026,2026,L,21,4,2,8,25.0,0,1,0.0,0,0,0.0,2,5,7,3,0,1,3,4,-7
Jordin Canada,ATL,ATL @ WSH,08/07/2026,2026,L,35,9,2,6,33.3,0,2,0.0,5,9,55.6,1,2,3,7,2,0,5,5,-10
Allisha Gray,ATL,ATL @ WSH,08/07/2026,2026,L,38,26,11,23,47.8,2,9,22.2,2,3,66.7,0,6,6,2,1,1,1,3,-2
Isobel Borlase,ATL,ATL @ WSH,08/07/2026,2026,L,9,0,0,2,0.0,0,0,0.0,0,0,0.0,1,0,1,0,0,0,2,1,-6
Kennedy Burke,CON,CON vs. PHX,08/07/2026,2026,W,20,15,5,7,71.4,2,4,50.0,3,4,75.0,0,2,2,0,1,1,2,3,+5
Leila Lacan,CON,CON vs. PHX,08/07/2026,2026,W,31,9,3,9,33.3,0,3,0.0,3,4,75.0,0,3,3,4,1,0,3,3,0
Brittney Griner,CON,CON vs. PHX,08/07/2026,2026,W,24,5,2,6,33.3,0,0,0.0,1,2,50.0,2,5,7,4,0,2,3,1,-1
Diamond Miller,CON,CON vs. PHX,08/07/2026,2026,W,24,9,3,10,30.0,2,6,33.3,1,2,50.0,0,4,4,1,0,1,2,4,+2
Sami Whitcomb,PHX,PHX @ CON,08/07/2026,2026,L,13,5,1,4,25.0,1,3,33.3,2,2,100.0,0,1,1,1,1,0,0,1,+1
Kelsey Plum,PHX,PHX @ CON,08/07/2026,2026,L,28,25,9,16,56.2,3,7,42.9,4,6,66.7,0,0,0,3,1,0,3,5,-5
Kahleah Copper,PHX,PHX @ CON,08/07/2026,2026,L,34,16,6,15,40.0,1,6,16.7,3,5,60.0,0,2,2,4,2,0,3,2,+1
Aaliyah Edwards,CON,CON vs. PHX,08/07/2026,2026,W,24,14,5,7,71.4,0,0,0.0,4,5,80.0,1,7,8,0,0,0,0,2,+8
Monique Akoa Makani,LA,LA @ CHI,08/06/2026,2026,L,16,3,1,5,20.0,0,2,0.0,1,2,50.0,1,0,1,2,0,0,2,3,-8
Natasha Cloud,CHI,CHI vs. LA,08/06/2026,2026,W,32,15,6,10,60.0,2,5,40.0,1,1,100.0,0,5,5,9,2,1,1,0,+9
Courtney Vandersloot,CHI,CHI vs. LA,08/06/2026,2026,W,28,9,3,7,42.9,2,4,50.0,1,2,50.0,0,4,4,5,0,2,5,4,-10
Kamilla Cardoso,CHI,CHI vs. LA,08/06/2026,2026,W,29,15,4,9,44.4,0,0,0.0,7,9,77.8,2,5,7,3,0,2,3,5,+1
Nneka Ogwumike,LA,LA @ CHI,08/06/2026,2026,L,30,10,5,13,38.5,0,1,0.0,0,0,0.0,0,7,7,3,3,0,1,3,-1
Rae Burrell,LA,LA @ CHI,08/06/2026,2026,L,31,13,4,8,50.0,2,4,50.0,3,3,100.0,1,1,2,5,0,1,3,0,-10
Erica Wheeler,LA,LA @ CHI,08/06/2026,2026,L,24,14,6,9,66.7,2,3,66.7,0,0,0.0,0,2,2,5,0,0,2,3,+3
Dearica Hamby,LA,LA @ CHI,08/06/2026,2026,L,34,22,8,12,66.7,1,2,50.0,5,8,62.5,4,10,14,4,1,1,1,1,-6
Elizabeth Williams,CHI,CHI vs. LA,08/06/2026,2026,W,27,14,7,11,63.6,0,0,0.0,0,0,0.0,1,1,2,2,1,0,1,1,+12
Jacy Sheldon,CHI,CHI vs. LA,08/06/2026,2026,W,29,15,5,10,50.0,3,5,60.0,2,2,100.0,0,0,0,3,1,0,0,2,-1
Jewell Loyd,LV,LV @ IND,08/06/2026,2026,W,31,9,4,9,44.4,0,4,0.0,1,2,50.0,3,2,5,2,2,0,2,1,+10
NaLyssa Smith,LV,LV @ IND,08/06/2026,2026,W,37,14,7,11,63.6,0,0,0.0,0,1,0.0,5,4,9,1,0,1,3,4,+1
A'ja Wilson,LV,LV @ IND,08/06/2026,2026,W,37,26,10,25,40.0,0,2,0.0,6,6,100.0,1,12,13,3,1,2,3,3,+7
Sophie Cunningham,IND,IND vs. LV,08/06/2026,2026,L,28,2,0,2,0.0,0,1,0.0,2,2,100.0,0,3,3,0,0,0,0,0,0
Makayla Timpson,IND,IND vs. LV,08/06/2026,2026,L,32,4,2,6,33.3,0,0,0.0,0,0,0.0,2,9,11,0,1,1,3,0,+3
Caitlin Clark,IND,IND vs. LV,08/06/2026,2026,L,38,20,7,20,35.0,2,10,20.0,4,6,66.7,1,2,3,8,1,0,8,4,0
Kelsey Mitchell,IND,IND vs. LV,08/06/2026,2026,L,39,28,10,18,55.6,2,4,50.0,6,8,75.0,0,0,0,4,2,0,2,3,-8
Aliyah Boston,IND,IND vs. LV,08/06/2026,2026,L,38,21,9,15,60.0,3,5,60.0,0,0,0.0,1,11,12,2,3,2,4,5,-9
Jackie Young,LV,LV @ IND,08/06/2026,2026,W,35,22,8,21,38.1,2,8,25.0,4,5,80.0,1,3,4,9,1,0,3,5,+9
Chelsea Gray,LV,LV @ IND,08/06/2026,2026,W,40,11,4,10,40.0,3,5,60.0,0,0,0.0,0,2,2,7,4,0,5,5,+6
Natisha Hiedeman,SEA,SEA @ NY,08/05/2026,2026,L,29,2,1,7,14.3,0,2,0.0,0,0,0.0,1,1,2,6,0,0,4,2,-14
Marina Mabrey,TOR,TOR @ GS,08/05/2026,2026,L,35,12,4,11,36.4,0,4,0.0,4,4,100.0,0,5,5,6,0,0,3,4,-9
Laura Juskaite,TOR,TOR @ GS,08/05/2026,2026,L,25,11,3,7,42.9,1,3,33.3,4,4,100.0,0,3,3,1,2,0,2,1,+5
Jade Melbourne,SEA,SEA @ NY,08/05/2026,2026,L,30,13,5,11,45.5,0,2,0.0,3,3,100.0,0,1,1,7,1,1,2,3,+9
Awa Fam,SEA,SEA @ NY,08/05/2026,2026,L,23,13,5,11,45.5,3,6,50.0,0,0,0.0,2,3,5,3,0,0,1,2,+5
Breanna Stewart,NY,NY vs. SEA,08/05/2026,2026,W,33,28,12,22,54.5,1,4,25.0,3,4,75.0,0,8,8,2,0,1,1,2,+1
Jonquel Jones,NY,NY vs. SEA,08/05/2026,2026,W,30,14,5,12,41.7,1,6,16.7,3,3,100.0,4,11,15,7,0,2,2,1,+18
Rebecca Allen,NY,NY vs. SEA,08/05/2026,2026,W,19,12,4,6,66.7,2,2,100.0,2,2,100.0,0,1,1,0,2,0,1,1,+7
Sabrina Ionescu,NY,NY vs. SEA,08/05/2026,2026,W,31,15,4,14,28.6,1,6,16.7,6,6,100.0,2,3,5,6,2,0,0,2,+5
Pauline Astier,NY,NY vs. SEA,08/05/2026,2026,W,28,11,4,4,100.0,0,0,0.0,3,3,100.0,1,2,3,5,1,0,2,2,+20
Maria Conde,TOR,TOR @ GS,08/05/2026,2026,L,30,17,6,12,50.0,5,10,50.0,0,0,0.0,1,5,6,4,0,1,3,1,-11
Flau'jae Johnson,SEA,SEA @ NY,08/05/2026,2026,L,27,11,5,12,41.7,1,3,33.3,0,0,0.0,2,2,4,3,2,0,1,3,-8
Noemie Brochant,PHX,PHX @ ATL,08/05/2026,2026,L,28,7,3,6,50.0,1,2,50.0,0,0,0.0,0,1,1,3,0,0,1,2,-11
Dominique Malonga,SEA,SEA @ NY,08/05/2026,2026,L,30,31,14,20,70.0,2,4,50.0,1,2,50.0,3,7,10,3,2,1,1,2,-8
Aaliyah Nye,ATL,ATL vs. PHX,08/05/2026,2026,W,1,0,0,0,0.0,0,0,0.0,0,0,0.0,0,0,0,0,0,0,0,0,-2
Jaylyn Sherrod,ATL,ATL vs. PHX,08/05/2026,2026,W,10,3,1,2,50.0,1,1,100.0,0,0,0.0,0,2,2,1,0,1,0,0,+4
Shatori Walker-Kimbrough,ATL,ATL vs. PHX,08/05/2026,2026,W,1,0,0,0,0.0,0,0,0.0,0,0,0.0,0,0,0,0,0,0,0,0,-2
Madina Okot,ATL,ATL vs. PHX,08/05/2026,2026,W,1,0,0,0,0.0,0,0,0.0,0,0,0.0,0,0,0,0,0,0,0,1,-2
Sika Kone,ATL,ATL vs. PHX,08/05/2026,2026,W,1,0,0,0,0.0,0,0,0.0,0,0,0.0,0,0,0,0,0,0,0,0,-2
Lexi Held,PHX,PHX @ ATL,08/05/2026,2026,L,1,0,0,1,0.0,0,0,0.0,0,0,0.0,0,0,0,0,0,0,0,0,0
Kahleah Copper,PHX,PHX @ ATL,08/05/2026,2026,L,36,14,5,16,31.2,1,6,16.7,3,4,75.0,0,2,2,5,0,0,3,4,-9
Teonni Key,TOR,TOR @ GS,08/05/2026,2026,L,0,0,0,0,0.0,0,0,0.0,0,0,0.0,0,0,0,0,0,0,0,0,0
Alyssa Thomas,PHX,PHX @ ATL,08/05/2026,2026,L,38,17,7,12,58.3,0,0,0.0,3,4,75.0,0,5,5,7,1,1,4,1,-8
DeWanna Bonner,PHX,PHX @ ATL,08/05/2026,2026,L,31,11,1,7,14.3,1,6,16.7,8,8,100.0,3,8,11,1,1,1,0,2,-9
Julie Allemand,TOR,TOR @ GS,08/05/2026,2026,L,31,7,3,5,60.0,1,2,50.0,0,0,0.0,0,1,1,8,4,0,0,3,+3
Kayla Thornton,GS,GS vs. TOR,08/05/2026,2026,W,28,20,6,10,60.0,4,7,57.1,4,4,100.0,0,2,2,1,0,0,0,1,+10
Shakira Austin,WSH,WSH vs. DAL,08/05/2026,2026,W,36,27,9,15,60.0,1,2,50.0,8,9,88.9,2,11,13,2,0,1,2,2,+7
Cotie McMahon,WSH,WSH vs. DAL,08/05/2026,2026,W,27,18,6,10,60.0,0,2,0.0,6,8,75.0,0,3,3,3,1,1,0,3,+13
Cassandre Prosper,WSH,WSH vs. DAL,08/05/2026,2026,W,6,0,0,4,0.0,0,2,0.0,0,0,0.0,1,0,1,0,0,0,0,2,-8
Kiki Iriafen,WSH,WSH vs. DAL,08/05/2026,2026,W,25,11,4,7,57.1,0,0,0.0,3,3,100.0,2,4,6,3,1,0,3,4,+6
Azzi Fudd,DAL,DAL @ WSH,08/05/2026,2026,L,34,9,2,8,25.0,1,4,25.0,4,4,100.0,0,1,1,3,3,0,3,5,-10
Paige Bueckers,DAL,DAL @ WSH,08/05/2026,2026,L,37,17,6,15,40.0,3,6,50.0,2,2,100.0,0,5,5,4,0,2,0,4,-6
Arike Ogunbowale,DAL,DAL @ WSH,08/05/2026,2026,L,33,15,4,10,40.0,2,4,50.0,5,6,83.3,1,2,3,5,0,0,2,4,+4
Alanna Smith,DAL,DAL @ WSH,08/05/2026,2026,L,32,21,9,17,52.9,2,7,28.6,1,5,20.0,3,8,11,1,2,3,3,5,+11
Jessica Shepard,DAL,DAL @ WSH,08/05/2026,2026,L,37,22,11,13,84.6,0,0,0.0,0,1,0.0,3,8,11,7,1,0,1,2,-6
Sonia Citron,WSH,WSH vs. DAL,08/05/2026,2026,W,37,12,4,11,36.4,1,6,16.7,3,4,75.0,0,2,2,3,2,0,1,3,-5
Gabby Williams,GS,GS vs. TOR,08/05/2026,2026,W,20,10,4,9,44.4,0,2,0.0,2,3,66.7,1,6,7,0,1,0,0,1,0
Tiffany Hayes,GS,GS vs. TOR,08/05/2026,2026,W,24,12,4,11,36.4,0,3,0.0,4,6,66.7,3,1,4,4,4,0,2,2,+14
Veronica Burton,GS,GS vs. TOR,08/05/2026,2026,W,33,12,2,9,22.2,1,6,16.7,7,9,77.8,4,4,8,7,1,0,0,3,+15
Kiah Stokes,GS,GS vs. TOR,08/05/2026,2026,W,27,7,3,5,60.0,1,2,50.0,0,0,0.0,3,4,7,1,0,2,2,1,+5
Kamilla Cardoso,CHI,CHI vs. PHX,08/04/2026,2026,L,28,16,8,15,53.3,0,0,0.0,0,0,0.0,5,8,13,5,0,1,0,4,-16
Kelsey Plum,PHX,PHX @ CHI,08/04/2026,2026,W,21,20,6,10,60.0,3,5,60.0,5,5,100.0,0,1,1,4,0,0,3,2,+12
Natasha Cloud,CHI,CHI vs. PHX,08/04/2026,2026,L,31,13,4,8,50.0,1,5,20.0,4,4,100.0,1,4,5,7,1,0,1,2,-14
DiJonai Carrington,CHI,CHI vs. PHX,08/04/2026,2026,L,20,16,4,10,40.0,1,4,25.0,7,12,58.3,0,1,1,0,0,0,0,4,-7
Gabriela Jaquez,CHI,CHI vs. PHX,08/04/2026,2026,L,26,9,4,6,66.7,1,2,50.0,0,1,0.0,0,1,1,1,0,0,1,3,-6
Valeriane Ayayi,PHX,PHX @ CHI,08/04/2026,2026,W,22,11,4,6,66.7,2,4,50.0,1,1,100.0,1,1,2,1,1,0,0,0,+11
Alyssa Thomas,PHX,PHX @ CHI,08/04/2026,2026,W,38,19,5,9,55.6,0,0,0.0,9,9,100.0,2,13,15,12,0,1,6,5,+3
DeWanna Bonner,PHX,PHX @ CHI,08/04/2026,2026,W,31,14,3,8,37.5,2,6,33.3,6,9,66.7,2,6,8,4,3,2,1,1,+11
Courtney Vandersloot,CHI,CHI vs. PHX,08/04/2026,2026,L,27,16,6,13,46.2,4,6,66.7,0,0,0.0,1,4,5,10,2,0,3,1,+9
Kahleah Copper,PHX,PHX @ CHI,08/04/2026,2026,W,34,31,10,19,52.6,4,8,50.0,7,12,58.3,1,3,4,1,1,0,1,4,+11
Kaitlyn Chen,GS,GS vs. TOR,08/03/2026,2026,W,20,2,1,5,20.0,0,2,0.0,0,0,0.0,0,1,1,4,0,0,1,2,+12
Flau'jae Johnson,SEA,SEA @ NY,08/03/2026,2026,L,30,25,8,15,53.3,2,6,33.3,7,9,77.8,0,3,3,3,3,0,1,2,-9
Jaylyn Sherrod,ATL,ATL vs. LV,08/03/2026,2026,L,8,7,2,4,50.0,0,0,0.0,3,3,100.0,0,0,0,1,1,0,0,1,-6
Shatori Walker-Kimbrough,ATL,ATL vs. LV,08/03/2026,2026,L,6,6,2,4,50.0,0,0,0.0,2,2,100.0,0,1,1,2,1,0,0,0,-3
Madina Okot,ATL,ATL vs. LV,08/03/2026,2026,L,7,0,0,1,0.0,0,0,0.0,0,0,0.0,1,2,3,0,0,0,1,1,-11
Sika Kone,ATL,ATL vs. LV,08/03/2026,2026,L,3,0,0,0,0.0,0,0,0.0,0,0,0.0,0,1,1,0,0,0,0,0,-2
Mai Yamamoto,LV,LV @ ATL,08/03/2026,2026,W,2,3,1,2,50.0,1,2,50.0,0,0,0.0,0,0,0,1,0,0,0,0,+4
Justine Pissott,LV,LV @ ATL,08/03/2026,2026,W,3,3,1,2,50.0,1,2,50.0,0,0,0.0,0,0,0,0,0,0,0,0,+2
Ta'Niya Latson,LV,LV @ ATL,08/03/2026,2026,W,2,2,0,0,0.0,0,0,0.0,2,2,100.0,0,0,0,0,0,0,0,0,+4
Jade Melbourne,SEA,SEA @ NY,08/03/2026,2026,L,24,5,2,4,50.0,1,1,100.0,0,0,0.0,1,0,1,4,0,0,0,1,-10
Kierstan Bell,LV,LV @ ATL,08/03/2026,2026,W,13,1,0,0,0.0,0,0,0.0,1,2,50.0,1,1,2,0,0,1,0,1,+10
Awa Fam,SEA,SEA @ NY,08/03/2026,2026,L,20,4,1,8,12.5,1,4,25.0,1,2,50.0,5,4,9,1,0,0,2,4,+6
Breanna Stewart,NY,NY vs. SEA,08/03/2026,2026,W,31,24,8,16,50.0,0,4,0.0,8,9,88.9,1,7,8,6,0,2,0,3,+22
Jonquel Jones,NY,NY vs. SEA,08/03/2026,2026,W,30,20,7,16,43.8,4,10,40.0,2,3,66.7,2,5,7,2,0,1,2,1,-2
Rebecca Allen,NY,NY vs. SEA,08/03/2026,2026,W,26,0,0,4,0.0,0,3,0.0,0,0,0.0,2,3,5,1,1,2,0,2,+10
Sabrina Ionescu,NY,NY vs. SEA,08/03/2026,2026,W,29,18,7,10,70.0,4,6,66.7,0,0,0.0,0,2,2,5,0,0,5,4,+4
Pauline Astier,NY,NY vs. SEA,08/03/2026,2026,W,23,12,4,5,80.0,1,1,100.0,3,3,100.0,0,0,0,2,0,0,1,2,+10
Brianna Turner,LV,LV @ ATL,08/03/2026,2026,W,16,4,2,3,66.7,0,0,0.0,0,0,0.0,1,2,3,0,0,1,1,3,-5
Aaliyah Nye,ATL,ATL vs. LV,08/03/2026,2026,L,2,2,1,1,100.0,0,0,0.0,0,0,0.0,0,0,0,0,0,0,0,0,-4
Dominique Malonga,SEA,SEA @ NY,08/03/2026,2026,L,28,17,6,11,54.5,1,3,33.3,4,4,100.0,0,6,6,1,0,1,3,4,-5
Kaila Charles,GS,GS vs. TOR,08/03/2026,2026,W,17,5,1,4,25.0,1,1,100.0,2,2,100.0,0,1,1,2,0,0,1,2,-2
Teonni Key,TOR,TOR @ GS,08/03/2026,2026,L,1,0,0,1,0.0,0,0,0.0,0,0,0.0,1,0,1,0,0,0,1,0,-2
Janelle Salaun,GS,GS vs. TOR,08/03/2026,2026,W,30,24,9,15,60.0,4,9,44.4,2,2,100.0,0,3,3,2,1,0,1,4,+17
Laura Juskaite,TOR,TOR @ GS,08/03/2026,2026,L,35,15,5,7,71.4,1,3,33.3,4,6,66.7,2,2,4,2,0,0,1,3,-21
Isabelle Harrison,TOR,TOR @ GS,08/03/2026,2026,L,17,4,2,9,22.2,0,4,0.0,0,0,0.0,1,1,2,1,0,0,1,1,-21
Natisha Hiedeman,SEA,SEA @ NY,08/03/2026,2026,L,33,17,6,13,46.2,3,7,42.9,2,2,100.0,0,1,1,7,2,0,0,2,-9
Temi Fagbenle,TOR,TOR @ GS,08/03/2026,2026,L,11,0,0,2,0.0,0,1,0.0,0,0,0.0,1,5,6,0,0,0,1,2,-5
Kia Nurse,TOR,TOR @ GS,08/03/2026,2026,L,17,4,1,4,25.0,0,3,0.0,2,2,100.0,0,0,0,2,0,0,0,1,-19
Kiah Stokes,GS,GS vs. TOR,08/03/2026,2026,W,32,8,4,6,66.7,0,2,0.0,0,0,0.0,3,8,11,1,1,5,0,4,+30
Veronica Burton,GS,GS vs. TOR,08/03/2026,2026,W,29,17,6,10,60.0,3,4,75.0,2,3,66.7,1,1,2,6,2,0,1,3,+15
Charlisse Leger-Walker,CON,CON @ DAL,08/02/2026,2026,L,25,0,0,3,0.0,0,2,0.0,0,0,0.0,0,0,0,2,0,0,2,2,-9
Nell Angloma,CON,CON @ DAL,08/02/2026,2026,L,10,5,2,5,40.0,1,1,100.0,0,0,0.0,0,1,1,0,1,0,0,0,0
Gianna Kneepkens,CON,CON @ DAL,08/02/2026,2026,L,7,4,1,3,33.3,1,2,50.0,1,1,100.0,1,0,1,0,0,0,0,1,-3
Ashlon Jackson,CON,CON @ DAL,08/02/2026,2026,L,11,0,0,2,0.0,0,1,0.0,0,0,0.0,0,0,0,1,0,0,0,0,+3
Alysha Clark,DAL,DAL vs. CON,08/02/2026,2026,W,17,1,0,1,0.0,0,1,0.0,1,2,50.0,0,3,3,1,1,0,1,3,+8
Maddy Siegrist,DAL,DAL vs. CON,08/02/2026,2026,W,17,4,2,4,50.0,0,2,0.0,0,0,0.0,0,2,2,2,0,0,2,2,-3
Li Yueru,DAL,DAL vs. CON,08/02/2026,2026,W,9,6,2,4,50.0,1,2,50.0,1,2,50.0,1,0,1,0,2,0,1,0,-6
Odyssey Sims,DAL,DAL vs. CON,08/02/2026,2026,W,20,9,2,5,40.0,0,1,0.0,5,5,100.0,0,2,2,2,2,0,1,1,+14
Sug Sutton,DAL,DAL vs. CON,08/02/2026,2026,W,7,0,0,0,0.0,0,0,0.0,0,0,0.0,1,3,4,2,0,0,1,0,-7
Raegan Beers,CON,CON @ DAL,08/02/2026,2026,L,14,2,1,4,25.0,0,0,0.0,0,0,0.0,1,2,3,3,0,0,0,2,-3
Megan DiLeo,POR,POR vs. LA,08/02/2026,2026,L,29,19,7,15,46.7,2,7,28.6,3,3,100.0,3,5,8,3,0,1,1,2,+3
Nneka Ogwumike,LA,LA @ POR,08/02/2026,2026,W,30,22,8,18,44.4,3,7,42.9,3,4,75.0,2,8,10,2,1,0,2,1,+8
Kelsey Mitchell,IND,IND @ MIN,08/02/2026,2026,L,35,37,14,21,66.7,6,8,75.0,3,4,75.0,0,1,1,3,1,0,1,1,-6
Dearica Hamby,LA,LA @ POR,08/02/2026,2026,W,29,23,11,15,73.3,0,0,0.0,1,2,50.0,4,6,10,4,1,2,2,4,-3
Olivia Miles,MIN,MIN vs. IND,08/02/2026,2026,W,32,28,11,14,78.6,3,6,50.0,3,3,100.0,0,4,4,6,0,1,3,5,-1
Courtney Williams,MIN,MIN vs. IND,08/02/2026,2026,W,34,27,12,20,60.0,2,4,50.0,1,2,50.0,1,3,4,5,0,0,0,2,+18
Kayla McBride,MIN,MIN vs. IND,08/02/2026,2026,W,29,10,4,10,40.0,2,6,33.3,0,0,0.0,1,2,3,1,0,0,1,1,+6
Natasha Howard,MIN,MIN vs. IND,08/02/2026,2026,W,23,13,6,9,66.7,0,0,0.0,1,2,50.0,3,1,4,5,2,0,1,4,+16
Sophie Cunningham,IND,IND @ MIN,08/02/2026,2026,L,23,3,1,2,50.0,1,1,100.0,0,0,0.0,0,1,1,2,0,0,0,1,+1
Makayla Timpson,IND,IND @ MIN,08/02/2026,2026,L,21,7,3,4,75.0,0,0,0.0,1,3,33.3,1,4,5,0,1,2,0,3,+6
Caitlin Clark,IND,IND @ MIN,08/02/2026,2026,L,34,19,8,18,44.4,2,9,22.2,1,1,100.0,0,1,1,10,1,0,4,1,-7
Napheesa Collier,MIN,MIN vs. IND,08/02/2026,2026,W,31,18,6,13,46.2,3,5,60.0,3,4,75.0,1,7,8,7,1,1,0,1,+16
Aliyah Boston,IND,IND @ MIN,08/02/2026,2026,L,33,15,7,14,50.0,1,4,25.0,0,0,0.0,1,7,8,7,0,0,3,5,-8
Carla Leite,POR,POR vs. LA,08/02/2026,2026,L,27,21,7,15,46.7,2,2,100.0,5,5,100.0,0,1,1,8,1,0,4,3,+2
Emily Engstler,POR,POR vs. LA,08/02/2026,2026,L,22,7,3,11,27.3,1,6,16.7,0,0,0.0,2,1,3,2,2,0,1,4,-6
Bridget Carleton,POR,POR vs. LA,08/02/2026,2026,L,30,24,8,15,53.3,7,13,53.8,1,2,50.0,3,8,11,1,2,1,3,1,+5
Rae Burrell,LA,LA @ POR,08/02/2026,2026,W,30,12,3,8,37.5,2,3,66.7,4,4,100.0,0,2,2,4,1,0,2,1,-2
Ariel Atkins,LA,LA @ POR,08/02/2026,2026,W,31,12,4,9,44.4,4,7,57.1,0,0,0.0,1,2,3,6,1,1,1,1,+9
Erica Wheeler,LA,LA @ POR,08/02/2026,2026,W,28,12,3,6,50.0,2,3,66.7,4,4,100.0,0,0,0,8,3,0,2,3,+11
Karlie Samuelson,POR,POR vs. LA,08/02/2026,2026,L,19,2,1,3,33.3,0,1,0.0,0,0,0.0,0,2,2,1,0,0,0,3,-6
Elizabeth Williams,CHI,CHI vs. LV,08/01/2026,2026,W,21,7,3,7,42.9,0,0,0.0,1,2,50.0,2,1,3,1,1,0,2,1,+3
Nyadiew Puoch,POR,POR vs. IND,08/01/2026,2026,L,18,10,5,8,62.5,0,1,0.0,0,0,0.0,1,1,2,0,0,0,2,5,-8
Megan DiLeo,POR,POR vs. IND,08/01/2026,2026,L,25,5,2,8,25.0,1,3,33.3,0,0,0.0,0,2,2,0,1,2,0,2,-13
Carla Leite,POR,POR vs. IND,08/01/2026,2026,L,31,20,6,9,66.7,0,0,0.0,8,9,88.9,1,1,2,12,0,0,7,4,-8
Karlie Samuelson,POR,POR vs. IND,08/01/2026,2026,L,19,13,3,8,37.5,3,8,37.5,4,4,100.0,2,2,4,2,1,0,0,4,-2
DiJonai Carrington,CHI,CHI vs. LV,08/01/2026,2026,W,19,10,3,6,50.0,0,0,0.0,4,6,66.7,0,2,2,0,0,0,0,0,-9
Kamilla Cardoso,CHI,CHI vs. LV,08/01/2026,2026,W,26,8,4,11,36.4,0,0,0.0,0,1,0.0,4,8,12,2,1,1,3,4,+7
Sydney Taylor,CHI,CHI vs. LV,08/01/2026,2026,W,30,29,11,27,40.7,5,11,45.5,2,4,50.0,0,2,2,2,1,1,2,4,+10
Natasha Cloud,CHI,CHI vs. LV,08/01/2026,2026,W,30,11,4,7,57.1,2,3,66.7,1,1,100.0,0,1,1,4,1,0,2,5,+13
Jewell Loyd,LV,LV @ CHI,08/01/2026,2026,L,25,3,1,5,20.0,1,4,25.0,0,0,0.0,0,2,2,1,1,0,2,3,+9
Brianna Turner,LV,LV @ CHI,08/01/2026,2026,L,13,2,1,1,100.0,0,0,0.0,0,0,0.0,0,2,2,0,0,1,0,1,-3
Raven Johnson,IND,IND @ POR,08/01/2026,2026,W,1,0,0,0,0.0,0,0,0.0,0,0,0.0,0,0,0,0,0,0,0,0,0
Jackie Young,LV,LV @ CHI,08/01/2026,2026,L,33,18,7,14,50.0,3,7,42.9,1,1,100.0,1,10,11,5,1,1,6,2,+2
Emily Engstler,POR,POR vs. IND,08/01/2026,2026,L,28,10,4,7,57.1,2,5,40.0,0,0,0.0,0,2,2,5,3,1,2,2,-15
DeWanna Bonner,PHX,PHX vs. NY,08/01/2026,2026,L,32,25,9,17,52.9,2,6,33.3,5,6,83.3,0,7,7,3,2,1,0,3,+2
Tyasha Harris,IND,IND @ POR,08/01/2026,2026,W,10,0,0,2,0.0,0,2,0.0,0,0,0.0,0,1,1,2,0,0,0,2,-5
Grace VanSlooten,IND,IND @ POR,08/01/2026,2026,W,0,0,0,0,0.0,0,0,0.0,0,0,0.0,0,0,0,0,0,0,0,0,-2
Makayla Timpson,IND,IND @ POR,08/01/2026,2026,W,20,15,7,8,87.5,0,0,0.0,1,1,100.0,2,1,3,0,2,0,1,2,+6
Breanna Stewart,NY,NY @ PHX,08/01/2026,2026,W,34,14,4,10,40.0,0,1,0.0,6,6,100.0,2,9,11,2,0,2,2,1,-14
Jonquel Jones,NY,NY @ PHX,08/01/2026,2026,W,28,16,6,10,60.0,0,4,0.0,4,4,100.0,1,8,9,5,1,1,3,4,+10
Rebecca Allen,NY,NY @ PHX,08/01/2026,2026,W,21,5,2,5,40.0,1,1,100.0,0,0,0.0,1,1,2,1,0,0,0,3,-2
Sabrina Ionescu,NY,NY @ PHX,08/01/2026,2026,W,35,27,9,19,47.4,4,10,40.0,5,5,100.0,2,5,7,10,1,0,3,3,+6
Pauline Astier,NY,NY @ PHX,08/01/2026,2026,W,21,6,3,7,42.9,0,0,0.0,0,0,0.0,0,0,0,2,0,0,2,3,+5
A'ja Wilson,LV,LV @ CHI,08/01/2026,2026,L,34,36,13,27,48.1,1,1,100.0,9,12,75.0,5,7,12,4,1,2,2,2,+1
Alyssa Thomas,PHX,PHX vs. NY,08/01/2026,2026,L,36,17,7,12,58.3,0,0,0.0,3,4,75.0,0,6,6,7,2,0,4,4,+5
Noemie Brochant,PHX,PHX vs. NY,08/01/2026,2026,L,26,5,2,4,50.0,1,2,50.0,0,0,0.0,0,0,0,1,1,0,1,2,+5
Kahleah Copper,PHX,PHX vs. NY,08/01/2026,2026,L,37,25,8,15,53.3,2,7,28.6,7,9,77.8,0,2,2,0,1,0,1,3,+12
Monique Akoa Makani,PHX,PHX vs. NY,08/01/2026,2026,L,16,4,2,4,50.0,0,0,0.0,0,0,0.0,0,3,3,3,1,0,2,2,-5
Lexie Hull,IND,IND @ POR,08/01/2026,2026,W,14,3,1,3,33.3,1,3,33.3,0,0,0.0,0,0,0,0,1,0,0,5,-5
Chelsea Gray,LV,LV @ CHI,08/01/2026,2026,L,34,5,2,8,25.0,0,5,0.0,1,2,50.0,0,1,1,9,0,1,3,3,-8
Aneesah Morrow,CON,CON @ CHI,07/31/2026,2026,L,31,21,8,12,66.7,1,3,33.3,4,6,66.7,1,6,7,2,1,1,2,3,+2
Pauline Astier,NY,NY @ LV,07/31/2026,2026,L,21,19,8,12,66.7,1,3,33.3,2,2,100.0,0,1,1,4,2,0,2,2,-1
Rebekah Gardner,NY,NY @ LV,07/31/2026,2026,L,15,6,2,4,50.0,0,0,0.0,2,2,100.0,2,3,5,3,2,0,2,2,-4
Stephanie Talbot,LV,LV vs. NY,07/31/2026,2026,W,11,6,2,3,66.7,2,3,66.7,0,0,0.0,0,1,1,2,0,1,0,0,+1
A'ja Wilson,LV,LV vs. NY,07/31/2026,2026,W,36,33,11,22,50.0,1,4,25.0,10,11,90.9,1,9,10,6,1,2,2,1,+8
Jackie Young,LV,LV vs. NY,07/31/2026,2026,W,36,29,7,11,63.6,3,5,60.0,12,12,100.0,0,2,2,9,2,0,2,1,+8
Brianna Turner,LV,LV vs. NY,07/31/2026,2026,W,21,4,2,3,66.7,0,0,0.0,0,0,0.0,1,2,3,1,1,1,1,4,+9
Jewell Loyd,LV,LV vs. NY,07/31/2026,2026,W,27,6,2,8,25.0,2,7,28.6,0,0,0.0,1,1,2,0,1,0,0,2,+8
Diamond Miller,CON,CON @ CHI,07/31/2026,2026,L,28,14,5,13,38.5,1,6,16.7,3,3,100.0,0,3,3,3,1,0,2,5,-9
Jonquel Jones,NY,NY @ LV,07/31/2026,2026,L,28,8,2,11,18.2,0,4,0.0,4,4,100.0,4,3,7,5,0,0,1,5,-10
Charlisse Leger-Walker,CON,CON @ CHI,07/31/2026,2026,L,30,10,4,11,36.4,2,5,40.0,0,0,0.0,0,1,1,2,0,0,3,1,-8
Sabrina Ionescu,NY,NY @ LV,07/31/2026,2026,L,29,15,4,7,57.1,1,4,25.0,6,7,85.7,1,3,4,5,0,0,3,2,-12
Kia Nurse,TOR,TOR vs. MIN,07/31/2026,2026,L,19,3,1,6,16.7,1,4,25.0,0,0,0.0,0,3,3,2,0,0,0,0,-14
Breanna Stewart,NY,NY @ LV,07/31/2026,2026,L,37,26,10,20,50.0,1,1,100.0,5,8,62.5,1,10,11,1,3,1,2,2,-2
Tima Pouye,TOR,TOR vs. MIN,07/31/2026,2026,L,5,7,3,3,100.0,1,1,100.0,0,1,0.0,1,0,1,0,1,0,2,0,-2
Kiki Rice,TOR,TOR vs. MIN,07/31/2026,2026,L,23,6,2,9,22.2,2,5,40.0,0,0,0.0,1,3,4,2,0,1,4,3,-29
Teonni Key,TOR,TOR vs. MIN,07/31/2026,2026,L,12,0,0,2,0.0,0,1,0.0,0,0,0.0,1,0,1,0,0,0,1,0,-10
Maria Conde,TOR,TOR vs. MIN,07/31/2026,2026,L,28,5,2,6,33.3,1,4,25.0,0,0,0.0,0,2,2,2,1,0,1,1,-13
Dorka Juhasz,MIN,MIN @ TOR,07/31/2026,2026,W,22,12,4,8,50.0,4,7,57.1,0,0,0.0,1,4,5,2,1,1,1,1,+13
Eliska Joklova,MIN,MIN @ TOR,07/31/2026,2026,W,14,5,2,4,50.0,0,0,0.0,1,1,100.0,2,3,5,4,1,0,0,2,+10
Maya Caldwell,MIN,MIN @ TOR,07/31/2026,2026,W,18,4,2,5,40.0,0,2,0.0,0,0,0.0,1,4,5,1,4,0,3,1,+15
Anastasiia Olairi Kosu,MIN,MIN @ TOR,07/31/2026,2026,W,7,3,1,2,50.0,1,1,100.0,0,0,0.0,0,0,0,0,0,0,1,1,+4
Antonia Delaere,MIN,MIN @ TOR,07/31/2026,2026,W,16,7,3,5,60.0,1,2,50.0,0,0,0.0,0,2,2,3,0,0,1,2,+7
Kennedy Burke,CON,CON @ CHI,07/31/2026,2026,L,21,7,2,6,33.3,1,5,20.0,2,4,50.0,0,0,0,2,0,1,0,0,0
Leila Lacan,CON,CON @ CHI,07/31/2026,2026,L,29,12,4,7,57.1,1,2,50.0,3,4,75.0,2,3,5,6,2,0,2,3,-6
Naz Hillmon,ATL,ATL vs. SEA,07/31/2026,2026,W,25,18,6,9,66.7,2,5,40.0,4,5,80.0,0,2,2,3,1,1,2,3,+6
Kamilla Cardoso,CHI,CHI vs. CON,07/31/2026,2026,W,21,26,8,12,66.7,0,0,0.0,10,11,90.9,3,3,6,1,1,0,0,5,+14
Dominique Malonga,SEA,SEA @ ATL,07/31/2026,2026,L,25,16,8,10,80.0,0,0,0.0,0,0,0.0,2,11,13,1,1,1,2,4,0
Natisha Hiedeman,SEA,SEA @ ATL,07/31/2026,2026,L,34,23,9,19,47.4,0,6,0.0,5,7,71.4,1,4,5,5,2,1,1,1,0
Jade Melbourne,SEA,SEA @ ATL,07/31/2026,2026,L,25,9,2,7,28.6,1,4,25.0,4,4,100.0,1,0,1,6,3,0,3,4,-6
Katie Lou Samuelson,SEA,SEA @ ATL,07/31/2026,2026,L,16,8,2,4,50.0,2,4,50.0,2,2,100.0,0,0,0,0,0,0,1,1,-4
Angel Reese,ATL,ATL vs. SEA,07/31/2026,2026,W,38,21,5,12,41.7,2,5,40.0,9,12,75.0,6,7,13,2,2,0,3,4,+14
Allisha Gray,ATL,ATL vs. SEA,07/31/2026,2026,W,31,16,5,13,38.5,1,4,25.0,5,6,83.3,2,1,3,2,2,2,4,3,+9
Jordin Canada,ATL,ATL vs. SEA,07/31/2026,2026,W,31,10,1,5,20.0,0,1,0.0,8,8,100.0,0,4,4,9,3,1,6,3,+3
Rhyne Howard,ATL,ATL vs. SEA,07/31/2026,2026,W,35,9,3,13,23.1,3,9,33.3,0,0,0.0,1,1,2,5,4,3,1,2,+2
Cotie McMahon,WSH,WSH vs. DAL,07/31/2026,2026,W,26,2,1,3,33.3,0,1,0.0,0,0,0.0,0,6,6,2,0,0,2,3,+9
Sonia Citron,WSH,WSH vs. DAL,07/31/2026,2026,W,36,16,3,18,16.7,0,5,0.0,10,10,100.0,3,2,5,5,0,3,0,1,+8
Shakira Austin,WSH,WSH vs. DAL,07/31/2026,2026,W,35,28,10,18,55.6,1,2,50.0,7,9,77.8,3,7,10,4,1,0,2,1,+10
Kiki Iriafen,WSH,WSH vs. DAL,07/31/2026,2026,W,27,22,7,17,41.2,0,1,0.0,8,8,100.0,4,5,9,1,0,0,0,4,+4
Michaela Onyenwere,WSH,WSH vs. DAL,07/31/2026,2026,W,30,6,2,5,40.0,1,4,25.0,1,2,50.0,1,3,4,2,0,0,2,2,+13
Li Yueru,DAL,DAL @ WSH,07/31/2026,2026,L,15,0,0,2,0.0,0,1,0.0,0,0,0.0,0,3,3,2,0,0,0,4,-3
Azzi Fudd,DAL,DAL @ WSH,07/31/2026,2026,L,33,8,3,11,27.3,2,8,25.0,0,0,0.0,0,1,1,0,0,2,1,1,-12
Paige Bueckers,DAL,DAL @ WSH,07/31/2026,2026,L,34,23,9,18,50.0,2,5,40.0,3,3,100.0,1,4,5,2,0,1,0,0,-8
Arike Ogunbowale,DAL,DAL @ WSH,07/31/2026,2026,L,31,20,7,13,53.8,3,8,37.5,3,4,75.0,0,2,2,2,2,1,3,1,+3
Jessica Shepard,DAL,DAL @ WSH,07/31/2026,2026,L,33,8,3,8,37.5,0,1,0.0,2,2,100.0,0,6,6,8,1,2,0,4,-3
Natasha Cloud,CHI,CHI vs. CON,07/31/2026,2026,W,31,11,4,8,50.0,0,1,0.0,3,3,100.0,0,0,0,5,2,0,2,0,+4
Sydney Taylor,CHI,CHI vs. CON,07/31/2026,2026,W,31,14,6,12,50.0,2,7,28.6,0,0,0.0,0,2,2,6,1,1,2,1,+5
DiJonai Carrington,CHI,CHI vs. CON,07/31/2026,2026,W,17,9,2,5,40.0,2,3,66.7,3,4,75.0,0,3,3,0,0,1,1,2,+3
Courtney Vandersloot,CHI,CHI vs. CON,07/31/2026,2026,W,23,6,2,7,28.6,0,2,0.0,2,2,100.0,2,3,5,6,1,0,2,1,+9
Awa Fam,SEA,SEA @ ATL,07/31/2026,2026,L,29,8,2,4,50.0,1,3,33.3,3,4,75.0,3,6,9,1,0,1,2,3,-10
Alyssa Thomas,PHX,PHX vs. GS,07/30/2026,2026,W,38,25,10,14,71.4,0,0,0.0,5,8,62.5,3,6,9,8,0,1,4,2,+3
DeWanna Bonner,PHX,PHX vs. GS,07/30/2026,2026,W,34,17,3,8,37.5,2,2,100.0,9,12,75.0,2,8,10,3,1,3,1,2,-2
Noemie Brochant,PHX,PHX vs. GS,07/30/2026,2026,W,19,4,1,2,50.0,0,1,0.0,2,2,100.0,0,0,0,1,0,0,0,0,-16
Valeriane Ayayi,PHX,PHX vs. GS,07/30/2026,2026,W,23,10,1,2,50.0,0,1,0.0,8,10,80.0,0,7,7,1,1,0,1,3,+17
Natasha Mack,PHX,PHX vs. GS,07/30/2026,2026,W,18,8,3,4,75.0,0,1,0.0,2,2,100.0,1,2,3,1,1,1,0,3,+9
Tiffany Hayes,GS,GS @ PHX,07/30/2026,2026,L,23,11,4,12,33.3,0,5,0.0,3,5,60.0,0,3,3,5,0,0,1,4,-3
Janelle Salaun,GS,GS @ PHX,07/30/2026,2026,L,24,13,2,5,40.0,2,5,40.0,7,8,87.5,0,2,2,3,1,0,1,2,-2
Veronica Burton,GS,GS @ PHX,07/30/2026,2026,L,34,15,6,10,60.0,2,5,40.0,1,1,100.0,1,2,3,5,1,0,1,5,+5
Kiah Stokes,GS,GS @ PHX,07/30/2026,2026,L,18,2,1,2,50.0,0,0,0.0,0,0,0.0,0,4,4,0,0,1,0,2,-6
Kayla Thornton,GS,GS @ PHX,07/30/2026,2026,L,25,6,2,7,28.6,2,5,40.0,0,0,0.0,4,4,8,2,0,0,0,5,+6
Jessica Shepard,DAL,DAL vs. ATL,07/30/2026,2026,L,40,16,8,18,44.4,0,0,0.0,0,2,0.0,4,10,14,5,1,0,2,2,-1
Angel Reese,ATL,ATL @ DAL,07/30/2026,2026,W,34,22,9,18,50.0,0,2,0.0,4,6,66.7,5,7,12,4,4,1,3,5,+5
Jordin Canada,ATL,ATL @ DAL,07/30/2026,2026,W,32,3,1,6,16.7,0,2,0.0,1,2,50.0,1,5,6,8,3,0,7,5,+2
Rhyne Howard,ATL,ATL @ DAL,07/30/2026,2026,W,32,9,3,10,30.0,1,4,25.0,2,3,66.7,1,4,5,5,3,0,2,3,+9
Brionna Jones,ATL,ATL @ DAL,07/30/2026,2026,W,21,11,5,10,50.0,0,2,0.0,1,2,50.0,2,5,7,1,0,3,2,1,+12
Awak Kuier,DAL,DAL vs. ATL,07/30/2026,2026,L,16,4,2,6,33.3,0,3,0.0,0,0,0.0,0,2,2,0,1,2,1,2,0
Arike Ogunbowale,DAL,DAL vs. ATL,07/30/2026,2026,L,38,24,9,16,56.2,1,1,100.0,5,5,100.0,2,4,6,5,4,0,3,5,-1
Paige Bueckers,DAL,DAL vs. ATL,07/30/2026,2026,L,37,16,6,11,54.5,1,5,20.0,3,5,60.0,1,3,4,6,1,1,5,4,0
Azzi Fudd,DAL,DAL vs. ATL,07/30/2026,2026,L,37,20,9,13,69.2,2,2,100.0,0,0,0.0,1,2,3,2,2,0,2,1,0
Allisha Gray,ATL,ATL @ DAL,07/30/2026,2026,W,34,25,8,13,61.5,0,3,0.0,9,9,100.0,0,0,0,2,1,0,1,4,+3
Sabrina Ionescu,NY,NY @ LA,07/29/2026,2026,W,36,27,9,16,56.2,5,9,55.6,4,4,100.0,1,6,7,6,0,0,7,1,+7
Breanna Stewart,NY,NY @ LA,07/29/2026,2026,W,37,29,11,19,57.9,2,4,50.0,5,6,83.3,0,4,4,7,4,3,1,0,+9
Luisa Geiselsoder,POR,POR @ LV,07/29/2026,2026,L,3,0,0,1,0.0,0,1,0.0,0,0,0.0,0,2,2,0,0,0,1,0,+1
Frieda Buhner,POR,POR @ LV,07/29/2026,2026,L,21,16,3,5,60.0,2,3,66.7,8,8,100.0,2,3,5,2,2,0,0,3,-3
Nyadiew Puoch,POR,POR @ LV,07/29/2026,2026,L,20,3,1,3,33.3,0,1,0.0,1,2,50.0,1,2,3,0,1,0,1,1,+1
Jonquel Jones,NY,NY @ LA,07/29/2026,2026,W,24,9,4,6,66.7,1,2,50.0,0,0,0.0,1,4,5,6,1,1,4,3,-23
Rebecca Allen,NY,NY @ LA,07/29/2026,2026,W,18,3,1,5,20.0,1,4,25.0,0,0,0.0,1,1,2,1,2,1,0,2,-15
Ariel Atkins,LA,LA vs. NY,07/29/2026,2026,L,34,16,6,8,75.0,2,4,50.0,2,2,100.0,1,4,5,5,1,0,4,4,-4
Rebekah Gardner,NY,NY @ LA,07/29/2026,2026,W,23,15,5,6,83.3,2,3,66.7,3,4,75.0,0,2,2,4,0,0,1,0,+17
Nneka Ogwumike,LA,LA vs. NY,07/29/2026,2026,L,28,21,9,12,75.0,3,5,60.0,0,0,0.0,1,3,4,9,2,0,1,5,+4
Erica Wheeler,LA,LA vs. NY,07/29/2026,2026,L,27,17,6,9,66.7,4,5,80.0,1,2,50.0,0,1,1,9,0,0,1,4,+15
Rae Burrell,LA,LA vs. NY,07/29/2026,2026,L,34,24,10,17,58.8,4,8,50.0,0,0,0.0,0,3,3,3,4,0,5,1,-2
Cameron Brink,LA,LA vs. NY,07/29/2026,2026,L,19,11,5,9,55.6,1,3,33.3,0,0,0.0,0,6,6,2,0,1,3,3,-4
Stephanie Talbot,LV,LV vs. POR,07/29/2026,2026,W,15,2,1,3,33.3,0,1,0.0,0,0,0.0,0,0,0,1,2,0,0,3,-9
Holly Winterburn,POR,POR @ LV,07/29/2026,2026,L,14,0,0,4,0.0,0,1,0.0,0,0,0.0,0,0,0,3,0,0,1,1,0
Serah Williams,POR,POR @ LV,07/29/2026,2026,L,13,4,1,3,33.3,0,0,0.0,2,2,100.0,1,1,2,1,0,0,2,2,-13
Brianna Turner,LV,LV vs. POR,07/29/2026,2026,W,32,8,4,6,66.7,0,0,0.0,0,0,0.0,1,3,4,1,1,2,1,4,+11
Stefanie Dolson,SEA,SEA vs. IND,07/29/2026,2026,L,16,5,2,3,66.7,1,1,100.0,0,0,0.0,4,2,6,1,0,0,1,2,-7
Olivia Miles,MIN,MIN vs. TOR,07/29/2026,2026,W,32,24,9,17,52.9,4,5,80.0,2,2,100.0,2,4,6,8,1,0,3,2,+7
Kayla McBride,MIN,MIN vs. TOR,07/29/2026,2026,W,35,18,6,10,60.0,4,7,57.1,2,2,100.0,0,1,1,4,3,0,0,3,+9
Napheesa Collier,MIN,MIN vs. TOR,07/29/2026,2026,W,25,15,6,13,46.2,0,3,0.0,3,4,75.0,1,5,6,3,2,1,2,4,+7
Natasha Howard,MIN,MIN vs. TOR,07/29/2026,2026,W,29,13,4,7,57.1,0,0,0.0,5,6,83.3,3,3,6,4,0,1,1,3,+7
Julie Allemand,TOR,TOR @ MIN,07/29/2026,2026,L,32,10,4,5,80.0,2,3,66.7,0,0,0.0,0,0,0,7,2,1,2,0,-12
Marina Mabrey,TOR,TOR @ MIN,07/29/2026,2026,L,32,25,7,17,41.2,3,10,30.0,8,8,100.0,1,7,8,6,0,0,3,2,+5
Temi Fagbenle,TOR,TOR @ MIN,07/29/2026,2026,L,26,9,4,8,50.0,0,1,0.0,1,2,50.0,2,4,6,0,1,1,1,2,0
Laura Juskaite,TOR,TOR @ MIN,07/29/2026,2026,L,34,18,7,14,50.0,3,7,42.9,1,2,50.0,1,3,4,1,0,0,3,3,-7
Maria Conde,TOR,TOR @ MIN,07/29/2026,2026,L,30,20,7,16,43.8,4,9,44.4,2,2,100.0,3,7,10,1,1,0,4,2,-11
Jewell Loyd,LV,LV vs. POR,07/29/2026,2026,W,25,11,3,7,42.9,3,6,50.0,2,2,100.0,0,5,5,3,0,0,0,2,+25
Jade Melbourne,SEA,SEA vs. IND,07/29/2026,2026,L,29,8,4,7,57.1,0,2,0.0,0,0,0.0,2,1,3,4,0,0,3,4,-6
Natisha Hiedeman,SEA,SEA vs. IND,07/29/2026,2026,L,35,33,11,20,55.0,6,10,60.0,5,8,62.5,0,6,6,4,0,0,0,1,0
Awa Fam,SEA,SEA vs. IND,07/29/2026,2026,L,34,11,4,13,30.8,1,6,16.7,2,2,100.0,4,1,5,2,0,1,0,4,-7
Jordan Horston,SEA,SEA vs. IND,07/29/2026,2026,L,27,7,3,7,42.9,0,2,0.0,1,2,50.0,1,3,4,2,1,0,0,4,+2
Sophie Cunningham,IND,IND @ SEA,07/29/2026,2026,W,24,11,3,6,50.0,3,4,75.0,2,2,100.0,0,5,5,2,0,0,1,1,+15
Caitlin Clark,IND,IND @ SEA,07/29/2026,2026,W,33,32,9,14,64.3,4,7,57.1,10,10,100.0,0,4,4,7,1,1,4,4,+7
Lexie Hull,IND,IND @ SEA,07/29/2026,2026,W,17,0,0,4,0.0,0,2,0.0,0,0,0.0,0,3,3,0,0,0,0,0,-3
Kelsey Mitchell,IND,IND @ SEA,07/29/2026,2026,W,35,28,9,18,50.0,4,7,57.1,6,6,100.0,0,2,2,2,1,0,2,5,+11
Monique Billings,IND,IND @ SEA,07/29/2026,2026,W,30,14,4,6,66.7,0,0,0.0,6,6,100.0,3,8,11,1,0,1,2,4,-3
Mai Yamamoto,LV,LV vs. POR,07/29/2026,2026,W,3,0,0,1,0.0,0,0,0.0,0,0,0.0,0,0,0,0,0,0,0,0,-1
Ta'Niya Latson,LV,LV vs. POR,07/29/2026,2026,W,4,2,1,2,50.0,0,0,0.0,0,0,0.0,0,0,0,0,0,0,1,0,-1
Antonia Delaere,MIN,MIN vs. TOR,07/29/2026,2026,W,9,12,4,5,80.0,4,5,80.0,0,0,0.0,0,1,1,0,0,0,0,0,-3
Leila Lacan,CON,CON @ WSH,07/28/2026,2026,L,32,9,4,13,30.8,1,2,50.0,0,0,0.0,2,2,4,6,0,2,3,4,-7
Diamond Miller,CON,CON @ WSH,07/28/2026,2026,L,21,12,4,7,57.1,3,4,75.0,1,1,100.0,0,1,1,2,1,0,0,2,0
Olivia Nelson-Ododa,CON,CON @ WSH,07/28/2026,2026,L,30,16,6,10,60.0,0,0,0.0,4,5,80.0,0,6,6,1,1,3,0,5,+5
Michaela Onyenwere,WSH,WSH vs. CON,07/28/2026,2026,W,31,6,2,4,50.0,1,2,50.0,1,2,50.0,4,3,7,4,1,0,2,4,+8
Saniya Rivers,CON,CON @ WSH,07/28/2026,2026,L,21,11,4,10,40.0,0,2,0.0,3,6,50.0,1,0,1,2,1,1,0,1,-4
Kennedy Burke,CON,CON @ WSH,07/28/2026,2026,L,27,11,4,8,50.0,3,6,50.0,0,0,0.0,0,4,4,1,1,1,2,2,+3
Kiki Iriafen,WSH,WSH vs. CON,07/28/2026,2026,W,29,20,8,22,36.4,1,2,50.0,3,3,100.0,5,5,10,2,0,1,1,3,+8
Sonia Citron,WSH,WSH vs. CON,07/28/2026,2026,W,34,22,6,9,66.7,2,2,100.0,8,9,88.9,0,3,3,4,1,2,3,1,+6
Cotie McMahon,WSH,WSH vs. CON,07/28/2026,2026,W,22,11,2,5,40.0,0,2,0.0,7,8,87.5,0,2,2,2,0,2,0,1,+2
Shakira Austin,WSH,WSH vs. CON,07/28/2026,2026,W,32,17,7,16,43.8,0,0,0.0,3,5,60.0,3,3,6,1,2,1,2,1,+13
Paige Bueckers,COOP,COOP vs. SPO,07/26/2026,2026,L,25,12,5,11,45.5,2,7,28.6,0,0,0.0,0,0,0,7,1,0,1,0,-18
Caitlin Clark,SPO,SPO @ COOP,07/26/2026,2026,W,21,17,6,17,35.3,5,15,33.3,0,0,0.0,3,1,4,5,1,0,5,0,-5
Olivia Miles,SPO,SPO @ COOP,07/26/2026,2026,W,24,11,5,5,100.0,1,1,100.0,0,0,0.0,1,11,12,8,2,0,1,1,-2
Kiki Iriafen,SPO,SPO @ COOP,07/26/2026,2026,W,17,10,5,8,62.5,0,1,0.0,0,0,0.0,2,4,6,0,0,0,0,0,-10
Jonquel Jones,SPO,SPO @ COOP,07/26/2026,2026,W,22,22,8,17,47.1,4,11,36.4,2,2,100.0,2,11,13,8,0,0,3,1,+7
Rhyne Howard,SPO,SPO @ COOP,07/26/2026,2026,W,22,8,3,12,25.0,2,11,18.2,0,0,0.0,0,3,3,3,2,0,1,2,+7
Natasha Howard,COOP,COOP vs. SPO,07/26/2026,2026,L,23,8,3,10,30.0,2,7,28.6,0,0,0.0,1,3,4,0,0,0,1,1,-15
Breanna Stewart,COOP,COOP vs. SPO,07/26/2026,2026,L,28,6,3,7,42.9,0,4,0.0,0,0,0.0,3,10,13,7,0,1,0,1,-14
Gabby Williams,COOP,COOP vs. SPO,07/26/2026,2026,L,23,18,7,18,38.9,4,13,30.8,0,0,0.0,2,3,5,6,1,0,0,1,-1
Kelsey Mitchell,COOP,COOP vs. SPO,07/26/2026,2026,L,22,28,11,19,57.9,5,11,45.5,1,1,100.0,3,1,4,2,5,0,2,1,-15
Tyasha Harris,IND,IND vs. CON,07/23/2026,2026,W,19,12,5,7,71.4,1,2,50.0,1,1,100.0,0,0,0,6,0,0,0,0,+14
Karlie Samuelson,POR,POR vs. DAL,07/23/2026,2026,L,20,10,3,3,100.0,2,2,100.0,2,2,100.0,0,0,0,1,1,0,0,4,+5
Megan DiLeo,POR,POR vs. DAL,07/23/2026,2026,L,25,21,9,13,69.2,2,5,40.0,1,2,50.0,0,2,2,1,0,1,1,2,+5
Emily Engstler,POR,POR vs. DAL,07/23/2026,2026,L,23,6,3,6,50.0,0,2,0.0,0,0,0.0,0,1,1,2,1,0,2,2,-6
Bridget Carleton,POR,POR vs. DAL,07/23/2026,2026,L,31,18,7,16,43.8,2,9,22.2,2,2,100.0,0,5,5,2,0,0,0,1,+3
Maddy Siegrist,DAL,DAL @ POR,07/23/2026,2026,W,26,14,5,10,50.0,2,6,33.3,2,2,100.0,0,5,5,2,1,0,0,2,+8
Azzi Fudd,DAL,DAL @ POR,07/23/2026,2026,W,33,11,4,10,40.0,3,8,37.5,0,0,0.0,0,0,0,2,2,0,3,3,-5
Paige Bueckers,DAL,DAL @ POR,07/23/2026,2026,W,37,21,7,17,41.2,4,7,57.1,3,5,60.0,1,3,4,5,0,0,3,2,+8
Arike Ogunbowale,DAL,DAL @ POR,07/23/2026,2026,W,35,24,8,12,66.7,3,5,60.0,5,6,83.3,1,2,3,6,0,0,2,3,-7
Charlisse Leger-Walker,CON,CON @ IND,07/23/2026,2026,L,27,1,0,3,0.0,0,1,0.0,1,1,100.0,1,1,2,4,0,0,4,4,-29
Sophie Cunningham,IND,IND vs. CON,07/23/2026,2026,W,21,8,0,3,0.0,0,2,0.0,8,10,80.0,0,3,3,2,1,0,3,5,+17
Raegan Beers,CON,CON @ IND,07/23/2026,2026,L,18,10,4,6,66.7,1,1,100.0,1,3,33.3,3,2,5,2,2,0,2,4,-10
Nell Angloma,CON,CON @ IND,07/23/2026,2026,L,10,2,0,3,0.0,0,0,0.0,2,2,100.0,1,1,2,1,0,0,0,1,-5
Kennedy Burke,CON,CON @ IND,07/23/2026,2026,L,23,9,3,9,33.3,2,5,40.0,1,2,50.0,1,3,4,2,1,1,0,2,-6
Gianna Kneepkens,CON,CON @ IND,07/23/2026,2026,L,12,7,3,4,75.0,1,2,50.0,0,0,0.0,0,0,0,0,0,0,0,4,-2
Myisha Hines-Allen,IND,IND vs. CON,07/23/2026,2026,W,15,5,2,5,40.0,1,1,100.0,0,0,0.0,0,3,3,1,0,0,0,3,+3
Makayla Timpson,IND,IND vs. CON,07/23/2026,2026,W,18,4,2,3,66.7,0,0,0.0,0,0,0.0,1,7,8,0,0,4,0,0,+20
Grace VanSlooten,IND,IND vs. CON,07/23/2026,2026,W,8,2,1,1,100.0,0,0,0.0,0,0,0.0,0,1,1,0,0,0,1,0,+3
Carla Leite,POR,POR vs. DAL,07/23/2026,2026,L,31,12,3,8,37.5,1,3,33.3,5,6,83.3,2,1,3,11,1,0,3,2,0
Jessica Shepard,DAL,DAL @ POR,07/23/2026,2026,W,35,18,7,11,63.6,0,0,0.0,4,4,100.0,6,9,15,10,1,0,3,3,-4
DeWanna Bonner,PHX,PHX @ LA,07/22/2026,2026,W,27,9,4,9,44.4,1,5,20.0,0,0,0.0,2,5,7,4,2,0,0,3,+2
Awa Fam,SEA,SEA vs. MIN,07/22/2026,2026,L,31,10,4,9,44.4,2,5,40.0,0,0,0.0,3,7,10,1,1,2,1,2,-13
Courtney Vandersloot,CHI,CHI @ NY,07/22/2026,2026,L,22,14,5,8,62.5,1,2,50.0,3,4,75.0,0,1,1,4,1,1,1,1,-13
Natasha Cloud,CHI,CHI @ NY,07/22/2026,2026,L,32,9,4,8,50.0,1,4,25.0,0,0,0.0,0,3,3,7,0,0,2,3,+1
Sydney Taylor,CHI,CHI @ NY,07/22/2026,2026,L,26,31,9,17,52.9,4,7,57.1,9,10,90.0,1,2,3,3,1,0,1,0,+9
Gabriela Jaquez,CHI,CHI @ NY,07/22/2026,2026,L,20,5,2,7,28.6,1,3,33.3,0,0,0.0,1,2,3,1,1,0,0,1,-4
Breanna Stewart,NY,NY vs. CHI,07/22/2026,2026,W,37,20,5,19,26.3,2,4,50.0,8,8,100.0,4,5,9,4,0,3,3,5,-3
Jonquel Jones,NY,NY vs. CHI,07/22/2026,2026,W,28,14,4,9,44.4,2,5,40.0,4,6,66.7,3,7,10,2,0,2,3,3,-4
Rebecca Allen,NY,NY vs. CHI,07/22/2026,2026,W,29,12,5,12,41.7,2,6,33.3,0,0,0.0,1,3,4,0,0,0,1,4,+2
Sabrina Ionescu,NY,NY vs. CHI,07/22/2026,2026,W,35,29,8,11,72.7,5,7,71.4,8,8,100.0,0,4,4,4,0,1,4,1,+5
Pauline Astier,NY,NY vs. CHI,07/22/2026,2026,W,22,9,3,6,50.0,0,0,0.0,3,3,100.0,0,1,1,5,1,0,2,1,+1
Jade Melbourne,SEA,SEA vs. MIN,07/22/2026,2026,L,28,4,2,6,33.3,0,4,0.0,0,0,0.0,0,2,2,4,1,0,0,4,-6
Flau'jae Johnson,SEA,SEA vs. MIN,07/22/2026,2026,L,29,16,7,17,41.2,0,6,0.0,2,3,66.7,3,3,6,4,2,0,6,2,-13
Natisha Hiedeman,SEA,SEA vs. MIN,07/22/2026,2026,L,32,12,4,13,30.8,1,7,14.3,3,4,75.0,1,1,2,3,2,0,4,2,-12
Dominique Malonga,SEA,SEA vs. MIN,07/22/2026,2026,L,26,21,9,13,69.2,1,3,33.3,2,2,100.0,0,9,9,2,1,4,4,1,-9
A'ja Wilson,LV,LV @ WSH,07/22/2026,2026,L,35,38,12,16,75.0,2,3,66.7,12,13,92.3,2,5,7,5,3,2,1,4,+2
Maya Caldwell,MIN,MIN @ SEA,07/22/2026,2026,W,28,8,2,4,50.0,2,3,66.7,2,2,100.0,5,1,6,2,1,0,1,2,+6
Olivia Miles,MIN,MIN @ SEA,07/22/2026,2026,W,31,13,5,15,33.3,0,1,0.0,3,4,75.0,0,3,3,6,2,0,3,2,+9
Kayla McBride,MIN,MIN @ SEA,07/22/2026,2026,W,36,20,6,14,42.9,3,6,50.0,5,5,100.0,2,1,3,2,3,1,0,1,+9
Napheesa Collier,MIN,MIN @ SEA,07/22/2026,2026,W,22,24,9,20,45.0,2,6,33.3,4,4,100.0,1,9,10,1,1,0,2,0,+12
Natasha Howard,MIN,MIN @ SEA,07/22/2026,2026,W,26,11,5,9,55.6,0,0,0.0,1,2,50.0,5,0,5,3,3,1,2,1,+12
Cotie McMahon,WSH,WSH vs. LV,07/22/2026,2026,W,22,7,3,5,60.0,1,2,50.0,0,2,0.0,0,6,6,3,0,0,1,2,+3
Sonia Citron,WSH,WSH vs. LV,07/22/2026,2026,W,32,20,7,16,43.8,1,3,33.3,5,6,83.3,3,1,4,8,1,0,6,2,+3
Shakira Austin,WSH,WSH vs. LV,07/22/2026,2026,W,29,25,10,18,55.6,0,0,0.0,5,9,55.6,3,3,6,3,0,0,1,3,+6
Kiki Iriafen,WSH,WSH vs. LV,07/22/2026,2026,W,26,12,4,12,33.3,0,1,0.0,4,4,100.0,4,6,10,0,0,0,2,3,-5
Michaela Onyenwere,WSH,WSH vs. LV,07/22/2026,2026,W,30,10,2,4,50.0,2,2,100.0,4,4,100.0,1,0,1,3,1,0,0,4,-2
Dana Evans,LV,LV @ WSH,07/22/2026,2026,L,14,0,0,2,0.0,0,0,0.0,0,0,0.0,0,1,1,2,0,0,2,2,-8
Jewell Loyd,LV,LV @ WSH,07/22/2026,2026,L,29,8,2,7,28.6,2,4,50.0,2,2,100.0,0,2,2,0,3,0,1,3,0
Kamilla Cardoso,CHI,CHI @ NY,07/22/2026,2026,L,25,10,5,11,45.5,0,0,0.0,0,0,0.0,1,4,5,5,1,1,1,5,0
Jackie Young,LV,LV @ WSH,07/22/2026,2026,L,31,24,9,17,52.9,0,4,0.0,6,7,85.7,2,5,7,7,0,0,1,4,+1
Chelsea Gray,LV,LV @ WSH,07/22/2026,2026,L,37,19,6,12,50.0,1,3,33.3,6,6,100.0,0,1,1,4,1,1,2,4,+1
Rae Burrell,LA,LA vs. PHX,07/22/2026,2026,L,34,20,7,16,43.8,3,7,42.9,3,5,60.0,1,2,3,2,0,0,4,5,0
Alyssa Thomas,PHX,PHX @ LA,07/22/2026,2026,W,36,19,5,9,55.6,0,0,0.0,9,13,69.2,1,10,11,15,3,1,3,2,0
Noemie Brochant,PHX,PHX @ LA,07/22/2026,2026,W,23,2,1,5,20.0,0,2,0.0,0,0,0.0,1,1,2,0,0,1,0,5,+5
Kahleah Copper,PHX,PHX @ LA,07/22/2026,2026,W,30,21,10,16,62.5,1,4,25.0,0,0,0.0,0,2,2,3,1,0,1,5,+8
Monique Akoa Makani,PHX,PHX @ LA,07/22/2026,2026,W,24,14,6,14,42.9,2,7,28.6,0,0,0.0,0,1,1,2,2,0,2,2,-3
Dearica Hamby,LA,LA vs. PHX,07/22/2026,2026,L,31,18,7,12,58.3,0,0,0.0,4,5,80.0,5,5,10,5,2,2,2,1,0
Erica Wheeler,LA,LA vs. PHX,07/22/2026,2026,L,26,5,1,6,16.7,0,2,0.0,3,3,100.0,0,2,2,4,1,0,0,4,-5
Ariel Atkins,LA,LA vs. PHX,07/22/2026,2026,L,33,15,5,9,55.6,3,6,50.0,2,2,100.0,3,1,4,3,1,2,1,1,+5
Nneka Ogwumike,LA,LA vs. PHX,07/22/2026,2026,L,30,13,4,10,40.0,1,1,100.0,4,4,100.0,1,12,13,1,0,0,4,3,-4
Tima Pouye,TOR,TOR vs. LV,07/21/2026,2026,L,7,2,0,3,0.0,0,1,0.0,2,2,100.0,0,1,1,1,0,0,0,0,-13
Kayla Alexander,TOR,TOR vs. LV,07/21/2026,2026,L,16,6,3,5,60.0,0,0,0.0,0,0,0.0,3,3,6,1,0,0,2,1,-14
Stephanie Talbot,LV,LV @ TOR,07/21/2026,2026,W,15,4,2,8,25.0,0,6,0.0,0,0,0.0,0,1,1,0,0,1,0,0,0
Jackie Young,LV,LV @ TOR,07/21/2026,2026,W,33,24,10,17,58.8,4,10,40.0,0,0,0.0,0,4,4,12,1,0,2,1,+23
Cheyenne Parker-Tyus,LV,LV @ TOR,07/21/2026,2026,W,11,4,2,2,100.0,0,0,0.0,0,0,0.0,1,5,6,0,0,1,0,2,+3
Jewell Loyd,LV,LV @ TOR,07/21/2026,2026,W,23,11,4,8,50.0,2,6,33.3,1,1,100.0,1,0,1,1,1,0,1,2,+27
Justine Pissott,LV,LV @ TOR,07/21/2026,2026,W,10,0,0,3,0.0,0,3,0.0,0,0,0.0,0,0,0,1,0,1,0,0,-2
Laura Juskaite,TOR,TOR vs. LV,07/21/2026,2026,L,29,6,2,9,22.2,1,5,20.0,1,2,50.0,1,2,3,1,2,0,1,2,-24
Teonni Key,TOR,TOR vs. LV,07/21/2026,2026,L,3,2,1,1,100.0,0,0,0.0,0,0,0.0,1,0,1,0,0,0,0,0,-4
Kia Nurse,TOR,TOR vs. LV,07/21/2026,2026,L,18,7,2,6,33.3,1,4,25.0,2,2,100.0,0,1,1,1,0,0,0,1,-22
Breanna Stewart,NY,NY @ DAL,07/21/2026,2026,W,42,33,10,19,52.6,2,4,50.0,11,12,91.7,4,9,13,8,0,2,1,1,+5
Azzi Fudd,DAL,DAL vs. NY,07/21/2026,2026,L,43,15,6,13,46.2,3,6,50.0,0,0,0.0,0,1,1,2,0,1,1,3,+1
Arike Ogunbowale,DAL,DAL vs. NY,07/21/2026,2026,L,38,29,9,24,37.5,3,5,60.0,8,8,100.0,1,4,5,6,1,0,1,4,-5
Marine Fauthoux,NY,NY @ DAL,07/21/2026,2026,W,27,10,2,5,40.0,2,5,40.0,4,4,100.0,1,9,10,2,1,0,1,2,+7
Sabrina Ionescu,NY,NY @ DAL,07/21/2026,2026,W,36,21,8,25,32.0,2,10,20.0,3,3,100.0,1,3,4,2,0,1,1,1,+7
Li Yueru,DAL,DAL vs. NY,07/21/2026,2026,L,16,7,3,4,75.0,1,2,50.0,0,2,0.0,0,0,0,1,0,0,1,5,+4
Rebecca Allen,NY,NY @ DAL,07/21/2026,2026,W,32,6,2,7,28.6,1,6,16.7,1,2,50.0,2,1,3,1,1,1,0,3,0
Jonquel Jones,NY,NY @ DAL,07/21/2026,2026,W,33,14,6,13,46.2,1,3,33.3,1,2,50.0,7,3,10,2,0,1,0,4,-4
Sug Sutton,DAL,DAL vs. NY,07/21/2026,2026,L,22,2,1,5,20.0,0,3,0.0,0,0,0.0,0,1,1,7,0,0,0,0,-7
Jessica Shepard,DAL,DAL vs. NY,07/21/2026,2026,L,38,13,4,7,57.1,0,0,0.0,5,6,83.3,4,12,16,6,0,0,2,4,-5
Michaela Onyenwere,WSH,WSH @ GS,07/21/2026,2026,W,31,12,4,10,40.0,3,7,42.9,1,2,50.0,0,0,0,1,1,0,1,0,+14
Jade Melbourne,SEA,SEA vs. MIN,07/21/2026,2026,L,19,5,2,3,66.7,0,0,0.0,1,2,50.0,0,1,1,3,0,0,3,2,-10
Sonia Citron,WSH,WSH @ GS,07/21/2026,2026,W,32,17,5,12,41.7,0,1,0.0,7,7,100.0,0,2,2,6,1,1,3,4,+10
Cotie McMahon,WSH,WSH @ GS,07/21/2026,2026,W,12,3,1,1,100.0,0,0,0.0,1,1,100.0,0,2,2,2,1,0,0,2,+11
Gabby Williams,GS,GS vs. WSH,07/21/2026,2026,L,26,8,4,12,33.3,0,4,0.0,0,0,0.0,0,0,0,2,1,0,2,3,-19
Cecilia Zandalasini,GS,GS vs. WSH,07/21/2026,2026,L,17,7,3,7,42.9,1,3,33.3,0,0,0.0,0,1,1,1,1,0,0,2,-7
Kiah Stokes,GS,GS vs. WSH,07/21/2026,2026,L,22,3,1,4,25.0,1,4,25.0,0,0,0.0,0,4,4,0,0,2,0,1,-15
Veronica Burton,GS,GS vs. WSH,07/21/2026,2026,L,26,12,5,8,62.5,2,3,66.7,0,0,0.0,0,2,2,7,2,0,2,3,-14
Janelle Salaun,GS,GS vs. WSH,07/21/2026,2026,L,17,11,3,12,25.0,1,6,16.7,4,4,100.0,4,0,4,2,1,0,0,3,+1
Natasha Howard,MIN,MIN @ SEA,07/21/2026,2026,W,24,6,3,8,37.5,0,0,0.0,0,0,0.0,7,5,12,3,3,0,4,5,+10
Kiki Iriafen,WSH,WSH @ GS,07/21/2026,2026,W,35,23,8,12,66.7,1,2,50.0,6,8,75.0,4,8,12,4,0,0,1,1,+15
Nia Coffey,MIN,MIN @ SEA,07/21/2026,2026,W,28,3,1,4,25.0,1,3,33.3,0,0,0.0,0,1,1,1,1,0,0,2,+11
Kayla McBride,MIN,MIN @ SEA,07/21/2026,2026,W,32,33,9,16,56.2,6,10,60.0,9,9,100.0,0,2,2,0,2,0,1,1,+6
Olivia Miles,MIN,MIN @ SEA,07/21/2026,2026,W,36,32,13,24,54.2,1,4,25.0,5,5,100.0,1,7,8,8,1,0,1,4,+10
Dominique Malonga,SEA,SEA vs. MIN,07/21/2026,2026,L,27,14,5,12,41.7,0,2,0.0,4,4,100.0,3,6,9,1,1,2,2,3,-4
Awa Fam,SEA,SEA vs. MIN,07/21/2026,2026,L,31,8,4,9,44.4,0,2,0.0,0,0,0.0,6,5,11,4,1,1,2,2,-9
Natisha Hiedeman,SEA,SEA vs. MIN,07/21/2026,2026,L,28,12,4,12,33.3,1,6,16.7,3,4,75.0,0,1,1,10,0,0,0,1,+3
Flau'jae Johnson,SEA,SEA vs. MIN,07/21/2026,2026,L,29,26,7,11,63.6,5,8,62.5,7,8,87.5,0,1,1,1,0,1,4,2,-4
Shakira Austin,WSH,WSH @ GS,07/21/2026,2026,W,31,15,6,10,60.0,1,2,50.0,2,3,66.7,1,14,15,2,1,0,4,2,+14
Courtney Williams,MIN,MIN @ SEA,07/21/2026,2026,W,33,21,8,13,61.5,1,2,50.0,4,4,100.0,0,4,4,3,2,0,2,2,+1
Azura Stevens,CHI,CHI @ ATL,07/19/2026,2026,L,30,20,8,12,66.7,2,4,50.0,2,3,66.7,1,8,9,1,1,0,3,2,+7
Raven Johnson,IND,IND vs. NY,07/19/2026,2026,W,4,2,1,1,100.0,0,0,0.0,0,0,0.0,0,1,1,0,0,0,0,1,+1
Kiah Stokes,GS,GS vs. WSH,07/19/2026,2026,W,22,3,1,5,20.0,1,3,33.3,0,0,0.0,2,2,4,0,0,1,0,4,0
Cecilia Zandalasini,GS,GS vs. WSH,07/19/2026,2026,W,26,6,3,8,37.5,0,3,0.0,0,1,0.0,0,1,1,1,1,0,2,3,+9
Gabby Williams,GS,GS vs. WSH,07/19/2026,2026,W,28,18,7,15,46.7,2,7,28.6,2,2,100.0,1,2,3,5,3,0,1,2,+10
Kayla Thornton,GS,GS vs. WSH,07/19/2026,2026,W,27,11,3,6,50.0,3,6,50.0,2,2,100.0,0,4,4,1,1,0,0,2,+11
Alicia Florez,WSH,WSH @ GS,07/19/2026,2026,L,7,4,2,3,66.7,0,1,0.0,0,0,0.0,0,0,0,0,1,0,1,0,-9
Cassandre Prosper,WSH,WSH @ GS,07/19/2026,2026,L,7,0,0,2,0.0,0,2,0.0,0,0,0.0,1,1,2,0,0,0,0,1,-4
Darianna Littlepage-Buggs,WSH,WSH @ GS,07/19/2026,2026,L,0,0,0,0,0.0,0,0,0.0,0,0,0.0,0,0,0,0,0,0,0,0,0
Cotie McMahon,WSH,WSH @ GS,07/19/2026,2026,L,18,6,3,6,50.0,0,2,0.0,0,0,0.0,1,4,5,3,1,0,0,2,+6
Michaela Onyenwere,WSH,WSH @ GS,07/19/2026,2026,L,34,9,3,7,42.9,3,6,50.0,0,0,0.0,2,1,3,5,0,0,0,4,-1
Bridget Carleton,POR,POR @ MIN,07/19/2026,2026,L,32,22,8,16,50.0,6,9,66.7,0,0,0.0,0,8,8,4,3,0,0,0,-1
Emily Engstler,POR,POR @ MIN,07/19/2026,2026,L,29,12,3,8,37.5,2,3,66.7,4,4,100.0,3,3,6,3,1,1,2,3,-6
Sarah Ashlee Barker,POR,POR @ MIN,07/19/2026,2026,L,30,21,9,14,64.3,3,6,50.0,0,0,0.0,1,3,4,4,0,0,1,5,-1
Carla Leite,POR,POR @ MIN,07/19/2026,2026,L,31,21,9,17,52.9,1,5,20.0,2,3,66.7,1,3,4,7,2,0,3,2,+2
Dorka Juhasz,MIN,MIN vs. POR,07/19/2026,2026,W,21,12,6,10,60.0,0,3,0.0,0,0,0.0,1,4,5,5,0,1,0,0,-6
Frieda Buhner,POR,POR @ MIN,07/19/2026,2026,L,17,2,1,3,33.3,0,2,0.0,0,0,0.0,1,1,2,1,1,0,1,0,-8
Natasha Howard,MIN,MIN vs. POR,07/19/2026,2026,W,25,16,7,8,87.5,0,0,0.0,2,2,100.0,1,6,7,3,1,3,0,0,+10
Kayla McBride,MIN,MIN vs. POR,07/19/2026,2026,W,32,24,9,14,64.3,4,8,50.0,2,3,66.7,0,3,3,0,0,0,2,2,+8
Courtney Williams,MIN,MIN vs. POR,07/19/2026,2026,W,32,15,6,12,50.0,1,3,33.3,2,2,100.0,0,2,2,7,2,0,2,0,+12
Olivia Miles,MIN,MIN vs. POR,07/19/2026,2026,W,34,14,5,14,35.7,2,3,66.7,2,3,66.7,0,4,4,10,0,4,2,4,+2
Raquel Carrera,NY,NY @ IND,07/19/2026,2026,L,8,4,1,1,100.0,1,1,100.0,1,2,50.0,0,0,0,0,0,0,0,1,+1
Han Xu,NY,NY @ IND,07/19/2026,2026,L,13,3,1,4,25.0,1,2,50.0,0,0,0.0,0,4,4,0,0,1,1,0,-20
Rebecca Allen,NY,NY @ IND,07/19/2026,2026,L,18,0,0,1,0.0,0,1,0.0,0,0,0.0,1,0,1,0,0,1,0,4,-20
Marine Fauthoux,NY,NY @ IND,07/19/2026,2026,L,15,4,2,4,50.0,0,1,0.0,0,2,0.0,0,0,0,4,0,0,1,0,-8
Odyssey Sims,DAL,DAL vs. LA,07/19/2026,2026,W,17,7,3,8,37.5,0,2,0.0,1,1,100.0,0,0,0,6,1,0,1,1,+9
Myisha Hines-Allen,IND,IND vs. NY,07/19/2026,2026,W,14,5,2,3,66.7,1,1,100.0,0,2,0.0,0,3,3,1,2,0,0,0,+22
Makayla Timpson,IND,IND vs. NY,07/19/2026,2026,W,24,2,1,2,50.0,0,0,0.0,0,0,0.0,1,4,5,0,0,1,0,3,+16
Sophie Cunningham,IND,IND vs. NY,07/19/2026,2026,W,22,11,3,6,50.0,3,4,75.0,2,2,100.0,2,2,4,1,0,2,0,2,+18
Veronica Burton,GS,GS vs. WSH,07/19/2026,2026,W,33,11,4,8,50.0,2,5,40.0,1,2,50.0,1,4,5,11,2,0,1,1,+16
Diamond Miller,CON,CON @ PHX,07/19/2026,2026,L,31,6,2,9,22.2,0,3,0.0,2,2,100.0,0,7,7,0,1,0,4,5,-5
Brittney Griner,CON,CON @ PHX,07/19/2026,2026,L,31,19,7,12,58.3,0,0,0.0,5,7,71.4,2,3,5,0,0,2,1,3,-14
Gabriela Jaquez,CHI,CHI @ ATL,07/19/2026,2026,L,15,2,1,3,33.3,0,1,0.0,0,0,0.0,0,3,3,0,1,0,1,0,-12
Li Yueru,DAL,DAL vs. LA,07/19/2026,2026,W,13,4,1,1,100.0,0,0,0.0,2,3,66.7,1,3,4,0,0,2,1,2,+7
Azzi Fudd,DAL,DAL vs. LA,07/19/2026,2026,W,33,11,4,10,40.0,3,5,60.0,0,0,0.0,3,1,4,2,3,0,0,3,+6
Arike Ogunbowale,DAL,DAL vs. LA,07/19/2026,2026,W,31,20,7,13,53.8,1,4,25.0,5,6,83.3,1,1,2,1,2,0,2,3,-4
Jessica Shepard,DAL,DAL vs. LA,07/19/2026,2026,W,38,11,4,9,44.4,0,0,0.0,3,4,75.0,2,12,14,6,1,0,4,1,+10
Cameron Brink,LA,LA @ DAL,07/19/2026,2026,L,21,10,3,9,33.3,2,3,66.7,2,2,100.0,2,4,6,1,1,3,0,5,-14
Rae Burrell,LA,LA @ DAL,07/19/2026,2026,L,28,9,4,6,66.7,1,1,100.0,0,0,0.0,1,1,2,3,1,1,3,1,-6
Ariel Atkins,LA,LA @ DAL,07/19/2026,2026,L,32,9,3,8,37.5,1,4,25.0,2,2,100.0,1,1,2,3,2,0,1,1,0
Erica Wheeler,LA,LA @ DAL,07/19/2026,2026,L,35,9,4,14,28.6,0,5,0.0,1,1,100.0,0,3,3,10,2,0,1,3,+6
Nneka Ogwumike,LA,LA @ DAL,07/19/2026,2026,L,33,17,7,12,58.3,0,3,0.0,3,4,75.0,1,9,10,3,1,2,4,4,+3
Natasha Cloud,CHI,CHI @ ATL,07/19/2026,2026,L,32,7,3,7,42.9,1,4,25.0,0,0,0.0,0,2,2,4,1,0,2,4,-5
Elizabeth Williams,CHI,CHI @ ATL,07/19/2026,2026,L,16,12,4,5,80.0,0,0,0.0,4,5,80.0,0,2,2,0,0,1,2,1,-10
Jacy Sheldon,CHI,CHI @ ATL,07/19/2026,2026,L,19,2,1,4,25.0,0,2,0.0,0,0,0.0,1,1,2,2,0,0,1,1,+1
Anneli Maley,NY,NY @ IND,07/19/2026,2026,L,14,5,1,5,20.0,1,3,33.3,2,2,100.0,2,1,3,0,0,0,0,2,-12
Olivia Nelson-Ododa,CON,CON @ PHX,07/19/2026,2026,L,26,12,5,9,55.6,0,0,0.0,2,4,50.0,2,10,12,3,1,0,0,3,+6
Naz Hillmon,ATL,ATL vs. CHI,07/19/2026,2026,W,34,5,2,6,33.3,1,5,20.0,0,0,0.0,0,2,2,1,0,0,2,3,+4
Allisha Gray,ATL,ATL vs. CHI,07/19/2026,2026,W,35,29,7,11,63.6,4,6,66.7,11,13,84.6,1,5,6,3,0,0,1,3,-1
Jordin Canada,ATL,ATL vs. CHI,07/19/2026,2026,W,34,10,4,9,44.4,0,3,0.0,2,4,50.0,2,1,3,9,3,0,3,1,+1
Rhyne Howard,ATL,ATL vs. CHI,07/19/2026,2026,W,35,11,4,11,36.4,3,8,37.5,0,0,0.0,1,5,6,6,0,3,0,2,+3
Brionna Jones,ATL,ATL vs. CHI,07/19/2026,2026,W,15,6,1,6,16.7,0,1,0.0,4,4,100.0,4,6,10,1,0,0,0,2,0
Natasha Mack,PHX,PHX vs. CON,07/19/2026,2026,W,20,4,2,4,50.0,0,1,0.0,0,0,0.0,1,4,5,0,1,1,1,4,+11
Monique Akoa Makani,PHX,PHX vs. CON,07/19/2026,2026,W,32,11,5,11,45.5,1,4,25.0,0,0,0.0,0,6,6,1,2,0,1,2,+17
Kahleah Copper,PHX,PHX vs. CON,07/19/2026,2026,W,35,18,5,14,35.7,0,2,0.0,8,8,100.0,1,3,4,4,1,1,5,1,+10
Alyssa Thomas,PHX,PHX vs. CON,07/19/2026,2026,W,34,7,2,9,22.2,0,0,0.0,3,6,50.0,3,3,6,11,1,1,1,4,+10
DeWanna Bonner,PHX,PHX vs. CON,07/19/2026,2026,W,29,21,7,13,53.8,1,3,33.3,6,8,75.0,2,4,6,0,1,0,0,4,+8
Leila Lacan,CON,CON @ PHX,07/19/2026,2026,L,37,7,2,9,22.2,1,1,100.0,2,2,100.0,0,1,1,4,0,1,9,4,-10
Charlisse Leger-Walker,CON,CON @ PHX,07/19/2026,2026,L,29,5,2,8,25.0,0,3,0.0,1,1,100.0,0,3,3,5,2,0,4,1,-9
Tyasha Harris,IND,IND vs. NY,07/19/2026,2026,W,21,11,4,8,50.0,1,3,33.3,2,2,100.0,0,2,2,4,0,0,0,1,+15
Noemie Brochant,PHX,PHX vs. CON,07/18/2026,2026,L,23,6,2,4,50.0,2,2,100.0,0,0,0.0,0,0,0,1,1,0,0,1,-2
Charlisse Leger-Walker,CON,CON @ PHX,07/18/2026,2026,W,29,4,2,8,25.0,0,2,0.0,0,0,0.0,0,4,4,7,1,0,2,3,+7
Nell Angloma,CON,CON @ PHX,07/18/2026,2026,W,3,0,0,1,0.0,0,1,0.0,0,0,0.0,0,0,0,0,0,0,0,0,-2
Kennedy Burke,CON,CON @ PHX,07/18/2026,2026,W,27,13,5,9,55.6,3,6,50.0,0,0,0.0,2,2,4,2,1,1,2,3,+7
Gianna Kneepkens,CON,CON @ PHX,07/18/2026,2026,W,3,2,0,0,0.0,0,0,0.0,2,2,100.0,0,1,1,0,0,0,0,1,-5
Monique Akoa Makani,PHX,PHX vs. CON,07/18/2026,2026,L,19,0,0,6,0.0,0,2,0.0,0,0,0.0,1,1,2,4,0,0,2,2,-5
Valeriane Ayayi,PHX,PHX vs. CON,07/18/2026,2026,L,18,13,2,3,66.7,1,1,100.0,8,8,100.0,0,1,1,1,0,0,2,3,-11
Marta Suarez,PHX,PHX vs. CON,07/18/2026,2026,L,7,5,1,2,50.0,0,0,0.0,3,4,75.0,1,1,2,0,2,0,0,2,-2
Lexi Held,PHX,PHX vs. CON,07/18/2026,2026,L,19,9,4,9,44.4,1,3,33.3,0,0,0.0,0,0,0,4,0,0,1,1,-4
Raegan Beers,CON,CON @ PHX,07/18/2026,2026,W,3,4,0,0,0.0,0,0,0.0,4,4,100.0,1,0,1,0,0,0,0,2,-5
Kayla Alexander,TOR,TOR vs. ATL,07/17/2026,2026,L,1,0,0,0,0.0,0,0,0.0,0,0,0.0,0,0,0,0,0,0,0,0,-1
Kate Martin,LA,LA @ CHI,07/17/2026,2026,L,1,0,0,0,0.0,0,0,0.0,0,0,0.0,0,0,0,0,0,0,0,0,+2
Jihyun Park,LA,LA @ CHI,07/17/2026,2026,L,8,2,1,1,100.0,0,0,0.0,0,0,0.0,0,1,1,0,0,0,1,1,-9
Cameron Brink,LA,LA @ CHI,07/17/2026,2026,L,19,9,2,6,33.3,1,4,25.0,4,4,100.0,2,4,6,0,0,2,4,5,-4
Ariel Atkins,LA,LA @ CHI,07/17/2026,2026,L,34,9,3,11,27.3,1,6,16.7,2,2,100.0,0,4,4,3,0,1,3,2,-1
Tima Pouye,TOR,TOR vs. ATL,07/17/2026,2026,L,3,0,0,0,0.0,0,0,0.0,0,0,0.0,0,0,0,1,0,0,1,0,0
Kia Nurse,TOR,TOR vs. ATL,07/17/2026,2026,L,18,6,1,2,50.0,1,1,100.0,3,3,100.0,0,0,0,1,1,0,0,1,-8
Aaliyah Nye,ATL,ATL @ TOR,07/17/2026,2026,W,1,0,0,0,0.0,0,0,0.0,0,0,0.0,0,0,0,0,0,0,0,0,+1
Teonni Key,TOR,TOR vs. ATL,07/17/2026,2026,L,1,0,0,0,0.0,0,0,0.0,0,0,0.0,0,0,0,0,0,0,0,0,-1
Laura Juskaite,TOR,TOR vs. ATL,07/17/2026,2026,L,28,8,4,8,50.0,0,1,0.0,0,0,0.0,1,3,4,0,0,1,4,2,-13
Isobel Borlase,ATL,ATL @ TOR,07/17/2026,2026,W,19,10,3,8,37.5,2,5,40.0,2,2,100.0,0,1,1,0,0,1,1,2,+6
Jaylyn Sherrod,ATL,ATL @ TOR,07/17/2026,2026,W,7,0,0,2,0.0,0,1,0.0,0,0,0.0,0,0,0,2,2,0,0,1,-8
Shatori Walker-Kimbrough,ATL,ATL @ TOR,07/17/2026,2026,W,1,0,0,0,0.0,0,0,0.0,0,0,0.0,0,0,0,0,0,0,0,0,+1
Sika Kone,ATL,ATL @ TOR,07/17/2026,2026,W,1,0,0,0,0.0,0,0,0.0,0,0,0.0,0,0,0,0,0,0,0,0,+1
Chance Gray,LA,LA @ CHI,07/17/2026,2026,L,15,3,1,3,33.3,1,2,50.0,0,0,0.0,0,0,0,2,0,0,1,1,+2
Azura Stevens,CHI,CHI vs. LA,07/17/2026,2026,W,28,12,5,12,41.7,0,3,0.0,2,5,40.0,0,6,6,5,3,0,1,2,+10
Kamilla Cardoso,CHI,CHI vs. LA,07/17/2026,2026,W,24,13,6,8,75.0,0,0,0.0,1,2,50.0,3,8,11,3,0,2,2,3,+15
Katie Lou Samuelson,SEA,SEA @ IND,07/17/2026,2026,L,19,8,3,4,75.0,1,2,50.0,1,1,100.0,0,1,1,0,0,0,1,2,+1
Sophie Cunningham,IND,IND vs. SEA,07/17/2026,2026,W,27,2,1,4,25.0,0,3,0.0,0,0,0.0,1,1,2,0,0,0,0,1,+3
Courtney Vandersloot,CHI,CHI vs. LA,07/17/2026,2026,W,15,9,3,9,33.3,1,4,25.0,2,2,100.0,0,0,0,1,1,0,1,5,-14
Kelsey Mitchell,IND,IND vs. SEA,07/17/2026,2026,W,34,30,13,25,52.0,3,8,37.5,1,1,100.0,0,1,1,0,0,0,1,2,+1
Makayla Timpson,IND,IND vs. SEA,07/17/2026,2026,W,32,8,3,6,50.0,0,0,0.0,2,2,100.0,8,1,9,2,2,0,3,3,-9
Monique Billings,IND,IND vs. SEA,07/17/2026,2026,W,31,16,5,7,71.4,0,0,0.0,6,7,85.7,0,5,5,3,2,1,0,2,+14
Caitlin Clark,IND,IND vs. SEA,07/17/2026,2026,W,29,45,11,18,61.1,6,10,60.0,17,19,89.5,0,2,2,10,4,2,4,4,+16
Flau'jae Johnson,SEA,SEA @ IND,07/17/2026,2026,L,31,16,7,16,43.8,0,2,0.0,2,2,100.0,4,2,6,6,3,1,2,3,+4
Natisha Hiedeman,SEA,SEA @ IND,07/17/2026,2026,L,30,15,6,11,54.5,1,5,20.0,2,3,66.7,0,2,2,8,1,0,3,2,+2
Awa Fam,SEA,SEA @ IND,07/17/2026,2026,L,31,16,5,6,83.3,4,5,80.0,2,2,100.0,3,6,9,4,1,2,0,5,+4
Dominique Malonga,SEA,SEA @ IND,07/17/2026,2026,L,29,28,13,22,59.1,1,3,33.3,1,2,50.0,5,9,14,2,0,0,6,2,-13
Sydney Taylor,CHI,CHI vs. LA,07/17/2026,2026,W,26,19,6,10,60.0,4,7,57.1,3,4,75.0,0,1,1,2,0,0,1,3,+20
Natasha Cloud,CHI,CHI vs. LA,07/17/2026,2026,W,32,15,5,10,50.0,3,6,50.0,2,2,100.0,0,6,6,9,0,0,0,2,+11
Cassandre Prosper,WSH,WSH vs. POR,07/16/2026,2026,L,17,3,1,4,25.0,1,3,33.3,0,0,0.0,1,1,2,0,0,0,2,0,-2
Frieda Buhner,POR,POR @ WSH,07/16/2026,2026,W,18,9,3,7,42.9,3,5,60.0,0,0,0.0,2,3,5,1,0,1,2,2,+11
Nyadiew Puoch,POR,POR @ WSH,07/16/2026,2026,W,14,0,0,1,0.0,0,1,0.0,0,0,0.0,0,2,2,0,1,0,0,3,-1
Luisa Geiselsoder,POR,POR @ WSH,07/16/2026,2026,W,15,1,0,3,0.0,0,3,0.0,1,2,50.0,0,2,2,0,0,0,0,3,+2
Holly Winterburn,POR,POR @ WSH,07/16/2026,2026,W,3,3,1,2,50.0,1,2,50.0,0,0,0.0,0,0,0,0,0,0,0,0,+1
Teja Oblak,POR,POR @ WSH,07/16/2026,2026,W,17,9,4,12,33.3,1,5,20.0,0,0,0.0,1,0,1,2,0,0,3,5,+1
Angela Dugalic,WSH,WSH vs. POR,07/16/2026,2026,L,8,2,0,1,0.0,0,1,0.0,2,2,100.0,1,2,3,0,0,1,1,1,-5
Rori Harmon,WSH,WSH vs. POR,07/16/2026,2026,L,3,2,1,1,100.0,0,0,0.0,0,0,0.0,0,0,0,0,0,0,0,1,-1
Lucy Olsen,WSH,WSH vs. POR,07/16/2026,2026,L,3,0,0,1,0.0,0,1,0.0,0,0,0.0,0,1,1,0,0,0,0,0,-1
Cotie McMahon,WSH,WSH vs. POR,07/16/2026,2026,L,12,1,0,3,0.0,0,1,0.0,1,4,25.0,2,2,4,0,1,0,1,1,-7
Lexie Hull,IND,IND vs. GS,07/16/2026,2026,L,22,2,1,4,25.0,0,1,0.0,0,0,0.0,1,0,1,0,0,1,1,3,-9
Veronica Burton,GS,GS @ IND,07/16/2026,2026,W,30,4,1,4,25.0,0,1,0.0,2,2,100.0,2,3,5,4,3,0,3,2,+12
Raven Johnson,IND,IND vs. GS,07/16/2026,2026,L,1,0,0,1,0.0,0,0,0.0,0,0,0.0,0,0,0,0,0,0,0,0,-2
Tyasha Harris,IND,IND vs. GS,07/16/2026,2026,L,19,5,2,5,40.0,1,4,25.0,0,0,0.0,0,2,2,1,0,0,2,4,-11
Grace VanSlooten,IND,IND vs. GS,07/16/2026,2026,L,1,0,0,0,0.0,0,0,0.0,0,0,0.0,0,0,0,0,0,0,0,0,-2
Makayla Timpson,IND,IND vs. GS,07/16/2026,2026,L,19,6,3,4,75.0,0,0,0.0,0,0,0.0,1,4,5,0,0,0,1,1,-14
Tiffany Hayes,GS,GS @ IND,07/16/2026,2026,W,22,13,3,4,75.0,0,0,0.0,7,7,100.0,1,1,2,2,0,0,3,3,+11
Janelle Salaun,GS,GS @ IND,07/16/2026,2026,W,22,12,4,7,57.1,2,4,50.0,2,2,100.0,0,2,2,2,1,0,0,3,+4
Gabby Williams,GS,GS @ IND,07/16/2026,2026,W,27,16,6,12,50.0,2,5,40.0,2,4,50.0,1,2,3,1,3,1,5,1,+9
Kayla Thornton,GS,GS @ IND,07/16/2026,2026,W,31,11,3,8,37.5,2,5,40.0,3,3,100.0,2,6,8,1,0,0,1,2,+21
Katie Lou Samuelson,SEA,SEA @ CHI,07/15/2026,2026,L,20,11,4,4,100.0,1,1,100.0,2,3,66.7,2,1,3,0,2,0,0,2,-9
Gabriela Jaquez,CHI,CHI vs. SEA,07/15/2026,2026,W,19,10,5,10,50.0,0,4,0.0,0,0,0.0,0,2,2,1,1,0,0,0,-7
Sydney Taylor,CHI,CHI vs. SEA,07/15/2026,2026,W,25,17,7,15,46.7,1,6,16.7,2,3,66.7,1,4,5,0,1,0,2,4,0
Natasha Cloud,CHI,CHI vs. SEA,07/15/2026,2026,W,30,13,3,5,60.0,2,3,66.7,5,6,83.3,0,2,2,6,4,1,4,1,0
Elizabeth Williams,CHI,CHI vs. SEA,07/15/2026,2026,W,28,5,2,6,33.3,0,0,0.0,1,2,50.0,4,3,7,4,2,3,1,3,-6
Azura Stevens,CHI,CHI vs. SEA,07/15/2026,2026,W,33,20,8,16,50.0,3,6,50.0,1,2,50.0,0,8,8,4,0,0,3,4,+2
Antonia Delaere,MIN,MIN vs. LA,07/15/2026,2026,W,14,5,2,3,66.7,1,2,50.0,0,0,0.0,0,0,0,1,1,0,0,1,+12
Flau'jae Johnson,SEA,SEA @ CHI,07/15/2026,2026,L,31,25,11,17,64.7,1,5,20.0,2,3,66.7,1,5,6,4,3,1,3,1,-3
Ariel Atkins,LA,LA @ MIN,07/15/2026,2026,L,35,8,3,11,27.3,2,7,28.6,0,0,0.0,0,2,2,6,1,0,2,4,-2
Natisha Hiedeman,SEA,SEA @ CHI,07/15/2026,2026,L,30,6,3,11,27.3,0,5,0.0,0,0,0.0,1,2,3,3,0,0,3,1,+6
Kayla McBride,MIN,MIN vs. LA,07/15/2026,2026,W,31,24,8,16,50.0,2,8,25.0,6,7,85.7,0,1,1,1,1,0,1,1,+13
Nia Coffey,MIN,MIN vs. LA,07/15/2026,2026,W,29,8,3,6,50.0,2,4,50.0,0,0,0.0,1,4,5,2,1,2,1,1,-2
Natasha Howard,MIN,MIN vs. LA,07/15/2026,2026,W,32,10,5,8,62.5,0,0,0.0,0,0,0.0,3,7,10,6,3,1,2,2,+8
Rae Burrell,LA,LA @ MIN,07/15/2026,2026,L,33,24,8,14,57.1,2,5,40.0,6,6,100.0,0,4,4,2,1,1,3,0,-4
Kiana Williams,LA,LA @ MIN,07/15/2026,2026,L,11,1,0,0,0.0,0,0,0.0,1,2,50.0,0,0,0,1,1,0,3,3,-8
Dearica Hamby,LA,LA @ MIN,07/15/2026,2026,L,32,10,4,10,40.0,0,2,0.0,2,2,100.0,1,7,8,1,1,0,3,4,+3
Nneka Ogwumike,LA,LA @ MIN,07/15/2026,2026,L,33,23,10,16,62.5,2,4,50.0,1,1,100.0,2,10,12,5,1,0,0,1,-13
Courtney Williams,MIN,MIN vs. LA,07/15/2026,2026,W,35,19,7,13,53.8,1,4,25.0,4,5,80.0,0,2,2,4,1,0,3,1,-3
Dominique Malonga,SEA,SEA @ CHI,07/15/2026,2026,L,29,16,6,16,37.5,0,3,0.0,4,9,44.4,7,5,12,4,2,1,2,4,-10
Awa Fam,SEA,SEA @ CHI,07/15/2026,2026,L,31,14,6,15,40.0,2,6,33.3,0,0,0.0,1,6,7,3,1,2,2,3,-5
Kahleah Copper,PHX,PHX @ MIN,07/14/2026,2026,L,32,26,9,14,64.3,3,5,60.0,5,5,100.0,0,3,3,1,1,0,2,3,-5
Olivia Nelson-Ododa,CON,CON vs. POR,07/14/2026,2026,W,26,16,4,9,44.4,0,0,0.0,8,8,100.0,3,3,6,1,0,0,3,3,-9
Alyssa Thomas,PHX,PHX @ MIN,07/14/2026,2026,L,37,19,8,14,57.1,0,0,0.0,3,4,75.0,2,6,8,12,1,0,4,1,-4
DeWanna Bonner,PHX,PHX @ MIN,07/14/2026,2026,L,33,17,6,12,50.0,2,7,28.6,3,4,75.0,1,8,9,3,1,0,1,2,-6
Aaliyah Edwards,CON,CON vs. POR,07/14/2026,2026,W,24,21,9,13,69.2,0,1,0.0,3,3,100.0,3,5,8,3,0,0,1,2,+8
Leila Lacan,CON,CON vs. POR,07/14/2026,2026,W,30,14,6,11,54.5,1,2,50.0,1,2,50.0,0,1,1,3,3,1,2,2,+1
Charlisse Leger-Walker,CON,CON vs. POR,07/14/2026,2026,W,33,4,2,8,25.0,0,5,0.0,0,0,0.0,0,4,4,7,3,0,2,2,+5
Bridget Carleton,POR,POR @ CON,07/14/2026,2026,L,32,12,5,11,45.5,2,7,28.6,0,0,0.0,1,2,3,3,3,1,1,3,+2
Diamond Miller,CON,CON vs. POR,07/14/2026,2026,W,32,8,3,8,37.5,2,5,40.0,0,0,0.0,0,1,1,5,2,0,2,3,-5
Carla Leite,POR,POR @ CON,07/14/2026,2026,L,33,18,6,11,54.5,0,0,0.0,6,6,100.0,1,0,1,6,0,0,6,1,+3
Sarah Ashlee Barker,POR,POR @ CON,07/14/2026,2026,L,25,9,3,7,42.9,0,2,0.0,3,3,100.0,1,4,5,2,0,0,3,1,-6
Megan DiLeo,POR,POR @ CON,07/14/2026,2026,L,31,15,6,12,50.0,2,6,33.3,1,1,100.0,0,5,5,0,1,1,0,1,+2
Emily Engstler,POR,POR @ CON,07/14/2026,2026,L,29,14,5,12,41.7,1,5,20.0,3,4,75.0,0,6,6,7,3,1,1,5,+5
Lexi Held,PHX,PHX @ MIN,07/14/2026,2026,L,12,4,1,3,33.3,0,2,0.0,2,2,100.0,0,0,0,3,0,0,1,0,0
Sami Whitcomb,PHX,PHX @ MIN,07/14/2026,2026,L,19,9,3,4,75.0,3,4,75.0,0,0,0.0,1,0,1,2,0,0,1,2,-7
Rori Harmon,WSH,WSH @ TOR,07/14/2026,2026,W,1,0,0,0,0.0,0,0,0.0,0,0,0.0,0,0,0,0,0,0,0,0,0
Natasha Howard,MIN,MIN vs. PHX,07/14/2026,2026,W,35,13,5,11,45.5,0,2,0.0,3,4,75.0,0,3,3,7,2,0,4,3,+4
Lucy Olsen,WSH,WSH @ TOR,07/14/2026,2026,W,5,5,2,3,66.7,1,2,50.0,0,0,0.0,0,0,0,0,0,0,0,0,+2
Nia Coffey,MIN,MIN vs. PHX,07/14/2026,2026,W,30,5,2,4,50.0,1,3,33.3,0,0,0.0,0,3,3,0,1,2,0,0,+3
Kia Nurse,TOR,TOR vs. WSH,07/14/2026,2026,L,9,2,1,4,25.0,0,2,0.0,0,0,0.0,0,0,0,1,0,0,0,0,+3
Teonni Key,TOR,TOR vs. WSH,07/14/2026,2026,L,1,0,0,0,0.0,0,0,0.0,0,0,0.0,0,0,0,1,0,1,0,0,0
Laura Juskaite,TOR,TOR vs. WSH,07/14/2026,2026,L,25,7,3,8,37.5,0,4,0.0,1,2,50.0,1,3,4,1,0,0,1,3,-3
Maria Conde,TOR,TOR vs. WSH,07/14/2026,2026,L,30,2,1,5,20.0,0,2,0.0,0,0,0.0,0,4,4,3,1,0,1,2,-10
Cassandre Prosper,WSH,WSH @ TOR,07/14/2026,2026,W,8,0,0,6,0.0,0,2,0.0,0,0,0.0,2,0,2,0,0,0,0,3,+4
Tima Pouye,TOR,TOR vs. WSH,07/14/2026,2026,L,12,5,2,3,66.7,1,2,50.0,0,0,0.0,0,0,0,1,0,0,0,2,+2
Angela Dugalic,WSH,WSH @ TOR,07/14/2026,2026,W,4,0,0,1,0.0,0,0,0.0,0,0,0.0,1,1,2,0,0,0,0,0,-4
Olivia Miles,MIN,MIN vs. PHX,07/14/2026,2026,W,31,33,10,16,62.5,5,8,62.5,8,9,88.9,0,3,3,8,0,0,5,5,+10
Courtney Williams,MIN,MIN vs. PHX,07/14/2026,2026,W,35,8,3,7,42.9,0,3,0.0,2,2,100.0,3,4,7,3,2,0,0,4,+9
Kayla McBride,MIN,MIN vs. PHX,07/14/2026,2026,W,35,37,11,17,64.7,6,11,54.5,9,9,100.0,0,6,6,1,4,2,2,2,-3
Lauren Betts,WSH,WSH @ TOR,07/14/2026,2026,W,20,6,3,4,75.0,0,0,0.0,0,0,0.0,1,5,6,0,2,1,1,2,+8
Naz Hillmon,ATL,ATL vs. LA,07/13/2026,2026,W,32,10,4,7,57.1,1,3,33.3,1,2,50.0,3,2,5,2,0,0,3,1,+11
Tyasha Harris,IND,IND @ LV,07/13/2026,2026,W,23,10,3,5,60.0,2,4,50.0,2,2,100.0,0,2,2,2,1,0,0,3,+35
Ariel Atkins,LA,LA @ ATL,07/13/2026,2026,L,34,13,5,11,45.5,0,3,0.0,3,3,100.0,0,3,3,2,3,1,2,4,-10
Erica Wheeler,LA,LA @ ATL,07/13/2026,2026,L,32,20,8,16,50.0,2,6,33.3,2,2,100.0,0,3,3,4,1,0,3,5,-11
Dearica Hamby,LA,LA @ ATL,07/13/2026,2026,L,36,12,6,11,54.5,0,0,0.0,0,1,0.0,2,3,5,2,3,2,5,3,+4
Grace VanSlooten,IND,IND @ LV,07/13/2026,2026,W,3,0,0,0,0.0,0,0,0.0,0,0,0.0,0,0,0,0,0,0,0,1,+8
Damiris Dantas,IND,IND @ LV,07/13/2026,2026,W,2,0,0,0,0.0,0,0,0.0,0,0,0.0,0,1,1,0,0,0,0,0,+5
Brianna Turner,LV,LV vs. IND,07/13/2026,2026,L,11,4,2,2,100.0,0,0,0.0,0,0,0.0,0,1,1,0,0,0,0,2,-18
Raven Johnson,IND,IND @ LV,07/13/2026,2026,W,3,5,2,2,100.0,1,1,100.0,0,0,0.0,0,1,1,0,0,0,0,0,+8
Stephanie Talbot,LV,LV vs. IND,07/13/2026,2026,L,13,0,0,1,0.0,0,1,0.0,0,0,0.0,1,1,2,1,0,0,1,2,-8
Jewell Loyd,LV,LV vs. IND,07/13/2026,2026,L,28,8,2,6,33.3,0,3,0.0,4,4,100.0,1,1,2,3,1,0,0,3,-30
Dana Evans,LV,LV vs. IND,07/13/2026,2026,L,18,8,2,8,25.0,2,4,50.0,2,2,100.0,0,2,2,1,0,0,1,1,-34
Justine Pissott,LV,LV vs. IND,07/13/2026,2026,L,14,2,1,5,20.0,0,3,0.0,0,0,0.0,0,1,1,0,0,1,0,1,-24
Nneka Ogwumike,LA,LA @ ATL,07/13/2026,2026,L,32,19,7,13,53.8,3,5,60.0,2,2,100.0,2,3,5,5,0,0,3,3,-14
Rae Burrell,LA,LA @ ATL,07/13/2026,2026,L,33,18,5,9,55.6,2,5,40.0,6,6,100.0,1,3,4,4,3,0,2,3,+6
Lexie Hull,IND,IND @ LV,07/13/2026,2026,W,20,0,0,2,0.0,0,2,0.0,0,0,0.0,1,1,2,0,0,0,1,1,+10
Angel Reese,ATL,ATL vs. LA,07/13/2026,2026,W,33,23,7,11,63.6,1,1,100.0,8,8,100.0,3,10,13,2,3,0,3,4,+13
Jordin Canada,ATL,ATL vs. LA,07/13/2026,2026,W,35,16,5,12,41.7,1,5,20.0,5,5,100.0,1,2,3,9,2,0,3,1,+11
Rhyne Howard,ATL,ATL vs. LA,07/13/2026,2026,W,34,11,4,10,40.0,3,7,42.9,0,0,0.0,0,5,5,3,2,0,3,0,+3
Allisha Gray,ATL,ATL vs. LA,07/13/2026,2026,W,33,20,8,15,53.3,3,6,50.0,1,2,50.0,1,0,1,2,2,1,1,3,+8
Natisha Hiedeman,SEA,SEA @ WSH,07/12/2026,2026,L,33,31,14,24,58.3,2,5,40.0,1,1,100.0,0,3,3,3,3,0,4,1,+3
Courtney Vandersloot,CHI,CHI @ DAL,07/12/2026,2026,L,20,9,3,8,37.5,1,1,100.0,2,2,100.0,0,1,1,3,0,0,0,1,+6
Kamilla Cardoso,CHI,CHI @ DAL,07/12/2026,2026,L,29,12,6,12,50.0,0,0,0.0,0,0,0.0,2,11,13,2,1,1,1,2,-8
Azura Stevens,CHI,CHI @ DAL,07/12/2026,2026,L,32,18,7,13,53.8,3,6,50.0,1,1,100.0,1,12,13,3,2,0,3,4,-3
Dominique Malonga,SEA,SEA @ WSH,07/12/2026,2026,L,22,10,4,10,40.0,0,1,0.0,2,2,100.0,8,7,15,2,2,2,4,5,-5
Awa Fam,SEA,SEA @ WSH,07/12/2026,2026,L,32,5,2,9,22.2,1,6,16.7,0,0,0.0,3,6,9,2,0,2,3,2,-2
Jade Melbourne,SEA,SEA @ WSH,07/12/2026,2026,L,30,9,3,7,42.9,0,2,0.0,3,6,50.0,1,0,1,2,1,0,2,3,-7
Flau'jae Johnson,SEA,SEA @ WSH,07/12/2026,2026,L,31,9,2,9,22.2,0,2,0.0,5,6,83.3,0,7,7,3,4,0,2,2,-4
Jessica Shepard,DAL,DAL vs. CHI,07/12/2026,2026,W,34,19,9,13,69.2,0,0,0.0,1,2,50.0,4,6,10,5,0,0,1,1,+10
Michaela Onyenwere,WSH,WSH vs. SEA,07/12/2026,2026,W,24,0,0,3,0.0,0,1,0.0,0,0,0.0,2,0,2,2,0,1,2,4,+10
Kiki Iriafen,WSH,WSH vs. SEA,07/12/2026,2026,W,29,12,4,10,40.0,1,1,100.0,3,5,60.0,5,7,12,3,1,0,0,2,-5
Shakira Austin,WSH,WSH vs. SEA,07/12/2026,2026,W,33,27,10,18,55.6,2,4,50.0,5,7,71.4,2,4,6,3,1,1,3,2,+7
Sonia Citron,WSH,WSH vs. SEA,07/12/2026,2026,W,33,19,7,13,53.8,1,4,25.0,4,5,80.0,0,4,4,1,3,0,3,2,+2
Cassandre Prosper,WSH,WSH vs. SEA,07/12/2026,2026,W,10,3,1,2,50.0,1,2,50.0,0,0,0.0,0,0,0,1,0,0,1,2,+2
Sydney Taylor,CHI,CHI @ DAL,07/12/2026,2026,L,26,20,9,20,45.0,2,8,25.0,0,1,0.0,0,1,1,2,0,0,0,1,+10
Natasha Cloud,CHI,CHI @ DAL,07/12/2026,2026,L,32,15,5,8,62.5,0,2,0.0,5,5,100.0,0,2,2,3,0,0,2,3,-1
Arike Ogunbowale,DAL,DAL vs. CHI,07/12/2026,2026,W,30,17,6,14,42.9,2,6,33.3,3,4,75.0,1,2,3,1,1,0,1,0,+1
Julie Allemand,TOR,TOR vs. NY,07/12/2026,2026,W,34,4,2,4,50.0,0,2,0.0,0,0,0.0,0,5,5,10,2,0,1,2,-3
Breanna Stewart,NY,NY @ TOR,07/12/2026,2026,L,34,22,8,21,38.1,0,3,0.0,6,6,100.0,3,5,8,2,2,1,1,1,-11
Jonquel Jones,NY,NY @ TOR,07/12/2026,2026,L,31,10,3,8,37.5,1,5,20.0,3,4,75.0,3,7,10,0,0,1,2,2,-12
Sabrina Ionescu,NY,NY @ TOR,07/12/2026,2026,L,33,28,9,18,50.0,3,7,42.9,7,8,87.5,1,3,4,8,3,0,1,3,-3
Pauline Astier,NY,NY @ TOR,07/12/2026,2026,L,25,14,5,8,62.5,0,1,0.0,4,4,100.0,0,3,3,2,3,0,4,5,+14
Marine Johannes,NY,NY @ TOR,07/12/2026,2026,L,22,7,3,9,33.3,1,5,20.0,0,0,0.0,2,1,3,2,2,0,3,2,-12
Maria Conde,TOR,TOR vs. NY,07/12/2026,2026,W,34,15,5,11,45.5,3,7,42.9,2,2,100.0,0,2,2,2,2,1,1,4,+14
Laura Juskaite,TOR,TOR vs. NY,07/12/2026,2026,W,31,18,7,8,87.5,2,3,66.7,2,2,100.0,1,3,4,3,3,0,6,5,+12
Marina Mabrey,TOR,TOR vs. NY,07/12/2026,2026,W,35,30,9,19,47.4,3,8,37.5,9,11,81.8,0,2,2,5,0,1,6,3,+6
Nyara Sabally,TOR,TOR vs. NY,07/12/2026,2026,W,26,13,5,9,55.6,0,1,0.0,3,3,100.0,3,4,7,1,2,0,2,3,+7
Li Yueru,DAL,DAL vs. CHI,07/12/2026,2026,W,23,10,4,6,66.7,1,3,33.3,1,1,100.0,2,8,10,0,1,1,0,1,+17
Azzi Fudd,DAL,DAL vs. CHI,07/12/2026,2026,W,35,16,5,14,35.7,3,8,37.5,3,3,100.0,0,1,1,3,2,1,0,1,+2
Paige Bueckers,DAL,DAL vs. CHI,07/12/2026,2026,W,36,22,7,15,46.7,1,3,33.3,7,8,87.5,0,6,6,11,0,1,1,4,+14
Nia Coffey,MIN,MIN vs. NY,07/11/2026,2026,W,28,3,1,2,50.0,1,2,50.0,0,0,0.0,1,4,5,5,0,2,2,4,+9
Pauline Astier,NY,NY @ MIN,07/11/2026,2026,L,23,4,2,5,40.0,0,1,0.0,0,0,0.0,0,0,0,2,2,0,4,3,-9
Kayla McBride,MIN,MIN vs. NY,07/11/2026,2026,W,33,25,8,17,47.1,5,11,45.5,4,4,100.0,1,3,4,2,4,0,0,4,+1
Courtney Williams,MIN,MIN vs. NY,07/11/2026,2026,W,36,12,5,17,29.4,2,3,66.7,0,0,0.0,5,7,12,1,0,0,3,2,+7
Olivia Miles,MIN,MIN vs. NY,07/11/2026,2026,W,32,23,6,16,37.5,4,7,57.1,7,10,70.0,1,4,5,4,1,0,2,3,+1
Kamilla Cardoso,CHI,CHI @ LA,07/11/2026,2026,L,28,15,6,9,66.7,0,0,0.0,3,3,100.0,1,7,8,2,0,1,0,5,-12
Natasha Howard,MIN,MIN vs. NY,07/11/2026,2026,W,36,16,5,9,55.6,1,1,100.0,5,6,83.3,5,4,9,2,2,0,2,3,-1
Marine Johannes,NY,NY @ MIN,07/11/2026,2026,L,23,14,5,10,50.0,4,9,44.4,0,0,0.0,1,2,3,1,1,0,0,3,-6
Dearica Hamby,LA,LA vs. CHI,07/11/2026,2026,W,30,17,7,13,53.8,1,1,100.0,2,4,50.0,0,7,7,3,3,1,1,2,+12
Sabrina Ionescu,NY,NY @ MIN,07/11/2026,2026,L,35,25,9,20,45.0,3,12,25.0,4,4,100.0,3,5,8,5,2,0,3,0,+7
Jonquel Jones,NY,NY @ MIN,07/11/2026,2026,L,33,15,5,11,45.5,2,5,40.0,3,4,75.0,3,9,12,2,0,1,0,4,+5
Breanna Stewart,NY,NY @ MIN,07/11/2026,2026,L,37,17,7,16,43.8,2,3,66.7,1,1,100.0,3,4,7,3,2,1,4,1,-4
Kiana Williams,LA,LA vs. CHI,07/11/2026,2026,W,15,0,0,2,0.0,0,2,0.0,0,0,0.0,0,0,0,5,1,0,1,0,-2
Ariel Atkins,LA,LA vs. CHI,07/11/2026,2026,W,29,17,7,13,53.8,2,5,40.0,1,1,100.0,1,2,3,6,3,0,1,4,+24
Erica Wheeler,LA,LA vs. CHI,07/11/2026,2026,W,28,15,6,10,60.0,3,6,50.0,0,0,0.0,0,2,2,8,3,0,2,3,+19
Nneka Ogwumike,LA,LA vs. CHI,07/11/2026,2026,W,33,25,9,16,56.2,3,7,42.9,4,5,80.0,0,12,12,5,1,1,2,2,+12
Gabriela Jaquez,CHI,CHI @ LA,07/11/2026,2026,L,20,15,6,12,50.0,0,2,0.0,3,3,100.0,2,3,5,0,0,0,0,0,-8
Azura Stevens,CHI,CHI @ LA,07/11/2026,2026,L,30,10,4,7,57.1,1,3,33.3,1,1,100.0,1,7,8,2,0,1,2,2,-11
Sydney Taylor,CHI,CHI @ LA,07/11/2026,2026,L,21,15,5,11,45.5,2,7,28.6,3,3,100.0,0,1,1,2,0,0,3,3,-3
Isobel Borlase,ATL,ATL vs. POR,07/11/2026,2026,L,18,4,1,5,20.0,0,2,0.0,2,2,100.0,0,1,1,3,0,1,2,1,-1
Stephanie Talbot,LV,LV vs. PHX,07/11/2026,2026,W,24,4,2,5,40.0,0,1,0.0,0,0,0.0,4,3,7,1,1,0,1,0,+21
Noemie Brochant,PHX,PHX @ LV,07/11/2026,2026,L,20,6,2,3,66.7,2,2,100.0,0,0,0.0,0,1,1,1,0,0,2,2,-13
Marta Suarez,PHX,PHX @ LV,07/11/2026,2026,L,12,5,2,4,50.0,0,1,0.0,1,2,50.0,0,0,0,2,0,0,0,0,-12
Monique Akoa Makani,PHX,PHX @ LV,07/11/2026,2026,L,26,13,5,13,38.5,3,7,42.9,0,0,0.0,0,1,1,1,0,0,3,3,-30
Valeriane Ayayi,PHX,PHX @ LV,07/11/2026,2026,L,31,5,1,5,20.0,0,2,0.0,3,3,100.0,1,6,7,1,0,0,2,2,-33
Cheyenne Parker-Tyus,LV,LV vs. PHX,07/11/2026,2026,W,14,15,4,7,57.1,0,0,0.0,7,8,87.5,2,5,7,0,0,1,1,2,+8
Kierstan Bell,LV,LV vs. PHX,07/11/2026,2026,W,17,3,1,6,16.7,1,5,20.0,0,0,0.0,0,3,3,4,0,0,1,1,+14
Sika Kone,ATL,ATL vs. POR,07/11/2026,2026,L,17,11,3,8,37.5,1,4,25.0,4,4,100.0,2,3,5,0,0,0,0,5,-5
Jewell Loyd,LV,LV vs. PHX,07/11/2026,2026,W,28,9,3,7,42.9,2,6,33.3,1,2,50.0,1,0,1,3,2,0,1,4,+36
Justine Pissott,LV,LV vs. PHX,07/11/2026,2026,W,10,17,6,7,85.7,5,6,83.3,0,0,0.0,0,2,2,2,0,0,1,1,+5
Lexi Held,PHX,PHX @ LV,07/11/2026,2026,L,23,11,5,10,50.0,1,6,16.7,0,0,0.0,1,2,3,2,1,0,1,2,-25
Natasha Cloud,CHI,CHI @ LA,07/11/2026,2026,L,27,9,2,11,18.2,1,5,20.0,4,6,66.7,0,2,2,7,2,0,1,5,-16
Bridget Carleton,POR,POR @ ATL,07/11/2026,2026,W,34,12,4,9,44.4,4,8,50.0,0,0,0.0,1,2,3,4,2,2,1,1,+17
Emily Engstler,POR,POR @ ATL,07/11/2026,2026,W,25,14,5,8,62.5,2,4,50.0,2,2,100.0,0,11,11,4,3,1,2,3,+17
Nyadiew Puoch,POR,POR @ ATL,07/11/2026,2026,W,25,9,4,8,50.0,1,3,33.3,0,0,0.0,0,0,0,0,1,0,0,3,+14
Megan DiLeo,POR,POR @ ATL,07/11/2026,2026,W,27,17,7,11,63.6,2,4,50.0,1,1,100.0,0,4,4,1,1,0,3,3,+1
Carla Leite,POR,POR @ ATL,07/11/2026,2026,W,26,13,2,7,28.6,1,3,33.3,8,9,88.9,1,2,3,10,0,0,6,5,-2
Naz Hillmon,ATL,ATL vs. POR,07/11/2026,2026,L,36,15,6,11,54.5,1,5,20.0,2,3,66.7,3,5,8,2,1,1,3,3,-2
Jordin Canada,ATL,ATL vs. POR,07/11/2026,2026,L,35,10,4,8,50.0,0,2,0.0,2,5,40.0,2,2,4,12,2,0,3,5,-8
Rhyne Howard,ATL,ATL vs. POR,07/11/2026,2026,L,31,10,3,9,33.3,2,8,25.0,2,2,100.0,1,2,3,4,4,0,1,2,-11
Luisa Geiselsoder,POR,POR vs. LV,07/10/2026,2026,L,6,3,1,3,33.3,1,2,50.0,0,0,0.0,0,1,1,0,0,0,0,1,+1
Dominique Malonga,SEA,SEA @ ATL,07/10/2026,2026,L,29,15,6,12,50.0,0,1,0.0,3,4,75.0,2,7,9,2,1,1,4,3,-3
Nyadiew Puoch,POR,POR vs. LV,07/10/2026,2026,L,13,4,2,3,66.7,0,1,0.0,0,1,0.0,1,1,2,1,0,0,1,1,-1
Frieda Buhner,POR,POR vs. LV,07/10/2026,2026,L,16,6,2,5,40.0,0,2,0.0,2,2,100.0,0,1,1,0,2,0,3,1,-11
Jewell Loyd,LV,LV @ POR,07/10/2026,2026,W,29,6,2,6,33.3,2,4,50.0,0,0,0.0,1,0,1,0,2,0,1,3,+4
Kierstan Bell,LV,LV @ POR,07/10/2026,2026,W,12,5,1,3,33.3,1,3,33.3,2,2,100.0,1,3,4,1,0,0,1,2,-10
Brianna Turner,LV,LV @ POR,07/10/2026,2026,W,14,2,1,1,100.0,0,0,0.0,0,0,0.0,1,2,3,0,0,2,1,0,-2
Cheyenne Parker-Tyus,LV,LV @ POR,07/10/2026,2026,W,5,0,0,0,0.0,0,0,0.0,0,0,0.0,0,0,0,0,0,0,2,0,-12
Kahleah Copper,PHX,PHX vs. IND,07/10/2026,2026,L,32,22,9,17,52.9,3,6,50.0,1,2,50.0,0,5,5,2,1,0,1,2,-8
Stephanie Talbot,LV,LV @ POR,07/10/2026,2026,W,17,0,0,3,0.0,0,2,0.0,0,0,0.0,0,2,2,1,1,0,1,3,-5
Rhyne Howard,ATL,ATL vs. SEA,07/10/2026,2026,W,35,19,6,14,42.9,4,11,36.4,3,4,75.0,0,4,4,2,4,2,3,4,+7
Holly Winterburn,POR,POR vs. LV,07/10/2026,2026,L,3,3,1,1,100.0,1,1,100.0,0,0,0.0,0,0,0,0,0,0,0,0,+8
Awa Fam,SEA,SEA @ ATL,07/10/2026,2026,L,30,4,2,8,25.0,0,5,0.0,0,0,0.0,0,5,5,4,0,0,0,0,-12
Natisha Hiedeman,SEA,SEA @ ATL,07/10/2026,2026,L,34,20,7,17,41.2,3,9,33.3,3,3,100.0,0,5,5,3,0,0,4,3,-9
Flau'jae Johnson,SEA,SEA @ ATL,07/10/2026,2026,L,29,14,5,12,41.7,0,3,0.0,4,5,80.0,0,2,2,5,2,1,3,2,-3
Jade Melbourne,SEA,SEA @ ATL,07/10/2026,2026,L,25,5,2,2,100.0,0,0,0.0,1,2,50.0,0,2,2,4,1,0,4,4,-5
Naz Hillmon,ATL,ATL vs. SEA,07/10/2026,2026,W,29,7,2,9,22.2,1,7,14.3,2,2,100.0,0,2,2,1,3,0,1,1,+11
Allisha Gray,ATL,ATL vs. SEA,07/10/2026,2026,W,32,22,7,13,53.8,1,3,33.3,7,7,100.0,0,3,3,5,1,1,3,2,+15
Jordin Canada,ATL,ATL vs. SEA,07/10/2026,2026,W,34,14,4,10,40.0,0,1,0.0,6,7,85.7,3,6,9,8,3,1,2,3,+10
Isobel Borlase,ATL,ATL vs. SEA,07/10/2026,2026,W,10,4,2,2,100.0,0,0,0.0,0,0,0.0,0,2,2,0,0,0,0,2,+3
Monique Akoa Makani,PHX,PHX vs. IND,07/10/2026,2026,L,24,14,4,6,66.7,3,3,100.0,3,3,100.0,0,0,0,3,0,0,4,2,-3
Aliyah Boston,IND,IND @ PHX,07/10/2026,2026,W,38,21,9,16,56.2,3,5,60.0,0,0,0.0,0,9,9,0,1,1,1,2,+7
Kelsey Mitchell,IND,IND @ PHX,07/10/2026,2026,W,35,29,10,22,45.5,3,6,50.0,6,6,100.0,1,1,2,8,3,1,0,3,+4
Lexie Hull,IND,IND @ PHX,07/10/2026,2026,W,18,10,4,6,66.7,2,3,66.7,0,0,0.0,0,0,0,0,0,0,0,1,-3
Makayla Timpson,IND,IND @ PHX,07/10/2026,2026,W,15,0,0,2,0.0,0,0,0.0,0,0,0.0,2,3,5,1,0,1,0,0,+9
Sophie Cunningham,IND,IND @ PHX,07/10/2026,2026,W,29,9,2,7,28.6,1,5,20.0,4,4,100.0,0,2,2,2,1,0,1,1,+5
DeWanna Bonner,PHX,PHX vs. IND,07/10/2026,2026,L,27,9,4,8,50.0,1,3,33.3,0,0,0.0,0,7,7,2,1,0,1,0,-11
Alyssa Thomas,PHX,PHX vs. IND,07/10/2026,2026,L,33,22,10,18,55.6,0,0,0.0,2,2,100.0,1,5,6,7,1,1,1,4,-5
Valeriane Ayayi,PHX,PHX vs. IND,07/10/2026,2026,L,30,10,4,8,50.0,2,5,40.0,0,1,0.0,1,1,2,3,0,0,2,2,-10
Serah Williams,POR,POR vs. LV,07/10/2026,2026,L,6,2,1,3,33.3,0,0,0.0,0,0,0.0,0,0,0,1,0,0,1,3,-1
Diamond Miller,CON,CON vs. GS,07/10/2026,2026,L,27,14,4,8,50.0,1,3,33.3,5,5,100.0,0,3,3,0,0,0,3,3,-1
Kaila Charles,GS,GS @ CON,07/10/2026,2026,W,30,9,3,5,60.0,1,1,100.0,2,2,100.0,3,2,5,1,1,0,2,1,+9
Tima Pouye,TOR,TOR vs. DAL,07/10/2026,2026,L,9,2,1,1,100.0,0,0,0.0,0,0,0.0,0,1,1,1,0,0,0,4,+3
Jessica Shepard,DAL,DAL @ TOR,07/10/2026,2026,W,40,20,7,9,77.8,0,0,0.0,6,8,75.0,6,11,17,3,1,0,4,2,+13
Arike Ogunbowale,DAL,DAL @ TOR,07/10/2026,2026,W,30,20,6,11,54.5,1,3,33.3,7,7,100.0,1,2,3,7,0,0,0,2,+14
Paige Bueckers,DAL,DAL @ TOR,07/10/2026,2026,W,38,34,13,22,59.1,2,5,40.0,6,6,100.0,1,5,6,6,2,0,1,2,+15
Azzi Fudd,DAL,DAL @ TOR,07/10/2026,2026,W,36,13,5,13,38.5,3,7,42.9,0,0,0.0,1,1,2,2,1,0,0,3,+16
Alysha Clark,DAL,DAL @ TOR,07/10/2026,2026,W,17,10,4,4,100.0,2,2,100.0,0,0,0.0,0,0,0,2,0,0,0,4,+16
Marina Mabrey,TOR,TOR vs. DAL,07/10/2026,2026,L,27,34,10,18,55.6,6,9,66.7,8,8,100.0,0,1,1,1,0,0,3,4,-6
Teonni Key,TOR,TOR vs. DAL,07/10/2026,2026,L,7,0,0,0,0.0,0,0,0.0,0,0,0.0,0,0,0,0,1,0,0,1,+5
Kia Nurse,TOR,TOR vs. DAL,07/10/2026,2026,L,15,0,0,6,0.0,0,5,0.0,0,0,0.0,0,1,1,1,0,0,0,0,-5
Kayla Alexander,TOR,TOR vs. DAL,07/10/2026,2026,L,10,1,0,1,0.0,0,0,0.0,1,2,50.0,1,1,2,0,0,0,1,2,-9
Kaitlyn Chen,GS,GS @ CON,07/10/2026,2026,W,21,8,4,7,57.1,0,1,0.0,0,2,0.0,0,1,1,1,2,0,4,0,+6
Janelle Salaun,GS,GS @ CON,07/10/2026,2026,W,27,16,5,11,45.5,4,7,57.1,2,2,100.0,0,7,7,1,3,1,1,2,+18
Nadia Fingall,GS,GS @ CON,07/10/2026,2026,W,2,3,1,1,100.0,1,1,100.0,0,0,0.0,0,0,0,0,0,0,0,1,-5
Gianna Kneepkens,CON,CON vs. GS,07/10/2026,2026,L,9,0,0,1,0.0,0,0,0.0,0,0,0.0,0,1,1,0,1,0,0,3,-8
Hailey Van Lith,CON,CON vs. GS,07/10/2026,2026,L,9,0,0,0,0.0,0,0,0.0,0,0,0.0,0,0,0,2,1,0,0,0,-5
Nell Angloma,CON,CON vs. GS,07/10/2026,2026,L,16,6,3,8,37.5,0,4,0.0,0,0,0.0,0,1,1,4,1,2,2,3,-1
Raegan Beers,CON,CON vs. GS,07/10/2026,2026,L,10,3,0,1,0.0,0,0,0.0,3,4,75.0,1,1,2,1,0,0,1,1,+1
Juste Jocyte,GS,GS @ CON,07/10/2026,2026,W,2,0,0,1,0.0,0,0,0.0,0,0,0.0,0,0,0,0,0,0,1,1,-5
Tyasha Harris,IND,IND @ LA,07/09/2026,2026,L,26,10,3,6,50.0,1,4,25.0,3,4,75.0,1,2,3,4,0,0,1,3,-2
Alissa Pili,LA,LA vs. IND,07/09/2026,2026,W,12,4,2,3,66.7,0,0,0.0,0,0,0.0,2,3,5,2,0,0,0,1,+5
Kiana Williams,LA,LA vs. IND,07/09/2026,2026,W,15,5,2,4,50.0,1,3,33.3,0,0,0.0,0,1,1,4,0,0,1,1,+13
Dearica Hamby,LA,LA vs. IND,07/09/2026,2026,W,34,21,8,15,53.3,0,1,0.0,5,6,83.3,2,7,9,2,4,0,3,2,+17
Bree Hall,IND,IND @ LA,07/09/2026,2026,L,1,0,0,0,0.0,0,0,0.0,0,0,0.0,0,0,0,0,0,0,0,0,-3
Raven Johnson,IND,IND @ LA,07/09/2026,2026,L,13,3,1,9,11.1,0,3,0.0,1,2,50.0,2,0,2,2,1,0,2,1,-3
Jihyun Park,LA,LA vs. IND,07/09/2026,2026,W,10,3,0,2,0.0,0,0,0.0,3,4,75.0,2,2,4,1,3,0,0,0,+8
Damiris Dantas,IND,IND @ LA,07/09/2026,2026,L,22,12,4,6,66.7,2,3,66.7,2,2,100.0,0,4,4,2,0,0,2,3,-7
Makayla Timpson,IND,IND @ LA,07/09/2026,2026,L,23,9,4,6,66.7,0,0,0.0,1,3,33.3,1,4,5,0,0,3,1,3,-1
Ariel Atkins,LA,LA vs. IND,07/09/2026,2026,W,31,12,4,10,40.0,2,5,40.0,2,2,100.0,0,3,3,1,2,0,2,5,+7
Kamilla Cardoso,CHI,CHI @ PHX,07/08/2026,2026,W,28,9,4,7,57.1,0,0,0.0,1,3,33.3,1,3,4,4,2,4,1,2,+1
Natasha Cloud,CHI,CHI @ PHX,07/08/2026,2026,W,32,11,3,8,37.5,3,7,42.9,2,2,100.0,0,4,4,6,2,0,1,4,+8
Azura Stevens,CHI,CHI @ PHX,07/08/2026,2026,W,26,9,3,10,30.0,1,3,33.3,2,2,100.0,2,8,10,2,2,0,3,4,-3
Courtney Vandersloot,CHI,CHI @ PHX,07/08/2026,2026,W,18,7,2,6,33.3,1,4,25.0,2,4,50.0,1,2,3,1,0,0,2,1,0
Kia Nurse,TOR,TOR vs. GS,07/08/2026,2026,L,15,8,2,3,66.7,2,3,66.7,2,2,100.0,0,1,1,2,0,0,1,2,-11
Tima Pouye,TOR,TOR vs. GS,07/08/2026,2026,L,13,2,1,4,25.0,0,3,0.0,0,0,0.0,0,0,0,1,0,0,0,1,-4
Alyssa Thomas,PHX,PHX vs. CHI,07/08/2026,2026,L,31,11,3,7,42.9,0,0,0.0,5,7,71.4,0,7,7,5,4,1,5,2,-6
Awak Kuier,DAL,DAL @ NY,07/08/2026,2026,W,28,10,3,6,50.0,3,4,75.0,1,1,100.0,4,8,12,7,0,3,1,4,+8
Arike Ogunbowale,DAL,DAL @ NY,07/08/2026,2026,W,32,8,3,8,37.5,0,4,0.0,2,2,100.0,1,0,1,1,1,0,1,4,+11
Paige Bueckers,DAL,DAL @ NY,07/08/2026,2026,W,33,15,5,15,33.3,1,5,20.0,4,4,100.0,1,6,7,6,0,2,1,1,+15
Azzi Fudd,DAL,DAL @ NY,07/08/2026,2026,W,34,12,6,13,46.2,0,4,0.0,0,0,0.0,0,0,0,3,2,0,0,1,0
Rebekah Gardner,NY,NY vs. DAL,07/08/2026,2026,L,26,4,0,4,0.0,0,1,0.0,4,4,100.0,1,2,3,1,1,0,0,3,-3
Raquel Carrera,NY,NY vs. DAL,07/08/2026,2026,L,5,0,0,0,0.0,0,0,0.0,0,0,0.0,0,0,0,1,0,0,0,0,-3
Han Xu,NY,NY vs. DAL,07/08/2026,2026,L,8,2,1,3,33.3,0,1,0.0,0,0,0.0,2,1,3,0,0,0,0,0,-9
Betnijah Laney-Hamilton,NY,NY vs. DAL,07/08/2026,2026,L,15,0,0,5,0.0,0,1,0.0,0,0,0.0,0,0,0,1,0,0,0,2,-9
Marine Johannes,NY,NY vs. DAL,07/08/2026,2026,L,21,7,2,7,28.6,0,5,0.0,3,3,100.0,0,2,2,1,1,0,1,1,-13
Kayla Thornton,GS,GS @ TOR,07/08/2026,2026,W,25,15,4,6,66.7,3,5,60.0,4,4,100.0,4,5,9,0,1,1,2,4,+3
Veronica Burton,GS,GS @ TOR,07/08/2026,2026,W,21,6,1,2,50.0,1,2,50.0,3,4,75.0,0,2,2,6,2,0,1,2,-1
Janelle Salaun,GS,GS @ TOR,07/08/2026,2026,W,23,26,7,10,70.0,5,6,83.3,7,9,77.8,2,4,6,1,1,0,3,1,+11
Kaila Charles,GS,GS @ TOR,07/08/2026,2026,W,25,5,1,7,14.3,0,3,0.0,3,4,75.0,2,3,5,1,0,0,1,4,+12
Kaitlyn Chen,GS,GS @ TOR,07/08/2026,2026,W,22,16,8,12,66.7,0,2,0.0,0,0,0.0,1,0,1,3,1,0,1,1,+11
Isabelle Harrison,TOR,TOR vs. GS,07/08/2026,2026,L,31,24,10,17,58.8,1,2,50.0,3,3,100.0,3,5,8,2,0,0,4,4,-13
Marina Mabrey,TOR,TOR vs. GS,07/08/2026,2026,L,34,11,2,9,22.2,0,3,0.0,7,8,87.5,0,6,6,4,1,0,5,1,-5
Laura Juskaite,TOR,TOR vs. GS,07/08/2026,2026,L,18,5,1,2,50.0,1,2,50.0,2,2,100.0,0,0,0,1,3,0,3,5,+7
Jacy Sheldon,CHI,CHI @ PHX,07/08/2026,2026,W,17,3,1,3,33.3,1,2,50.0,0,2,0.0,0,1,1,2,1,0,0,1,+7
Jessica Shepard,DAL,DAL @ NY,07/08/2026,2026,W,37,22,11,16,68.8,0,0,0.0,0,0,0.0,3,9,12,11,0,0,4,3,+2
Valeriane Ayayi,PHX,PHX vs. CHI,07/08/2026,2026,L,28,9,3,6,50.0,1,4,25.0,2,2,100.0,2,4,6,0,1,0,4,3,-7
Courtney Williams,MIN,MIN @ CON,07/08/2026,2026,W,30,12,6,13,46.2,0,3,0.0,0,0,0.0,0,4,4,7,2,0,5,1,-6
Kennedy Burke,CON,CON vs. MIN,07/08/2026,2026,L,27,3,1,8,12.5,1,4,25.0,0,0,0.0,2,2,4,3,1,3,1,4,-4
Leila Lacan,CON,CON vs. MIN,07/08/2026,2026,L,29,15,5,9,55.6,2,6,33.3,3,3,100.0,1,5,6,6,1,0,1,4,+5
Charlisse Leger-Walker,CON,CON vs. MIN,07/08/2026,2026,L,31,7,3,11,27.3,1,5,20.0,0,0,0.0,0,4,4,3,3,1,4,2,-15
Olivia Nelson-Ododa,CON,CON vs. MIN,07/08/2026,2026,L,27,14,6,9,66.7,0,0,0.0,2,3,66.7,1,4,5,2,1,1,2,2,+2
Diamond Miller,CON,CON vs. MIN,07/08/2026,2026,L,23,13,2,7,28.6,0,3,0.0,9,9,100.0,1,3,4,2,1,1,4,4,-5
Anastasiia Olairi Kosu,MIN,MIN @ CON,07/08/2026,2026,W,15,5,1,3,33.3,0,0,0.0,3,4,75.0,3,1,4,3,0,0,1,2,+11
Antonia Delaere,MIN,MIN @ CON,07/08/2026,2026,W,23,10,4,7,57.1,2,4,50.0,0,0,0.0,0,0,0,0,2,0,3,4,+7
Dorka Juhasz,MIN,MIN @ CON,07/08/2026,2026,W,19,12,4,7,57.1,4,6,66.7,0,0,0.0,1,5,6,1,0,1,1,2,+9
Kayla McBride,MIN,MIN @ CON,07/08/2026,2026,W,38,23,6,10,60.0,2,2,100.0,9,9,100.0,1,3,4,4,2,1,0,2,+9
Lexi Held,PHX,PHX vs. CHI,07/08/2026,2026,L,27,0,0,4,0.0,0,1,0.0,0,0,0.0,1,0,1,2,1,0,1,2,+5
Marta Suarez,PHX,PHX vs. CHI,07/08/2026,2026,L,6,0,0,3,0.0,0,1,0.0,0,0,0.0,0,1,1,0,0,0,1,0,-8
Kahleah Copper,PHX,PHX vs. CHI,07/08/2026,2026,L,34,25,9,19,47.4,4,10,40.0,3,5,60.0,3,1,4,1,1,0,4,3,-9
Jihyun Park,LA,LA vs. SEA,07/07/2026,2026,L,10,0,0,4,0.0,0,2,0.0,0,0,0.0,0,1,1,0,0,0,1,2,-5
Kiana Williams,LA,LA vs. SEA,07/07/2026,2026,L,16,4,2,5,40.0,0,3,0.0,0,0,0.0,0,0,0,3,1,0,1,1,-4
Leila Lacan,CON,CON @ MIN,07/07/2026,2026,W,34,13,5,13,38.5,2,3,66.7,1,2,50.0,1,1,2,3,4,0,0,3,+5
Brittney Griner,CON,CON @ MIN,07/07/2026,2026,W,34,29,11,14,78.6,0,0,0.0,7,11,63.6,2,8,10,3,2,2,1,4,+13
Diamond Miller,CON,CON @ MIN,07/07/2026,2026,W,19,5,2,7,28.6,0,1,0.0,1,2,50.0,0,4,4,3,0,1,1,3,-1
Chance Gray,LA,LA vs. SEA,07/07/2026,2026,L,14,3,1,2,50.0,1,2,50.0,0,0,0.0,0,3,3,0,0,0,0,0,+4
Katie Lou Samuelson,SEA,SEA @ LA,07/07/2026,2026,W,15,9,3,4,75.0,3,4,75.0,0,0,0.0,1,4,5,0,0,0,0,1,-2
Jordan Horston,SEA,SEA @ LA,07/07/2026,2026,W,17,6,3,6,50.0,0,2,0.0,0,0,0.0,0,2,2,1,3,0,0,4,+6
Mackenzie Holmes,SEA,SEA @ LA,07/07/2026,2026,W,3,0,0,0,0.0,0,0,0.0,0,0,0.0,0,1,1,0,1,0,0,0,-1
Taylor Thierry,SEA,SEA @ LA,07/07/2026,2026,W,3,0,0,0,0.0,0,0,0.0,0,0,0.0,0,1,1,0,0,0,0,0,-1
Zia Cooke,SEA,SEA @ LA,07/07/2026,2026,W,13,7,3,8,37.5,1,3,33.3,0,0,0.0,0,2,2,0,0,0,1,3,+3
Emma Cannon,LA,LA vs. SEA,07/07/2026,2026,L,15,5,2,4,50.0,1,2,50.0,0,0,0.0,0,3,3,3,0,1,1,2,-1
Natasha Howard,MIN,MIN vs. CON,07/07/2026,2026,L,26,18,6,10,60.0,0,1,0.0,6,7,85.7,3,3,6,4,0,2,2,5,0
Kate Martin,LA,LA vs. SEA,07/07/2026,2026,L,17,8,1,7,14.3,1,6,16.7,5,6,83.3,1,5,6,0,1,0,0,1,+1
Kennedy Burke,CON,CON @ MIN,07/07/2026,2026,W,23,16,6,8,75.0,3,4,75.0,1,1,100.0,0,0,0,2,2,0,3,0,-4
Charlisse Leger-Walker,CON,CON @ MIN,07/07/2026,2026,W,28,6,2,8,25.0,2,4,50.0,0,0,0.0,1,3,4,5,1,0,2,3,+5
Nia Coffey,MIN,MIN vs. CON,07/07/2026,2026,L,20,2,0,6,0.0,0,4,0.0,2,2,100.0,0,4,4,3,0,3,0,3,+3
Kayla McBride,MIN,MIN vs. CON,07/07/2026,2026,L,38,28,10,19,52.6,4,8,50.0,4,5,80.0,0,3,3,2,0,1,6,2,+2
Courtney Williams,MIN,MIN vs. CON,07/07/2026,2026,L,36,23,10,21,47.6,3,6,50.0,0,0,0.0,2,7,9,6,3,0,2,3,-2
Antonia Delaere,MIN,MIN vs. CON,07/07/2026,2026,L,25,8,3,4,75.0,2,3,66.7,0,0,0.0,1,1,2,0,1,0,0,3,-1
Janelle Salaun,GS,GS @ WSH,07/06/2026,2026,W,25,8,3,13,23.1,2,9,22.2,0,0,0.0,0,1,1,0,1,1,0,2,+14
Kaila Charles,GS,GS @ WSH,07/06/2026,2026,W,25,8,4,10,40.0,0,2,0.0,0,0,0.0,3,2,5,1,1,0,0,3,+19
Kaitlyn Chen,GS,GS @ WSH,07/06/2026,2026,W,21,14,6,9,66.7,1,3,33.3,1,1,100.0,0,1,1,4,0,0,1,1,+14
Cotie McMahon,WSH,WSH vs. GS,07/06/2026,2026,L,29,8,2,7,28.6,1,4,25.0,3,3,100.0,0,5,5,3,0,0,3,2,-9
Angela Dugalic,WSH,WSH vs. GS,07/06/2026,2026,L,10,0,0,1,0.0,0,1,0.0,0,0,0.0,1,0,1,0,0,0,0,0,-14
Lauren Betts,WSH,WSH vs. GS,07/06/2026,2026,L,16,7,3,7,42.9,0,0,0.0,1,1,100.0,2,3,5,3,0,1,2,1,-10
Lucy Olsen,WSH,WSH vs. GS,07/06/2026,2026,L,15,5,2,5,40.0,1,3,33.3,0,2,0.0,0,0,0,3,0,0,0,0,+2
Cassandre Prosper,WSH,WSH vs. GS,07/06/2026,2026,L,9,0,0,1,0.0,0,1,0.0,0,0,0.0,1,0,1,0,0,0,1,0,-3
Veronica Burton,GS,GS @ WSH,07/06/2026,2026,W,23,7,3,10,30.0,0,3,0.0,1,1,100.0,1,2,3,3,2,0,0,1,0
Kiah Stokes,GS,GS @ WSH,07/06/2026,2026,W,28,6,2,4,50.0,2,4,50.0,0,0,0.0,0,9,9,2,1,3,0,1,+15
Li Yueru,DAL,DAL @ TOR,07/05/2026,2026,W,4,0,0,0,0.0,0,0,0.0,0,0,0.0,0,0,0,0,0,0,2,2,-10
Jade Melbourne,SEA,SEA vs. POR,07/05/2026,2026,L,18,5,2,2,100.0,1,1,100.0,0,0,0.0,0,1,1,3,2,0,2,5,-5
Bridget Carleton,POR,POR @ SEA,07/05/2026,2026,W,31,14,4,14,28.6,1,6,16.7,5,6,83.3,2,5,7,2,2,0,2,2,+4
Ornella Bankole,TOR,TOR vs. DAL,07/05/2026,2026,L,8,2,0,1,0.0,0,1,0.0,2,2,100.0,1,1,2,0,1,0,0,1,+1
Kia Nurse,TOR,TOR vs. DAL,07/05/2026,2026,L,21,12,4,9,44.4,3,7,42.9,1,1,100.0,0,1,1,0,0,0,1,2,+3
Laura Juskaite,TOR,TOR vs. DAL,07/05/2026,2026,L,24,8,3,7,42.9,1,3,33.3,1,2,50.0,2,3,5,1,1,1,1,2,-1
Teonni Key,TOR,TOR vs. DAL,07/05/2026,2026,L,10,2,1,1,100.0,0,0,0.0,0,0,0.0,0,0,0,0,0,0,1,1,+1
Tima Pouye,TOR,TOR vs. DAL,07/05/2026,2026,L,21,3,1,6,16.7,1,3,33.3,0,0,0.0,0,0,0,1,0,0,1,1,-12
Aziaha James,DAL,DAL @ TOR,07/05/2026,2026,W,10,3,1,4,25.0,0,0,0.0,1,1,100.0,1,3,4,0,0,0,1,0,-5
Flau'jae Johnson,SEA,SEA vs. POR,07/05/2026,2026,L,31,1,0,5,0.0,0,3,0.0,1,2,50.0,0,8,8,3,1,0,3,3,0
Maddy Siegrist,DAL,DAL @ TOR,07/05/2026,2026,W,8,2,0,1,0.0,0,0,0.0,2,2,100.0,0,0,0,0,0,0,1,0,-14
Alysha Clark,DAL,DAL @ TOR,07/05/2026,2026,W,6,3,1,2,50.0,1,2,50.0,0,0,0.0,0,1,1,0,1,1,1,0,-9
Natisha Hiedeman,SEA,SEA vs. POR,07/05/2026,2026,L,34,15,6,13,46.2,2,6,33.3,1,1,100.0,0,2,2,4,4,0,4,1,+2
Awa Fam,SEA,SEA vs. POR,07/05/2026,2026,L,34,12,4,15,26.7,2,8,25.0,2,2,100.0,0,3,3,1,4,1,2,3,-1
Dominique Malonga,SEA,SEA vs. POR,07/05/2026,2026,L,19,22,7,17,41.2,2,5,40.0,6,7,85.7,3,2,5,1,0,0,2,3,+2
Carla Leite,POR,POR @ SEA,07/05/2026,2026,W,22,20,4,8,50.0,0,0,0.0,12,12,100.0,0,3,3,4,0,0,4,5,+5
Sug Sutton,DAL,DAL @ TOR,07/05/2026,2026,W,9,4,2,2,100.0,0,0,0.0,0,0,0.0,0,0,0,1,0,0,1,2,-5
Megan DiLeo,POR,POR @ SEA,07/05/2026,2026,W,27,10,4,7,57.1,1,4,25.0,1,1,100.0,3,6,9,3,0,1,0,3,+9
Emily Engstler,POR,POR @ SEA,07/05/2026,2026,W,22,9,3,8,37.5,1,5,20.0,2,2,100.0,2,6,8,0,2,0,5,1,-3
Sarah Ashlee Barker,POR,POR @ SEA,07/05/2026,2026,W,28,4,2,7,28.6,0,2,0.0,0,0,0.0,0,6,6,3,0,2,1,4,+4
Grace VanSlooten,IND,IND @ LV,07/05/2026,2026,W,2,0,0,0,0.0,0,0,0.0,0,0,0.0,0,0,0,0,0,0,0,0,-2
Myisha Hines-Allen,IND,IND @ LV,07/05/2026,2026,W,14,2,1,3,33.3,0,0,0.0,0,0,0.0,1,4,5,2,0,0,1,2,0
Sophie Cunningham,IND,IND @ LV,07/05/2026,2026,W,21,9,3,6,50.0,3,5,60.0,0,0,0.0,0,1,1,1,0,0,1,2,+13
Chennedy Carter,LV,LV vs. IND,07/05/2026,2026,L,15,0,0,2,0.0,0,0,0.0,0,0,0.0,1,1,2,1,1,0,0,3,-9
Kierstan Bell,LV,LV vs. IND,07/05/2026,2026,L,6,0,0,1,0.0,0,1,0.0,0,0,0.0,0,0,0,0,0,0,1,0,+1
Brianna Turner,LV,LV vs. IND,07/05/2026,2026,L,28,6,3,3,100.0,0,0,0.0,0,0,0.0,1,4,5,0,0,1,2,2,-15
Stephanie Talbot,LV,LV vs. IND,07/05/2026,2026,L,17,7,2,3,66.7,1,2,50.0,2,2,100.0,2,2,4,1,0,0,0,1,-9
Cheyenne Parker-Tyus,LV,LV vs. IND,07/05/2026,2026,L,13,9,3,5,60.0,0,2,0.0,3,4,75.0,0,0,0,0,0,0,1,2,+1
Lexie Hull,IND,IND @ LV,07/05/2026,2026,W,22,10,5,10,50.0,0,2,0.0,0,0,0.0,2,2,4,1,2,0,1,4,+4
Raven Johnson,IND,IND @ LV,07/05/2026,2026,W,22,6,3,9,33.3,0,3,0.0,0,0,0.0,3,3,6,2,0,0,0,2,+6
Chelsea Gray,LV,LV vs. CHI,07/04/2026,2026,W,41,18,7,17,41.2,0,4,0.0,4,4,100.0,0,4,4,6,2,0,3,2,+9
Jewell Loyd,LV,LV vs. CHI,07/04/2026,2026,W,39,19,6,13,46.2,3,9,33.3,4,5,80.0,1,4,5,3,1,1,0,1,+18
Jackie Young,LV,LV vs. CHI,07/04/2026,2026,W,39,16,6,11,54.5,0,4,0.0,4,4,100.0,0,6,6,5,2,0,5,3,+5
Te-Hina Paopao,ATL,ATL vs. GS,07/04/2026,2026,L,5,0,0,2,0.0,0,2,0.0,0,0,0.0,0,0,0,0,0,0,2,1,+1
Stephanie Talbot,LV,LV vs. CHI,07/04/2026,2026,W,28,4,2,2,100.0,0,0,0.0,0,0,0.0,0,5,5,0,2,0,1,2,+30
Kayla Thornton,GS,GS @ ATL,07/04/2026,2026,W,23,2,1,7,14.3,0,4,0.0,0,0,0.0,0,4,4,1,1,0,0,1,+18
Gabby Williams,GS,GS @ ATL,07/04/2026,2026,W,27,19,7,14,50.0,4,8,50.0,1,1,100.0,0,1,1,2,3,0,0,3,0
Kiah Stokes,GS,GS @ ATL,07/04/2026,2026,W,22,5,2,4,50.0,1,2,50.0,0,0,0.0,2,5,7,1,3,2,1,5,+5
Veronica Burton,GS,GS @ ATL,07/04/2026,2026,W,31,21,6,9,66.7,2,3,66.7,7,8,87.5,0,1,1,4,1,1,4,3,+13
Kaila Charles,GS,GS @ ATL,07/04/2026,2026,W,18,7,2,6,33.3,1,5,20.0,2,2,100.0,4,4,8,5,3,0,2,4,+11
Allisha Gray,ATL,ATL vs. GS,07/04/2026,2026,L,36,22,5,17,29.4,1,5,20.0,11,16,68.8,1,3,4,3,1,0,4,4,-13
Jordin Canada,ATL,ATL vs. GS,07/04/2026,2026,L,35,7,3,9,33.3,1,3,33.3,0,0,0.0,1,3,4,8,2,0,4,2,+1
Rhyne Howard,ATL,ATL vs. GS,07/04/2026,2026,L,37,19,6,15,40.0,4,11,36.4,3,4,75.0,2,3,5,3,0,1,0,2,-4
NaLyssa Smith,LV,LV vs. CHI,07/04/2026,2026,W,33,29,11,14,78.6,0,0,0.0,7,10,70.0,2,6,8,1,0,0,1,4,+15
Naz Hillmon,ATL,ATL vs. GS,07/04/2026,2026,L,24,3,1,1,100.0,1,1,100.0,0,0,0.0,1,4,5,1,0,0,0,3,0
Jacy Sheldon,CHI,CHI @ LV,07/04/2026,2026,L,19,5,1,3,33.3,1,2,50.0,2,2,100.0,0,2,2,1,0,0,0,3,+1
Natasha Cloud,CHI,CHI @ LV,07/04/2026,2026,L,34,15,4,8,50.0,2,4,50.0,5,6,83.3,0,3,3,5,2,0,2,4,-2
Sydney Taylor,CHI,CHI @ LV,07/04/2026,2026,L,26,6,2,10,20.0,1,5,20.0,1,1,100.0,1,0,1,1,0,0,0,5,-7
Kamilla Cardoso,CHI,CHI @ LV,07/04/2026,2026,L,27,16,4,11,36.4,0,0,0.0,8,8,100.0,4,6,10,4,1,2,5,4,-8
Azura Stevens,CHI,CHI @ LV,07/04/2026,2026,L,26,11,4,6,66.7,0,1,0.0,3,3,100.0,1,1,2,0,2,0,3,3,-11
Taylor Thierry,SEA,SEA @ PHX,07/03/2026,2026,L,2,0,0,0,0.0,0,0,0.0,0,0,0.0,0,0,0,0,0,0,0,1,-3
Katie Lou Samuelson,SEA,SEA @ PHX,07/03/2026,2026,L,8,0,0,1,0.0,0,1,0.0,0,0,0.0,0,1,1,0,0,1,0,3,-15
Monique Akoa Makani,PHX,PHX vs. SEA,07/03/2026,2026,W,14,3,1,2,50.0,1,1,100.0,0,0,0.0,0,1,1,2,1,0,0,2,+8
Quionche Carter,PHX,PHX vs. SEA,07/03/2026,2026,W,11,1,0,3,0.0,0,2,0.0,1,2,50.0,0,1,1,1,0,0,0,1,+7
Kyara Linskens,PHX,PHX vs. SEA,07/03/2026,2026,W,7,0,0,1,0.0,0,0,0.0,0,0,0.0,0,0,0,1,1,1,0,0,+2
Marta Suarez,PHX,PHX vs. SEA,07/03/2026,2026,W,8,6,2,4,50.0,0,0,0.0,2,2,100.0,3,0,3,0,0,0,1,1,+3
Lexi Held,PHX,PHX vs. SEA,07/03/2026,2026,W,31,17,6,11,54.5,5,6,83.3,0,0,0.0,1,4,5,2,1,0,2,0,+19
Zia Cooke,SEA,SEA @ PHX,07/03/2026,2026,L,7,0,0,2,0.0,0,2,0.0,0,0,0.0,0,1,1,0,0,0,0,1,-7
Stefanie Dolson,SEA,SEA @ PHX,07/03/2026,2026,L,12,0,0,2,0.0,0,2,0.0,0,0,0.0,0,1,1,0,0,0,0,0,-15
Mackenzie Holmes,SEA,SEA @ PHX,07/03/2026,2026,L,2,0,0,0,0.0,0,0,0.0,0,0,0.0,1,0,1,0,0,0,0,0,-3
Kayla McBride,MIN,MIN @ NY,07/03/2026,2026,L,33,18,7,16,43.8,4,9,44.4,0,0,0.0,1,0,1,1,3,0,3,1,-17
Jessica Shepard,DAL,DAL @ CON,07/03/2026,2026,W,30,14,6,10,60.0,0,0,0.0,2,4,50.0,1,5,6,1,1,0,2,3,+13
Paige Bueckers,DAL,DAL @ CON,07/03/2026,2026,W,37,25,9,14,64.3,2,5,40.0,5,6,83.3,1,6,7,7,0,0,4,5,+11
Anastasiia Olairi Kosu,MIN,MIN @ NY,07/03/2026,2026,L,14,9,4,6,66.7,0,0,0.0,1,2,50.0,3,0,3,3,1,0,0,2,+6
Maya Caldwell,MIN,MIN @ NY,07/03/2026,2026,L,23,3,1,3,33.3,1,1,100.0,0,0,0.0,1,1,2,3,1,0,1,1,+2
Breanna Stewart,NY,NY vs. MIN,07/03/2026,2026,W,36,36,14,19,73.7,2,4,50.0,6,6,100.0,1,6,7,0,0,2,4,1,+17
Leonie Fiebich,NY,NY vs. MIN,07/03/2026,2026,W,36,13,5,10,50.0,3,6,50.0,0,0,0.0,1,2,3,4,3,0,0,4,+18
Jonquel Jones,NY,NY vs. MIN,07/03/2026,2026,W,33,14,5,10,50.0,2,3,66.7,2,3,66.7,3,12,15,5,2,0,3,2,+16
Sabrina Ionescu,NY,NY vs. MIN,07/03/2026,2026,W,35,17,5,12,41.7,3,10,30.0,4,4,100.0,0,2,2,6,2,2,2,1,+18
Pauline Astier,NY,NY vs. MIN,07/03/2026,2026,W,30,14,5,6,83.3,0,0,0.0,4,4,100.0,1,1,2,6,0,0,3,2,+14
Liatu King,MIN,MIN @ NY,07/03/2026,2026,L,7,6,3,3,100.0,0,0,0.0,0,0,0.0,1,1,2,0,1,0,0,0,+4
Antonia Delaere,MIN,MIN @ NY,07/03/2026,2026,L,13,6,2,7,28.6,2,7,28.6,0,0,0.0,1,1,2,2,0,0,0,1,-1
Leila Lacan,CON,CON vs. DAL,07/03/2026,2026,L,32,18,5,14,35.7,2,4,50.0,6,6,100.0,2,0,2,5,3,0,2,0,-6
Azzi Fudd,DAL,DAL @ CON,07/03/2026,2026,W,32,4,2,7,28.6,0,2,0.0,0,0,0.0,2,2,4,5,0,0,5,3,+3
Kennedy Burke,CON,CON vs. DAL,07/03/2026,2026,L,26,8,3,6,50.0,0,2,0.0,2,3,66.7,0,2,2,1,0,1,0,0,-4
Li Yueru,DAL,DAL @ CON,07/03/2026,2026,W,10,5,1,1,100.0,1,1,100.0,2,2,100.0,0,2,2,0,0,0,0,0,+9
Odyssey Sims,DAL,DAL @ CON,07/03/2026,2026,W,12,2,1,4,25.0,0,0,0.0,0,0,0.0,0,1,1,4,0,2,2,0,+3
Brittney Griner,CON,CON vs. DAL,07/03/2026,2026,L,30,13,5,12,41.7,0,0,0.0,3,6,50.0,3,8,11,1,0,1,3,5,-2
Olivia Nelson-Ododa,CON,CON vs. DAL,07/03/2026,2026,L,24,11,4,6,66.7,0,0,0.0,3,5,60.0,3,5,8,1,1,0,4,4,0
Charlisse Leger-Walker,CON,CON vs. DAL,07/03/2026,2026,L,30,14,5,8,62.5,1,2,50.0,3,5,60.0,0,2,2,1,1,1,0,2,+1
Allisha Gray,ATL,ATL @ WSH,07/02/2026,2026,L,33,17,7,15,46.7,0,4,0.0,3,8,37.5,2,2,4,3,2,1,2,2,-3
Cassandre Prosper,WSH,WSH vs. ATL,07/02/2026,2026,W,18,2,1,4,25.0,0,2,0.0,0,0,0.0,1,1,2,1,0,0,1,3,+13
Jordin Canada,ATL,ATL @ WSH,07/02/2026,2026,L,34,10,4,11,36.4,0,2,0.0,2,2,100.0,0,3,3,7,2,0,2,5,+2
Georgia Amoore,WSH,WSH vs. ATL,07/02/2026,2026,W,13,11,3,4,75.0,1,1,100.0,4,4,100.0,0,1,1,0,0,0,1,3,-11
Cotie McMahon,WSH,WSH vs. ATL,07/02/2026,2026,W,33,7,2,7,28.6,2,5,40.0,1,2,50.0,1,2,3,2,1,0,4,4,-1
Shakira Austin,WSH,WSH vs. ATL,07/02/2026,2026,W,30,21,9,14,64.3,2,2,100.0,1,5,20.0,1,8,9,3,0,3,3,3,-3
Michaela Onyenwere,WSH,WSH vs. ATL,07/02/2026,2026,W,24,4,2,6,33.3,0,0,0.0,0,0,0.0,0,3,3,3,0,0,3,2,-6
Rhyne Howard,ATL,ATL @ WSH,07/02/2026,2026,L,38,24,8,20,40.0,5,13,38.5,3,3,100.0,0,2,2,3,4,0,2,2,-4
Naz Hillmon,ATL,ATL @ WSH,07/02/2026,2026,L,26,5,1,5,20.0,1,5,20.0,2,2,100.0,4,1,5,1,1,1,2,2,+1
Angel Reese,ATL,ATL @ WSH,07/02/2026,2026,L,34,13,6,15,40.0,0,0,0.0,1,3,33.3,6,7,13,3,2,1,2,5,0
Chelsea Gray,LV,LV @ NY,06/30/2026,2026,L,36,7,3,12,25.0,1,4,25.0,0,0,0.0,0,3,3,7,0,0,5,5,0
Jackie Young,LV,LV @ NY,06/30/2026,2026,L,36,31,12,21,57.1,3,8,37.5,4,4,100.0,0,2,2,7,2,0,2,4,-6
Cheyenne Parker-Tyus,LV,LV @ NY,06/30/2026,2026,L,19,8,3,8,37.5,0,2,0.0,2,2,100.0,4,4,8,2,1,0,0,4,0
Chennedy Carter,LV,LV @ NY,06/30/2026,2026,L,25,18,7,14,50.0,0,1,0.0,4,5,80.0,1,2,3,3,2,0,1,3,+10
Breanna Stewart,NY,NY vs. LV,06/30/2026,2026,W,35,25,9,16,56.2,0,1,0.0,7,9,77.8,4,7,11,4,2,2,3,2,+13
Leonie Fiebich,NY,NY vs. LV,06/30/2026,2026,W,33,2,1,5,20.0,0,1,0.0,0,1,0.0,2,6,8,2,1,1,1,5,+17
Jonquel Jones,NY,NY vs. LV,06/30/2026,2026,W,33,9,1,6,16.7,0,4,0.0,7,8,87.5,1,8,9,3,0,2,0,3,+17
Sabrina Ionescu,NY,NY vs. LV,06/30/2026,2026,W,31,26,9,19,47.4,5,13,38.5,3,4,75.0,1,4,5,5,0,0,3,3,+19
Pauline Astier,NY,NY vs. LV,06/30/2026,2026,W,31,15,5,8,62.5,1,1,100.0,4,4,100.0,2,3,5,4,0,0,2,4,+10
Jewell Loyd,LV,LV @ NY,06/30/2026,2026,L,32,5,2,9,22.2,1,7,14.3,0,1,0.0,0,3,3,0,3,0,0,3,-20
Katie Lou Samuelson,SEA,SEA vs. ATL,06/28/2026,2026,W,17,2,0,4,0.0,0,3,0.0,2,2,100.0,1,1,2,3,0,0,0,0,+10
Cotie McMahon,WSH,WSH vs. POR,06/28/2026,2026,W,21,5,2,5,40.0,1,3,33.3,0,0,0.0,0,1,1,2,0,0,0,3,-23
Alicia Florez,WSH,WSH vs. POR,06/28/2026,2026,W,34,8,4,7,57.1,0,0,0.0,0,2,0.0,0,3,3,4,5,1,2,1,+1
Zia Cooke,SEA,SEA vs. ATL,06/28/2026,2026,W,11,6,2,2,100.0,1,1,100.0,1,3,33.3,0,1,1,2,0,0,1,1,-4
Taylor Thierry,SEA,SEA vs. ATL,06/28/2026,2026,W,6,0,0,1,0.0,0,0,0.0,0,0,0.0,0,0,0,0,0,0,0,0,-5
Mackenzie Holmes,SEA,SEA vs. ATL,06/28/2026,2026,W,1,1,0,0,0.0,0,0,0.0,1,2,50.0,0,0,0,0,0,0,0,0,0
Sika Kone,ATL,ATL @ SEA,06/28/2026,2026,L,14,6,2,5,40.0,0,2,0.0,2,2,100.0,0,2,2,2,0,0,0,1,+7
Jade Melbourne,SEA,SEA vs. ATL,06/28/2026,2026,W,31,10,4,9,44.4,2,2,100.0,0,0,0.0,1,3,4,5,1,0,0,2,+25
Indya Nivar,ATL,ATL @ SEA,06/28/2026,2026,L,1,0,0,0,0.0,0,0,0.0,0,0,0.0,0,0,0,0,0,0,1,1,0
Te-Hina Paopao,ATL,ATL @ SEA,06/28/2026,2026,L,18,3,1,6,16.7,1,5,20.0,0,0,0.0,0,0,0,4,1,0,0,1,+2
Shakira Austin,WSH,WSH vs. POR,06/28/2026,2026,W,47,9,3,9,33.3,1,3,33.3,2,2,100.0,4,9,13,6,0,4,1,1,+5
Amy Okonkwo,ATL,ATL @ SEA,06/28/2026,2026,L,1,1,0,1,0.0,0,1,0.0,1,2,50.0,0,1,1,0,0,0,0,1,0
Sonia Citron,WSH,WSH vs. POR,06/28/2026,2026,W,53,32,9,20,45.0,1,7,14.3,13,14,92.9,0,6,6,4,1,1,8,3,+16
Carla Leite,POR,POR @ WSH,06/28/2026,2026,L,48,32,12,26,46.2,3,6,50.0,5,6,83.3,3,3,6,9,3,0,6,5,-9
Michaela Onyenwere,WSH,WSH vs. POR,06/28/2026,2026,W,49,30,9,16,56.2,6,9,66.7,6,6,100.0,2,3,5,5,1,1,1,2,+10
Serah Williams,POR,POR @ WSH,06/28/2026,2026,L,14,4,1,3,33.3,0,0,0.0,2,2,100.0,4,3,7,0,0,0,0,2,+12
Nyadiew Puoch,POR,POR @ WSH,06/28/2026,2026,L,19,9,3,6,50.0,2,4,50.0,1,2,50.0,1,1,2,1,0,0,0,3,+10
Frieda Buhner,POR,POR @ WSH,06/28/2026,2026,L,22,9,3,10,30.0,1,6,16.7,2,2,100.0,1,0,1,1,1,1,0,3,+6
Stephanie Talbot,LV,LV @ CHI,06/28/2026,2026,W,20,3,1,2,50.0,0,1,0.0,1,2,50.0,1,0,1,0,2,0,1,3,-8
Sarah Ashlee Barker,POR,POR @ WSH,06/28/2026,2026,L,46,25,10,16,62.5,1,4,25.0,4,4,100.0,1,5,6,3,0,0,5,5,-20
Bree Hall,IND,IND vs. LA,06/28/2026,2026,W,10,5,2,5,40.0,1,1,100.0,0,0,0.0,0,1,1,0,0,0,0,0,-4
Raven Johnson,IND,IND vs. LA,06/28/2026,2026,W,21,2,1,2,50.0,0,1,0.0,0,0,0.0,1,2,3,4,0,0,3,4,-1
Damiris Dantas,IND,IND vs. LA,06/28/2026,2026,W,4,0,0,4,0.0,0,1,0.0,0,0,0.0,0,1,1,1,0,0,1,2,-8
Grace VanSlooten,IND,IND vs. LA,06/28/2026,2026,W,5,4,2,2,100.0,0,0,0.0,0,0,0.0,0,1,1,1,0,1,0,1,-6
Makayla Timpson,IND,IND vs. LA,06/28/2026,2026,W,10,5,0,0,0.0,0,0,0.0,5,6,83.3,1,1,2,0,1,0,0,1,-6
Chance Gray,LA,LA @ IND,06/28/2026,2026,L,11,6,2,4,50.0,0,1,0.0,2,2,100.0,0,0,0,4,0,0,0,1,-5
Ta'Niya Latson,LA,LA @ IND,06/28/2026,2026,L,7,2,1,3,33.3,0,0,0.0,0,0,0.0,1,1,2,0,0,0,0,0,0
Kiana Williams,LA,LA @ IND,06/28/2026,2026,L,19,4,2,7,28.6,0,3,0.0,0,0,0.0,0,1,1,0,0,0,0,1,-1
Madina Okot,ATL,ATL @ SEA,06/28/2026,2026,L,11,6,2,4,50.0,0,0,0.0,2,2,100.0,3,2,5,0,0,0,2,1,-16
Azura Stevens,CHI,CHI vs. LV,06/28/2026,2026,L,30,24,8,14,57.1,3,6,50.0,5,7,71.4,2,4,6,3,2,0,1,4,-1
A'ja Wilson,LV,LV @ CHI,06/28/2026,2026,W,34,30,8,14,57.1,1,3,33.3,13,16,81.2,4,11,15,1,4,3,4,2,+9
Chelsea Gray,LV,LV @ CHI,06/28/2026,2026,W,35,18,6,9,66.7,1,3,33.3,5,5,100.0,0,6,6,8,0,0,3,3,+5
Natasha Howard,MIN,MIN @ DAL,06/28/2026,2026,W,36,21,9,17,52.9,0,0,0.0,3,4,75.0,4,10,14,2,3,1,0,2,+13
Emma Cannon,LA,LA @ IND,06/28/2026,2026,L,7,6,1,2,50.0,1,2,50.0,3,4,75.0,0,1,1,1,0,0,0,2,+2
Azzi Fudd,DAL,DAL vs. MIN,06/28/2026,2026,L,38,21,8,23,34.8,4,9,44.4,1,1,100.0,1,0,1,3,4,1,2,3,-2
Paige Bueckers,DAL,DAL vs. MIN,06/28/2026,2026,L,36,25,10,17,58.8,2,4,50.0,3,3,100.0,0,3,3,4,1,1,4,3,-3
Arike Ogunbowale,DAL,DAL vs. MIN,06/28/2026,2026,L,26,5,1,9,11.1,1,3,33.3,2,2,100.0,1,3,4,0,1,0,2,1,-14
Awak Kuier,DAL,DAL vs. MIN,06/28/2026,2026,L,16,2,1,5,20.0,0,2,0.0,0,0,0.0,0,3,3,0,0,1,1,0,-11
Jessica Shepard,DAL,DAL vs. MIN,06/28/2026,2026,L,35,8,4,6,66.7,0,0,0.0,0,0,0.0,5,11,16,3,0,0,3,4,-13
Olivia Miles,MIN,MIN @ DAL,06/28/2026,2026,W,34,21,6,13,46.2,1,4,25.0,8,8,100.0,1,2,3,8,1,1,5,2,+13
Courtney Williams,MIN,MIN @ DAL,06/28/2026,2026,W,36,12,5,16,31.2,1,5,20.0,1,2,50.0,0,5,5,4,2,1,2,2,+6
Kayla McBride,MIN,MIN @ DAL,06/28/2026,2026,W,38,17,6,16,37.5,4,10,40.0,1,1,100.0,0,1,1,2,0,0,1,2,+6
Nia Coffey,MIN,MIN @ DAL,06/28/2026,2026,W,34,9,3,7,42.9,2,3,66.7,1,2,50.0,3,5,8,2,2,1,0,3,+4
Juste Jocyte,GS,GS vs. NY,06/28/2026,2026,W,2,0,0,1,0.0,0,1,0.0,0,0,0.0,0,0,0,0,0,0,0,0,-7
Kaitlyn Chen,GS,GS vs. NY,06/28/2026,2026,W,13,8,3,5,60.0,0,0,0.0,2,2,100.0,0,0,0,2,0,0,0,5,-16
Kaila Charles,GS,GS vs. NY,06/28/2026,2026,W,23,13,6,12,50.0,0,4,0.0,1,2,50.0,1,1,2,1,0,0,0,1,+1
Nadia Fingall,GS,GS vs. NY,06/28/2026,2026,W,2,0,0,0,0.0,0,0,0.0,0,0,0.0,0,0,0,0,0,0,0,0,-7
Laeticia Amihere,GS,GS vs. NY,06/28/2026,2026,W,15,0,0,2,0.0,0,0,0.0,0,0,0.0,2,3,5,3,0,0,2,4,-1
Marine Johannes,NY,NY @ GS,06/28/2026,2026,L,18,3,1,5,20.0,1,4,25.0,0,0,0.0,0,1,1,3,1,1,2,2,+17
Rebecca Allen,NY,NY @ GS,06/28/2026,2026,L,4,0,0,1,0.0,0,1,0.0,0,0,0.0,0,0,0,0,0,1,0,0,+8
Rebekah Gardner,NY,NY @ GS,06/28/2026,2026,L,15,4,2,6,33.3,0,1,0.0,0,0,0.0,3,2,5,1,0,0,0,1,+1
Han Xu,NY,NY @ GS,06/28/2026,2026,L,10,4,1,1,100.0,1,1,100.0,1,2,50.0,0,0,0,0,0,0,0,0,+7
Raquel Carrera,NY,NY @ GS,06/28/2026,2026,L,8,0,0,0,0.0,0,0,0.0,0,2,0.0,1,3,4,0,1,0,1,2,+6
Natasha Cloud,CHI,CHI vs. LV,06/28/2026,2026,L,23,6,2,4,50.0,1,2,50.0,1,2,50.0,1,1,2,4,0,0,2,5,-6
Sydney Taylor,CHI,CHI vs. LV,06/28/2026,2026,L,32,14,6,13,46.2,2,6,33.3,0,0,0.0,0,3,3,0,2,1,4,3,-10
Skylar Diggins,CHI,CHI vs. LV,06/28/2026,2026,L,28,7,2,11,18.2,2,5,40.0,1,5,20.0,0,6,6,5,0,0,2,4,-14
Kamilla Cardoso,CHI,CHI vs. LV,06/28/2026,2026,L,30,24,10,15,66.7,0,0,0.0,4,4,100.0,3,5,8,2,2,0,1,4,-7
Jewell Loyd,LV,LV @ CHI,06/28/2026,2026,W,28,6,2,7,28.6,2,7,28.6,0,0,0.0,0,1,1,0,2,0,0,3,+6
Jackie Young,LV,LV @ CHI,06/28/2026,2026,W,36,28,9,14,64.3,4,6,66.7,6,6,100.0,0,5,5,8,0,0,1,2,+6
Laura Ziegler,LA,LA @ IND,06/28/2026,2026,L,8,4,1,2,50.0,0,0,0.0,2,2,100.0,0,1,1,0,1,0,0,2,+4
Angel Reese,ATL,ATL @ GS,06/27/2026,2026,L,29,15,4,11,36.4,0,0,0.0,7,8,87.5,5,7,12,0,6,0,2,5,-3
DeWanna Bonner,PHX,PHX @ TOR,06/27/2026,2026,W,33,13,4,13,30.8,3,8,37.5,2,2,100.0,2,9,11,3,3,0,1,1,-1
Janelle Salaun,GS,GS vs. ATL,06/27/2026,2026,W,22,8,2,7,28.6,2,5,40.0,2,2,100.0,2,5,7,0,0,0,0,2,0
Gabby Williams,GS,GS vs. ATL,06/27/2026,2026,W,22,16,5,11,45.5,0,4,0.0,6,10,60.0,0,4,4,2,2,0,2,0,+7
Kayla Thornton,GS,GS vs. ATL,06/27/2026,2026,W,19,0,0,5,0.0,0,3,0.0,0,0,0.0,0,2,2,0,0,0,0,0,+4
Indya Nivar,ATL,ATL @ GS,06/27/2026,2026,L,0,0,0,0,0.0,0,0,0.0,0,0,0.0,0,0,0,0,0,0,0,1,+2
Rhyne Howard,ATL,ATL @ GS,06/27/2026,2026,L,36,9,2,16,12.5,1,8,12.5,4,4,100.0,0,5,5,2,3,1,2,5,-6
Jordin Canada,ATL,ATL @ GS,06/27/2026,2026,L,35,23,7,11,63.6,3,3,100.0,6,6,100.0,0,3,3,2,2,1,4,3,-3
Allisha Gray,ATL,ATL @ GS,06/27/2026,2026,L,36,14,5,13,38.5,1,4,25.0,3,5,60.0,1,1,2,2,2,0,2,4,-5
Tiffany Hayes,GS,GS vs. ATL,06/27/2026,2026,W,22,12,4,6,66.7,0,0,0.0,4,5,80.0,0,2,2,5,0,1,5,3,+4
Lexi Held,PHX,PHX @ TOR,06/27/2026,2026,W,30,16,5,11,45.5,3,6,50.0,3,3,100.0,1,1,2,2,1,0,2,0,+7
Veronica Burton,GS,GS vs. ATL,06/27/2026,2026,W,22,10,4,10,40.0,0,2,0.0,2,2,100.0,0,1,1,2,4,0,2,1,+5
Tima Pouye,TOR,TOR vs. PHX,06/27/2026,2026,L,20,13,5,10,50.0,3,7,42.9,0,0,0.0,1,1,2,4,1,0,1,5,+6
Julie Allemand,TOR,TOR vs. PHX,06/27/2026,2026,L,39,11,4,6,66.7,3,5,60.0,0,0,0.0,0,7,7,10,0,1,2,0,-8
Kia Nurse,TOR,TOR vs. PHX,06/27/2026,2026,L,22,12,4,9,44.4,3,5,60.0,1,2,50.0,0,1,1,1,0,0,0,3,-18
Nyara Sabally,TOR,TOR vs. PHX,06/27/2026,2026,L,26,14,5,10,50.0,2,3,66.7,2,5,40.0,0,4,4,1,0,0,2,5,-18
Maria Conde,TOR,TOR vs. PHX,06/27/2026,2026,L,37,10,4,14,28.6,1,8,12.5,1,1,100.0,0,6,6,6,3,0,2,3,-6
Quionche Carter,PHX,PHX @ TOR,06/27/2026,2026,W,11,2,0,2,0.0,0,1,0.0,2,6,33.3,0,1,1,2,1,0,0,2,+11
Marta Suarez,PHX,PHX @ TOR,06/27/2026,2026,W,15,4,2,5,40.0,0,0,0.0,0,0,0.0,0,0,0,0,0,0,0,1,+11
Valeriane Ayayi,PHX,PHX @ TOR,06/27/2026,2026,W,27,20,7,14,50.0,2,5,40.0,4,4,100.0,1,5,6,2,1,1,3,5,+8
Courtney Vandersloot,CHI,CHI vs. POR,06/26/2026,2026,W,14,10,4,4,100.0,1,1,100.0,1,1,100.0,0,3,3,7,0,0,2,2,-1
Elizabeth Williams,CHI,CHI vs. POR,06/26/2026,2026,W,19,8,3,5,60.0,0,0,0.0,2,5,40.0,1,4,5,4,0,1,0,2,+27
Rachel Banham,CHI,CHI vs. POR,06/26/2026,2026,W,12,8,3,4,75.0,2,3,66.7,0,0,0.0,0,0,0,1,0,0,0,1,+12
Jordan Harrison,POR,POR @ CHI,06/26/2026,2026,L,13,3,1,4,25.0,0,0,0.0,1,2,50.0,2,0,2,3,0,0,0,3,-7
Holly Winterburn,POR,POR @ CHI,06/26/2026,2026,L,3,2,1,3,33.3,0,1,0.0,0,0,0.0,0,0,0,0,0,0,1,0,-3
Serah Williams,POR,POR @ CHI,06/26/2026,2026,L,11,6,3,6,50.0,0,0,0.0,0,2,0.0,0,0,0,1,1,0,0,2,-9
Nyadiew Puoch,POR,POR @ CHI,06/26/2026,2026,L,14,2,1,4,25.0,0,2,0.0,0,1,0.0,1,0,1,1,0,0,0,3,-5
Gabriela Jaquez,CHI,CHI vs. POR,06/26/2026,2026,W,24,4,1,4,25.0,0,2,0.0,2,2,100.0,0,1,1,3,0,0,2,0,+16
Jewell Loyd,LV,LV vs. DAL,06/26/2026,2026,W,26,8,2,6,33.3,2,5,40.0,2,2,100.0,0,2,2,2,1,0,1,3,+12
Kiki Iriafen,WSH,WSH @ CON,06/26/2026,2026,L,32,11,5,11,45.5,0,0,0.0,1,4,25.0,5,9,14,0,1,0,1,5,-13
Kierstan Bell,LV,LV vs. DAL,06/26/2026,2026,W,13,10,4,4,100.0,2,2,100.0,0,0,0.0,0,1,1,0,0,0,0,0,+3
Brianna Turner,LV,LV vs. DAL,06/26/2026,2026,W,2,0,0,0,0.0,0,0,0.0,0,0,0.0,0,0,0,0,0,0,0,0,-5
Cheyenne Parker-Tyus,LV,LV vs. DAL,06/26/2026,2026,W,17,13,4,7,57.1,0,0,0.0,5,6,83.3,2,0,2,3,0,1,0,4,+9
Stephanie Talbot,LV,LV vs. DAL,06/26/2026,2026,W,16,0,0,1,0.0,0,1,0.0,0,0,0.0,0,1,1,0,1,0,2,2,+1
Aziaha James,DAL,DAL @ LV,06/26/2026,2026,L,13,8,3,5,60.0,0,2,0.0,2,2,100.0,0,1,1,3,1,1,3,2,+4
Sug Sutton,DAL,DAL @ LV,06/26/2026,2026,L,7,3,1,1,100.0,1,1,100.0,0,0,0.0,0,0,0,0,0,0,2,1,-3
Li Yueru,DAL,DAL @ LV,06/26/2026,2026,L,7,5,2,4,50.0,0,2,0.0,1,1,100.0,0,1,1,1,0,0,0,1,-7
Maddy Siegrist,DAL,DAL @ LV,06/26/2026,2026,L,12,2,1,3,33.3,0,2,0.0,0,0,0.0,0,1,1,0,0,1,0,3,-3
Alysha Clark,DAL,DAL @ LV,06/26/2026,2026,L,8,0,0,1,0.0,0,1,0.0,0,0,0.0,0,1,1,0,0,0,1,2,-3
Jacy Sheldon,CHI,CHI vs. POR,06/26/2026,2026,W,15,11,4,6,66.7,1,3,33.3,2,2,100.0,0,2,2,0,1,2,0,3,+10
Frieda Buhner,POR,POR @ CHI,06/26/2026,2026,L,21,10,4,7,57.1,1,2,50.0,1,1,100.0,1,4,5,2,0,0,0,1,-21
Shakira Austin,WSH,WSH @ CON,06/26/2026,2026,L,23,6,2,7,28.6,1,2,50.0,1,4,25.0,3,9,12,1,0,1,7,1,-21
Natisha Hiedeman,SEA,SEA vs. NY,06/26/2026,2026,W,33,11,5,12,41.7,1,6,16.7,0,0,0.0,0,0,0,3,2,0,2,1,+12
Dominique Malonga,SEA,SEA vs. NY,06/26/2026,2026,W,34,20,9,12,75.0,1,2,50.0,1,1,100.0,3,7,10,2,0,1,2,5,+7
Rebekah Gardner,NY,NY @ SEA,06/26/2026,2026,L,13,2,0,2,0.0,0,0,0.0,2,2,100.0,1,3,4,4,1,1,0,1,-7
Han Xu,NY,NY @ SEA,06/26/2026,2026,L,14,8,4,7,57.1,0,2,0.0,0,0,0.0,0,0,0,2,1,1,0,0,-7
Sabrina Ionescu,NY,NY @ SEA,06/26/2026,2026,L,29,14,5,12,41.7,1,7,14.3,3,3,100.0,0,2,2,5,1,0,2,4,-14
Betnijah Laney-Hamilton,NY,NY @ SEA,06/26/2026,2026,L,21,3,1,5,20.0,1,4,25.0,0,0,0.0,0,5,5,0,0,0,3,3,-11
Leonie Fiebich,NY,NY @ SEA,06/26/2026,2026,L,31,19,6,12,50.0,3,6,50.0,4,5,80.0,1,1,2,2,2,0,1,2,-5
Sonia Citron,WSH,WSH @ CON,06/26/2026,2026,L,31,11,2,10,20.0,0,4,0.0,7,7,100.0,2,4,6,3,0,1,2,0,-3
Flau'jae Johnson,SEA,SEA vs. NY,06/26/2026,2026,W,33,28,11,23,47.8,4,10,40.0,2,4,50.0,4,5,9,2,3,1,2,4,+13
Jade Melbourne,SEA,SEA vs. NY,06/26/2026,2026,W,25,18,6,11,54.5,0,3,0.0,6,7,85.7,0,2,2,7,2,0,2,2,+15
Awa Fam,SEA,SEA vs. NY,06/26/2026,2026,W,33,15,6,9,66.7,2,3,66.7,1,1,100.0,1,5,6,2,0,1,3,3,+16
Georgia Amoore,WSH,WSH @ CON,06/26/2026,2026,L,33,14,5,10,50.0,4,9,44.4,0,0,0.0,0,2,2,5,0,0,4,4,-16
Cotie McMahon,WSH,WSH @ CON,06/26/2026,2026,L,24,4,1,4,25.0,0,1,0.0,2,4,50.0,2,0,2,2,0,0,2,0,0
Brittney Griner,CON,CON vs. WSH,06/26/2026,2026,W,21,10,5,14,35.7,0,0,0.0,0,0,0.0,1,1,2,2,0,1,1,5,+11
Olivia Nelson-Ododa,CON,CON vs. WSH,06/26/2026,2026,W,30,12,6,12,50.0,0,0,0.0,0,1,0.0,3,6,9,3,2,3,1,4,+10
Charlisse Leger-Walker,CON,CON vs. WSH,06/26/2026,2026,W,31,10,4,9,44.4,2,4,50.0,0,0,0.0,0,3,3,5,3,0,0,3,+15
Leila Lacan,CON,CON vs. WSH,06/26/2026,2026,W,29,12,4,10,40.0,0,1,0.0,4,4,100.0,0,0,0,5,4,0,2,3,+13
Kennedy Burke,CON,CON vs. WSH,06/26/2026,2026,W,28,11,3,9,33.3,3,5,60.0,2,3,66.7,0,3,3,2,1,2,1,2,+4
Chance Gray,LA,LA @ TOR,06/25/2026,2026,L,14,7,2,4,50.0,2,4,50.0,1,2,50.0,1,3,4,2,0,0,0,1,-1
Kiah Stokes,GS,GS vs. ATL,06/25/2026,2026,W,24,1,0,1,0.0,0,1,0.0,1,2,50.0,1,4,5,2,1,3,1,4,-6
Laura Juskaite,TOR,TOR vs. LA,06/25/2026,2026,W,20,10,4,13,30.8,2,5,40.0,0,0,0.0,6,6,12,2,0,0,0,1,+14
Teonni Key,TOR,TOR vs. LA,06/25/2026,2026,W,2,0,0,0,0.0,0,0,0.0,0,0,0.0,0,0,0,0,0,0,0,1,-5
Veronica Burton,GS,GS vs. ATL,06/25/2026,2026,W,35,8,3,5,60.0,0,1,0.0,2,2,100.0,2,3,5,7,2,0,4,1,+13
Cecilia Zandalasini,GS,GS vs. ATL,06/25/2026,2026,W,21,14,4,9,44.4,4,6,66.7,2,2,100.0,0,1,1,3,0,0,1,5,+12
Ta'Niya Latson,LA,LA @ TOR,06/25/2026,2026,L,3,0,0,0,0.0,0,0,0.0,0,0,0.0,0,1,1,0,0,0,0,0,0
Gabby Williams,GS,GS vs. ATL,06/25/2026,2026,W,32,23,9,16,56.2,3,5,60.0,2,2,100.0,1,4,5,5,1,1,0,1,+17
Kayla Thornton,GS,GS vs. ATL,06/25/2026,2026,W,32,17,6,12,50.0,5,10,50.0,0,2,0.0,0,5,5,1,0,0,1,3,+15
Indya Nivar,ATL,ATL @ GS,06/25/2026,2026,L,11,2,1,3,33.3,0,0,0.0,0,2,0.0,0,1,1,1,1,0,0,1,+14
Madina Okot,ATL,ATL @ GS,06/25/2026,2026,L,19,16,7,9,77.8,1,1,100.0,1,1,100.0,1,4,5,1,1,1,2,0,-1
Rhyne Howard,ATL,ATL @ GS,06/25/2026,2026,L,31,12,5,11,45.5,1,5,20.0,1,1,100.0,0,5,5,3,1,1,1,2,-23
Isabelle Harrison,TOR,TOR vs. LA,06/25/2026,2026,W,21,9,4,4,100.0,1,1,100.0,0,0,0.0,1,5,6,2,0,2,2,1,+10
Angel Reese,ATL,ATL @ GS,06/25/2026,2026,L,27,10,3,12,25.0,0,0,0.0,4,9,44.4,7,5,12,4,1,0,1,2,-14
Emma Cannon,LA,LA @ TOR,06/25/2026,2026,L,14,10,2,7,28.6,2,5,40.0,4,6,66.7,0,1,1,0,0,0,1,1,-8
Jihyun Park,LA,LA @ TOR,06/25/2026,2026,L,19,5,2,6,33.3,1,5,20.0,0,0,0.0,1,1,2,1,0,0,1,3,-11
Laura Ziegler,LA,LA @ TOR,06/25/2026,2026,L,11,0,0,4,0.0,0,3,0.0,0,0,0.0,1,1,2,2,0,1,0,2,-10
Jordin Canada,ATL,ATL @ GS,06/25/2026,2026,L,28,8,2,10,20.0,1,4,25.0,3,4,75.0,1,3,4,2,1,1,1,1,-6
Kia Nurse,TOR,TOR vs. LA,06/25/2026,2026,W,15,12,3,8,37.5,2,6,33.3,4,4,100.0,2,1,3,0,1,0,0,3,-10
Nyadiew Puoch,POR,POR @ CHI,06/25/2026,2026,L,13,0,0,6,0.0,0,5,0.0,0,0,0.0,0,0,0,2,1,2,0,0,-13
Luisa Geiselsoder,POR,POR @ CHI,06/25/2026,2026,L,14,2,1,4,25.0,0,1,0.0,0,0,0.0,2,1,3,2,0,2,0,3,-8
Tima Pouye,TOR,TOR vs. LA,06/25/2026,2026,W,14,6,1,5,20.0,0,1,0.0,4,5,80.0,1,1,2,3,0,0,2,4,+4
Aicha Coulibaly,CHI,CHI vs. POR,06/25/2026,2026,W,15,10,3,4,75.0,0,0,0.0,4,6,66.7,1,2,3,1,2,1,1,0,+20
Jacy Sheldon,CHI,CHI vs. POR,06/25/2026,2026,W,22,14,6,12,50.0,1,3,33.3,1,2,50.0,1,0,1,3,1,2,0,5,+15
Rachel Banham,CHI,CHI vs. POR,06/25/2026,2026,W,6,3,1,2,50.0,1,2,50.0,0,0,0.0,0,0,0,0,0,0,0,2,+1
Elizabeth Williams,CHI,CHI vs. POR,06/25/2026,2026,W,13,2,1,3,33.3,0,0,0.0,0,0,0.0,0,2,2,0,0,1,1,0,+7
Azura Stevens,CHI,CHI vs. POR,06/25/2026,2026,W,27,11,3,13,23.1,1,5,20.0,4,4,100.0,6,5,11,5,1,0,3,1,+1
Holly Winterburn,POR,POR @ CHI,06/25/2026,2026,L,4,2,1,2,50.0,0,0,0.0,0,0,0.0,0,0,0,1,0,0,1,1,+1
Frieda Buhner,POR,POR @ CHI,06/25/2026,2026,L,16,2,0,3,0.0,0,2,0.0,2,2,100.0,0,3,3,2,1,0,1,1,-10
Serah Williams,POR,POR @ CHI,06/25/2026,2026,L,7,6,3,3,100.0,0,0,0.0,0,0,0.0,1,2,3,0,0,0,1,2,-3
Angela Dugalic,WSH,WSH vs. MIN,06/24/2026,2026,L,8,3,0,0,0.0,0,0,0.0,3,4,75.0,0,0,0,1,0,0,0,1,+12
Sonia Citron,WSH,WSH vs. MIN,06/24/2026,2026,L,34,28,9,14,64.3,4,5,80.0,6,6,100.0,0,3,3,3,1,1,3,3,-5
Natasha Howard,MIN,MIN @ WSH,06/24/2026,2026,W,36,21,7,13,53.8,0,1,0.0,7,8,87.5,3,12,15,3,2,1,4,5,+7
Kayla McBride,MIN,MIN @ WSH,06/24/2026,2026,W,38,19,7,18,38.9,5,14,35.7,0,0,0.0,1,5,6,2,1,0,4,3,+10
Olivia Miles,MIN,MIN @ WSH,06/24/2026,2026,W,35,21,6,18,33.3,1,6,16.7,8,12,66.7,1,3,4,5,1,1,1,3,+6
Anastasiia Olairi Kosu,MIN,MIN @ WSH,06/24/2026,2026,W,14,2,1,2,50.0,0,0,0.0,0,0,0.0,0,2,2,0,1,1,1,3,-9
Maya Caldwell,MIN,MIN @ WSH,06/24/2026,2026,W,14,5,2,4,50.0,1,2,50.0,0,0,0.0,1,1,2,1,0,0,0,1,+2
Kiki Iriafen,WSH,WSH vs. MIN,06/24/2026,2026,L,30,13,5,10,50.0,0,1,0.0,3,8,37.5,1,10,11,3,1,0,1,2,-11
Shakira Austin,WSH,WSH vs. MIN,06/24/2026,2026,L,26,11,5,15,33.3,0,1,0.0,1,2,50.0,2,14,16,3,1,0,3,2,-3
Lauren Betts,WSH,WSH vs. MIN,06/24/2026,2026,L,16,4,2,3,66.7,0,0,0.0,0,0,0.0,2,2,4,1,0,1,3,4,-2
Alyssa Thomas,PHX,PHX @ IND,06/24/2026,2026,W,38,24,12,17,70.6,0,1,0.0,0,1,0.0,1,3,4,8,1,1,6,4,0
Breanna Stewart,NY,NY @ LV,06/24/2026,2026,W,36,20,7,16,43.8,2,3,66.7,4,6,66.7,2,4,6,4,0,3,4,0,+6
DeWanna Bonner,PHX,PHX @ IND,06/24/2026,2026,W,33,13,5,11,45.5,2,6,33.3,1,1,100.0,0,8,8,1,2,1,1,3,+11
Raven Johnson,IND,IND vs. PHX,06/24/2026,2026,L,19,2,1,2,50.0,0,1,0.0,0,0,0.0,0,5,5,7,1,0,0,3,+7
Sophie Cunningham,IND,IND vs. PHX,06/24/2026,2026,L,20,5,2,3,66.7,1,2,50.0,0,0,0.0,0,0,0,0,0,0,3,3,-7
Myisha Hines-Allen,IND,IND vs. PHX,06/24/2026,2026,L,21,13,5,10,50.0,0,2,0.0,3,4,75.0,2,3,5,2,0,1,1,2,+4
Lexie Hull,IND,IND vs. PHX,06/24/2026,2026,L,24,9,4,6,66.7,1,3,33.3,0,0,0.0,0,2,2,2,1,0,2,4,+5
Aliyah Boston,IND,IND vs. PHX,06/24/2026,2026,L,35,23,9,16,56.2,1,4,25.0,4,4,100.0,1,8,9,5,1,0,3,5,-2
Kahleah Copper,PHX,PHX @ IND,06/24/2026,2026,W,31,28,6,10,60.0,1,3,33.3,15,16,93.8,1,2,3,1,1,0,0,4,+4
Noemie Brochant,PHX,PHX @ IND,06/24/2026,2026,W,33,12,5,9,55.6,2,4,50.0,0,2,0.0,1,4,5,9,3,0,1,1,+1
Leonie Fiebich,NY,NY @ LV,06/24/2026,2026,W,30,12,4,7,57.1,4,5,80.0,0,0,0.0,0,1,1,1,2,0,1,0,+8
Valeriane Ayayi,PHX,PHX @ IND,06/24/2026,2026,W,28,19,5,8,62.5,1,4,25.0,8,9,88.9,2,1,3,2,1,0,1,2,+9
Jewell Loyd,LV,LV vs. NY,06/24/2026,2026,L,30,6,2,7,28.6,2,5,40.0,0,0,0.0,0,1,1,0,1,0,1,3,-6
A'ja Wilson,LV,LV vs. NY,06/24/2026,2026,L,36,16,7,18,38.9,0,3,0.0,2,3,66.7,1,8,9,5,4,0,3,2,-11
Cheyenne Parker-Tyus,LV,LV vs. NY,06/24/2026,2026,L,17,14,5,7,71.4,2,2,100.0,2,2,100.0,3,3,6,0,1,0,0,3,+5
Sabrina Ionescu,NY,NY @ LV,06/24/2026,2026,W,30,16,5,12,41.7,2,6,33.3,4,4,100.0,1,9,10,4,1,0,2,0,+5
Pauline Astier,NY,NY @ LV,06/24/2026,2026,W,20,7,3,6,50.0,0,0,0.0,1,1,100.0,0,2,2,2,0,0,0,5,+5
Jonquel Jones,NY,NY @ LV,06/24/2026,2026,W,28,14,5,8,62.5,1,4,25.0,3,3,100.0,1,4,5,3,0,0,0,4,+7
Chelsea Gray,LV,LV vs. NY,06/24/2026,2026,L,35,11,4,8,50.0,2,5,40.0,1,1,100.0,0,5,5,8,2,1,1,0,-6
Jackie Young,LV,LV vs. NY,06/24/2026,2026,L,38,19,9,19,47.4,1,6,16.7,0,0,0.0,0,4,4,7,0,1,2,2,-7
Jessica Shepard,DAL,DAL @ SEA,06/23/2026,2026,W,36,14,7,13,53.8,0,0,0.0,0,0,0.0,4,5,9,8,1,0,1,2,-3
Grace VanSlooten,IND,IND vs. PHX,06/23/2026,2026,W,1,0,0,0,0.0,0,0,0.0,0,0,0.0,0,0,0,0,0,0,1,2,-5
Makayla Timpson,IND,IND vs. PHX,06/23/2026,2026,W,5,1,0,0,0.0,0,0,0.0,1,2,50.0,1,1,2,0,1,0,1,0,-3
Lexie Hull,IND,IND vs. PHX,06/23/2026,2026,W,17,8,2,2,100.0,2,2,100.0,2,2,100.0,1,1,2,0,0,0,1,2,+1
Quionche Carter,PHX,PHX @ IND,06/23/2026,2026,L,2,0,0,0,0.0,0,0,0.0,0,0,0.0,0,0,0,0,0,0,0,0,+6
Shay Ciezki,PHX,PHX @ IND,06/23/2026,2026,L,2,3,1,1,100.0,1,1,100.0,0,0,0.0,0,0,0,0,0,0,0,1,+6
Valeriane Ayayi,PHX,PHX @ IND,06/23/2026,2026,L,20,9,1,5,20.0,0,4,0.0,7,7,100.0,0,3,3,3,2,0,2,3,-6
Lexi Held,PHX,PHX @ IND,06/23/2026,2026,L,22,4,2,7,28.6,0,3,0.0,0,0,0.0,1,1,2,3,1,0,1,4,-1
Noemie Brochant,PHX,PHX @ IND,06/23/2026,2026,L,26,7,3,9,33.3,1,5,20.0,0,0,0.0,1,1,2,3,1,0,0,2,+5
Dominique Malonga,SEA,SEA vs. DAL,06/23/2026,2026,L,38,37,14,24,58.3,2,5,40.0,7,9,77.8,2,10,12,1,0,2,4,2,+5
Awak Kuier,DAL,DAL @ SEA,06/23/2026,2026,W,22,6,3,8,37.5,0,2,0.0,0,0,0.0,0,4,4,0,0,2,2,1,-9
Paige Bueckers,DAL,DAL @ SEA,06/23/2026,2026,W,38,27,12,23,52.2,3,6,50.0,0,0,0.0,1,4,5,5,1,0,2,1,-6
Zia Cooke,SEA,SEA vs. DAL,06/23/2026,2026,L,30,18,6,12,50.0,2,5,40.0,4,4,100.0,1,1,2,2,0,0,1,0,-8
Flau'jae Johnson,SEA,SEA vs. DAL,06/23/2026,2026,L,40,11,3,9,33.3,2,3,66.7,3,3,100.0,0,5,5,9,2,1,2,1,+11
Natisha Hiedeman,SEA,SEA vs. DAL,06/23/2026,2026,L,37,21,9,19,47.4,2,8,25.0,1,1,100.0,0,4,4,11,1,0,3,2,+2
Awa Fam,SEA,SEA vs. DAL,06/23/2026,2026,L,39,18,6,8,75.0,4,5,80.0,2,2,100.0,1,5,6,4,0,3,2,3,-1
Raven Johnson,IND,IND vs. PHX,06/23/2026,2026,W,18,4,2,6,33.3,0,2,0.0,0,0,0.0,3,2,5,3,1,0,0,4,+3
Li Yueru,DAL,DAL @ SEA,06/23/2026,2026,W,18,10,4,6,66.7,2,4,50.0,0,0,0.0,3,0,3,2,0,0,0,2,+10
Azzi Fudd,DAL,DAL @ SEA,06/23/2026,2026,W,42,26,11,17,64.7,2,5,40.0,2,2,100.0,0,3,3,2,4,0,1,0,+2
Sophie Cunningham,IND,IND vs. PHX,06/23/2026,2026,W,26,2,0,5,0.0,0,5,0.0,2,2,100.0,0,6,6,0,0,0,0,0,-2
Julie Allemand,TOR,TOR @ ATL,06/22/2026,2026,L,28,4,1,3,33.3,1,2,50.0,1,2,50.0,0,2,2,3,2,1,2,3,-14
Te-Hina Paopao,ATL,ATL vs. TOR,06/22/2026,2026,W,14,2,1,2,50.0,0,1,0.0,0,0,0.0,1,0,1,1,0,0,0,2,-19
Jordin Canada,ATL,ATL vs. TOR,06/22/2026,2026,W,29,11,4,8,50.0,1,4,25.0,2,2,100.0,0,2,2,13,2,0,2,1,+24
Allisha Gray,ATL,ATL vs. TOR,06/22/2026,2026,W,33,18,5,15,33.3,1,6,16.7,7,8,87.5,0,1,1,3,5,0,2,2,+23
Naz Hillmon,ATL,ATL vs. TOR,06/22/2026,2026,W,23,6,3,4,75.0,0,1,0.0,0,0,0.0,0,3,3,1,0,0,1,1,+15
Tima Pouye,TOR,TOR @ ATL,06/22/2026,2026,L,8,0,0,0,0.0,0,0,0.0,0,0,0.0,1,0,1,1,0,0,1,0,+7
Kia Nurse,TOR,TOR @ ATL,06/22/2026,2026,L,15,4,1,4,25.0,1,3,33.3,1,1,100.0,0,1,1,4,1,0,1,0,+22
Laura Juskaite,TOR,TOR @ ATL,06/22/2026,2026,L,22,8,1,3,33.3,0,2,0.0,6,8,75.0,0,2,2,2,1,0,2,4,+9
Teonni Key,TOR,TOR @ ATL,06/22/2026,2026,L,2,0,0,0,0.0,0,0,0.0,0,0,0.0,1,0,1,1,0,0,0,1,+6
Isobel Borlase,ATL,ATL vs. TOR,06/22/2026,2026,W,20,8,3,10,30.0,2,4,50.0,0,0,0.0,0,2,2,2,1,0,0,3,-19
Rachel Banham,CHI,CHI @ CON,06/22/2026,2026,L,16,3,1,2,50.0,1,2,50.0,0,0,0.0,0,0,0,1,0,0,1,1,-5
Sydney Taylor,CHI,CHI @ CON,06/22/2026,2026,L,22,10,2,12,16.7,1,8,12.5,5,6,83.3,1,0,1,2,0,0,2,1,-18
Rae Burrell,LA,LA vs. NY,06/22/2026,2026,W,26,19,5,10,50.0,2,4,50.0,7,7,100.0,1,2,3,4,0,0,3,2,-7
Breanna Stewart,NY,NY @ LA,06/22/2026,2026,L,34,18,8,17,47.1,0,4,0.0,2,4,50.0,1,9,10,4,2,0,2,5,-3
Satou Sabally,NY,NY @ LA,06/22/2026,2026,L,27,14,5,12,41.7,3,8,37.5,1,2,50.0,1,4,5,7,0,0,3,3,+8
Leonie Fiebich,NY,NY @ LA,06/22/2026,2026,L,26,13,4,8,50.0,3,6,50.0,2,2,100.0,0,2,2,1,1,0,4,2,+3
Jonquel Jones,NY,NY @ LA,06/22/2026,2026,L,33,18,6,9,66.7,4,7,57.1,2,2,100.0,3,5,8,3,2,1,0,3,0
Pauline Astier,NY,NY @ LA,06/22/2026,2026,L,21,17,4,5,80.0,0,1,0.0,9,9,100.0,0,4,4,5,1,1,3,2,+3
Nneka Ogwumike,LA,LA vs. NY,06/22/2026,2026,W,35,24,11,18,61.1,2,4,50.0,0,0,0.0,2,4,6,3,3,0,1,2,-2
Dearica Hamby,LA,LA vs. NY,06/22/2026,2026,W,31,12,6,12,50.0,0,2,0.0,0,2,0.0,2,6,8,3,1,0,2,5,-2
Maddy Westbeld,CHI,CHI @ CON,06/22/2026,2026,L,11,3,1,4,25.0,1,3,33.3,0,0,0.0,0,1,1,0,0,0,0,4,-13
Kelsey Plum,LA,LA vs. NY,06/22/2026,2026,W,36,12,5,14,35.7,1,7,14.3,1,1,100.0,0,3,3,7,0,0,1,4,+4
Erica Wheeler,LA,LA vs. NY,06/22/2026,2026,W,26,15,6,11,54.5,2,5,40.0,1,1,100.0,1,1,2,5,1,0,1,3,+4
Jacy Sheldon,CHI,CHI @ CON,06/22/2026,2026,L,20,6,1,6,16.7,0,2,0.0,4,4,100.0,0,0,0,0,1,0,2,2,-11
Gianna Kneepkens,CON,CON vs. CHI,06/22/2026,2026,W,5,4,2,3,66.7,0,1,0.0,0,0,0.0,0,1,1,0,0,0,0,1,-2
Saylor Poffenbarger,CHI,CHI @ CON,06/22/2026,2026,L,5,0,0,1,0.0,0,1,0.0,0,0,0.0,0,0,0,0,0,0,0,1,+2
Charlisse Leger-Walker,CON,CON vs. CHI,06/22/2026,2026,W,29,13,4,11,36.4,1,4,25.0,4,4,100.0,0,7,7,5,1,0,3,3,+19
Raegan Beers,CON,CON vs. CHI,06/22/2026,2026,W,5,4,2,2,100.0,0,0,0.0,0,0,0.0,1,0,1,0,0,0,2,2,-2
Nell Angloma,CON,CON vs. CHI,06/22/2026,2026,W,8,1,0,0,0.0,0,0,0.0,1,2,50.0,0,1,1,1,0,0,1,4,-2
Kennedy Burke,CON,CON vs. CHI,06/22/2026,2026,W,24,8,3,7,42.9,1,3,33.3,1,2,50.0,0,4,4,3,2,0,1,1,+28
Natasha Cloud,CHI,CHI @ DAL,06/21/2026,2026,L,25,10,3,10,30.0,2,6,33.3,2,2,100.0,0,6,6,6,1,0,1,1,-2
Jacy Sheldon,CHI,CHI @ DAL,06/21/2026,2026,L,15,6,2,3,66.7,1,1,100.0,1,2,50.0,1,1,2,0,0,0,1,1,-4
Jessica Shepard,DAL,DAL vs. CHI,06/21/2026,2026,W,34,21,7,14,50.0,0,1,0.0,7,8,87.5,2,6,8,3,1,0,4,1,-8
Skylar Diggins,CHI,CHI @ DAL,06/21/2026,2026,L,32,14,4,10,40.0,1,3,33.3,5,6,83.3,0,1,1,6,3,0,3,3,-3
Paige Bueckers,DAL,DAL vs. CHI,06/21/2026,2026,W,36,19,7,16,43.8,1,5,20.0,4,4,100.0,1,6,7,8,2,1,2,1,-5
Azzi Fudd,DAL,DAL vs. CHI,06/21/2026,2026,W,34,13,5,13,38.5,2,6,33.3,1,1,100.0,1,4,5,2,1,4,2,3,+5
Sug Sutton,DAL,DAL vs. CHI,06/21/2026,2026,W,13,4,2,3,66.7,0,0,0.0,0,0,0.0,0,0,0,1,0,1,0,1,-5
Aziaha James,DAL,DAL vs. CHI,06/21/2026,2026,W,6,4,2,3,66.7,0,0,0.0,0,0,0.0,1,2,3,1,0,0,1,0,+5
Laeticia Amihere,GS,GS @ LV,06/21/2026,2026,L,12,10,3,5,60.0,2,2,100.0,2,2,100.0,1,2,3,0,1,1,0,1,+6
Nadia Fingall,GS,GS @ LV,06/21/2026,2026,L,4,2,1,1,100.0,0,0,0.0,0,0,0.0,1,0,1,0,0,0,0,0,+4
Kaila Charles,GS,GS @ LV,06/21/2026,2026,L,19,7,2,4,50.0,1,2,50.0,2,2,100.0,0,4,4,1,1,0,1,2,+4
Gabriela Jaquez,CHI,CHI @ DAL,06/21/2026,2026,L,25,6,3,7,42.9,0,1,0.0,0,1,0.0,2,5,7,1,2,0,1,1,+1
Shakira Austin,WSH,WSH @ MIN,06/21/2026,2026,W,22,7,2,8,25.0,0,1,0.0,3,4,75.0,1,7,8,2,3,1,2,1,-6
Azura Stevens,CHI,CHI @ DAL,06/21/2026,2026,L,28,8,3,11,27.3,1,3,33.3,1,2,50.0,4,7,11,4,2,0,1,3,-8
Juste Jocyte,GS,GS @ LV,06/21/2026,2026,L,6,3,1,4,25.0,0,2,0.0,1,2,50.0,0,2,2,1,0,0,0,0,+3
Sonia Citron,WSH,WSH @ MIN,06/21/2026,2026,W,33,21,6,13,46.2,2,7,28.6,7,8,87.5,1,2,3,2,1,1,1,3,+4
Michaela Onyenwere,WSH,WSH @ MIN,06/21/2026,2026,W,23,5,1,5,20.0,0,1,0.0,3,5,60.0,2,1,3,1,0,0,1,2,-3
Kiki Iriafen,WSH,WSH @ MIN,06/21/2026,2026,W,25,17,6,11,54.5,0,0,0.0,5,7,71.4,3,4,7,0,1,0,2,5,-1
Olivia Miles,MIN,MIN vs. WSH,06/21/2026,2026,L,32,22,9,18,50.0,1,4,25.0,3,3,100.0,1,4,5,6,0,2,4,5,-10
Courtney Williams,MIN,MIN vs. WSH,06/21/2026,2026,L,32,13,5,15,33.3,1,3,33.3,2,2,100.0,2,2,4,3,2,0,1,2,-2
Kayla McBride,MIN,MIN vs. WSH,06/21/2026,2026,L,36,12,3,11,27.3,1,6,16.7,5,5,100.0,0,2,2,4,0,0,2,5,-3
Nia Coffey,MIN,MIN vs. WSH,06/21/2026,2026,L,31,5,2,6,33.3,1,5,20.0,0,0,0.0,1,7,8,2,2,4,0,4,-7
Natasha Howard,MIN,MIN vs. WSH,06/21/2026,2026,L,36,20,9,15,60.0,0,1,0.0,2,2,100.0,3,3,6,2,5,0,5,5,-5
Cotie McMahon,WSH,WSH @ MIN,06/21/2026,2026,W,26,15,5,9,55.6,4,4,100.0,1,2,50.0,0,3,3,5,0,1,1,2,+10
Kaitlyn Chen,GS,GS @ LV,06/21/2026,2026,L,24,11,4,8,50.0,1,5,20.0,2,3,66.7,1,1,2,2,0,0,2,1,-4
Brianna Turner,LV,LV vs. GS,06/21/2026,2026,W,17,0,0,0,0.0,0,0,0.0,0,0,0.0,0,3,3,1,1,0,0,1,+17
Stephanie Talbot,LV,LV vs. GS,06/21/2026,2026,W,21,4,2,5,40.0,0,2,0.0,0,0,0.0,0,0,0,0,0,0,1,2,-12
Cheyenne Parker-Tyus,LV,LV vs. GS,06/21/2026,2026,W,4,0,0,0,0.0,0,0,0.0,0,0,0.0,0,2,2,0,0,0,0,0,-4
Kierstan Bell,LV,LV vs. GS,06/21/2026,2026,W,14,5,2,7,28.6,1,5,20.0,0,0,0.0,0,0,0,1,1,0,0,1,0
Jewell Loyd,LV,LV vs. GS,06/21/2026,2026,W,23,14,5,7,71.4,4,5,80.0,0,0,0.0,0,3,3,1,1,0,2,3,+27
Te-Hina Paopao,ATL,ATL vs. IND,06/20/2026,2026,W,16,9,3,5,60.0,3,4,75.0,0,0,0.0,0,0,0,2,0,0,1,1,-5
Gabby Williams,GS,GS vs. MIN,06/20/2026,2026,L,28,15,6,16,37.5,2,6,33.3,1,2,50.0,3,5,8,1,1,0,3,3,-10
Cecilia Zandalasini,GS,GS vs. MIN,06/20/2026,2026,L,27,23,7,15,46.7,4,10,40.0,5,5,100.0,1,3,4,2,0,0,2,2,-6
Veronica Burton,GS,GS vs. MIN,06/20/2026,2026,L,24,5,1,8,12.5,1,5,20.0,2,2,100.0,1,1,2,5,2,0,2,3,+1
Janelle Salaun,GS,GS vs. MIN,06/20/2026,2026,L,24,15,6,16,37.5,3,11,27.3,0,2,0.0,4,2,6,0,1,0,1,1,+1
Isobel Borlase,ATL,ATL vs. IND,06/20/2026,2026,W,17,3,1,3,33.3,0,0,0.0,1,1,100.0,0,3,3,2,0,0,1,2,+11
Indya Nivar,ATL,ATL vs. IND,06/20/2026,2026,W,2,3,1,1,100.0,1,1,100.0,0,0,0.0,0,0,0,0,0,0,0,0,-5
Sika Kone,ATL,ATL vs. IND,06/20/2026,2026,W,2,0,0,2,0.0,0,1,0.0,0,0,0.0,0,0,0,1,0,0,0,0,-5
Madina Okot,ATL,ATL vs. IND,06/20/2026,2026,W,4,3,0,0,0.0,0,0,0.0,3,4,75.0,2,0,2,0,1,0,0,2,-10
Anastasiia Olairi Kosu,MIN,MIN @ GS,06/20/2026,2026,W,19,4,1,5,20.0,0,0,0.0,2,2,100.0,3,3,6,0,2,2,2,2,+2
Raven Johnson,IND,IND @ ATL,06/20/2026,2026,L,21,9,4,6,66.7,1,3,33.3,0,0,0.0,1,5,6,2,0,0,1,1,-5
Tyasha Harris,IND,IND @ ATL,06/20/2026,2026,L,7,0,0,0,0.0,0,0,0.0,0,0,0.0,0,0,0,0,0,0,0,2,-7
Sophie Cunningham,IND,IND @ ATL,06/20/2026,2026,L,26,13,3,9,33.3,3,8,37.5,4,5,80.0,0,1,1,1,0,0,1,2,-8
Damiris Dantas,IND,IND @ ATL,06/20/2026,2026,L,7,3,1,3,33.3,0,2,0.0,1,3,33.3,1,2,3,0,0,0,1,2,-2
Kayla Thornton,GS,GS vs. MIN,06/20/2026,2026,L,23,3,1,5,20.0,1,4,25.0,0,0,0.0,2,4,6,2,1,0,0,1,-2
Myisha Hines-Allen,IND,IND @ ATL,06/20/2026,2026,L,17,9,3,5,60.0,1,1,100.0,2,2,100.0,0,3,3,0,0,1,3,3,-1
Olivia Miles,MIN,MIN @ GS,06/20/2026,2026,W,32,7,1,10,10.0,0,4,0.0,5,5,100.0,0,5,5,4,3,3,6,4,+2
Flau'jae Johnson,SEA,SEA @ PHX,06/20/2026,2026,L,34,13,6,17,35.3,1,7,14.3,0,0,0.0,1,1,2,0,0,2,2,4,-10
Kyara Linskens,PHX,PHX vs. SEA,06/20/2026,2026,W,13,3,1,5,20.0,0,2,0.0,1,2,50.0,1,1,2,0,0,2,1,1,-9
Noemie Brochant,PHX,PHX vs. SEA,06/20/2026,2026,W,32,16,6,7,85.7,4,5,80.0,0,0,0.0,0,2,2,10,1,0,1,4,+8
Zia Cooke,SEA,SEA @ PHX,06/20/2026,2026,L,16,10,2,6,33.3,0,3,0.0,6,6,100.0,0,2,2,2,0,0,1,4,0
Taylor Thierry,SEA,SEA @ PHX,06/20/2026,2026,L,7,0,0,2,0.0,0,1,0.0,0,0,0.0,1,1,2,0,1,0,1,0,+1
Mackenzie Holmes,SEA,SEA @ PHX,06/20/2026,2026,L,4,0,0,0,0.0,0,0,0.0,0,0,0.0,0,1,1,0,1,0,0,1,+4
Katie Lou Samuelson,SEA,SEA @ PHX,06/20/2026,2026,L,27,7,3,8,37.5,1,5,20.0,0,0,0.0,0,5,5,3,2,0,0,1,-8
Courtney Williams,MIN,MIN @ GS,06/20/2026,2026,W,36,21,6,16,37.5,2,2,100.0,7,7,100.0,2,10,12,5,1,2,2,0,+6
Lexi Held,PHX,PHX vs. SEA,06/20/2026,2026,W,30,11,5,12,41.7,1,6,16.7,0,0,0.0,0,0,0,2,0,1,2,1,+13
Quionche Carter,PHX,PHX vs. SEA,06/20/2026,2026,W,4,0,0,1,0.0,0,1,0.0,0,0,0.0,0,1,1,0,1,0,0,1,-4
Nia Coffey,MIN,MIN @ GS,06/20/2026,2026,W,33,22,7,11,63.6,3,4,75.0,5,6,83.3,3,3,6,3,0,1,1,1,+7
Kayla McBride,MIN,MIN @ GS,06/20/2026,2026,W,34,17,7,12,58.3,1,3,33.3,2,3,66.7,0,3,3,2,1,0,0,3,+5
Valeriane Ayayi,PHX,PHX vs. SEA,06/20/2026,2026,W,22,18,4,7,57.1,2,4,50.0,8,8,100.0,1,9,10,0,0,1,2,2,+22
Kiki Iriafen,WSH,WSH @ NY,06/19/2026,2026,W,28,20,8,14,57.1,0,1,0.0,4,6,66.7,2,4,6,0,1,1,1,3,+3
Shakira Austin,WSH,WSH @ NY,06/19/2026,2026,W,28,14,4,8,50.0,1,1,100.0,5,8,62.5,2,5,7,1,0,0,1,3,+5
Sonia Citron,WSH,WSH @ NY,06/19/2026,2026,W,35,16,5,11,45.5,1,5,20.0,5,6,83.3,0,6,6,8,5,0,2,4,+3
Leila Lacan,CON,CON vs. TOR,06/19/2026,2026,L,31,16,5,16,31.2,2,8,25.0,4,5,80.0,0,1,1,3,1,0,1,2,-14
Breanna Stewart,NY,NY vs. WSH,06/19/2026,2026,L,32,16,5,11,45.5,0,2,0.0,6,8,75.0,1,9,10,6,1,2,1,5,0
Saniya Rivers,CON,CON vs. TOR,06/19/2026,2026,L,21,3,1,4,25.0,1,3,33.3,0,0,0.0,0,3,3,4,2,0,2,2,-11
Brittney Griner,CON,CON vs. TOR,06/19/2026,2026,L,24,16,7,11,63.6,0,0,0.0,2,3,66.7,4,4,8,2,0,2,2,0,-19
Diamond Miller,CON,CON vs. TOR,06/19/2026,2026,L,21,10,4,10,40.0,1,3,33.3,1,2,50.0,0,3,3,2,0,0,0,3,-5
Aaliyah Edwards,CON,CON vs. TOR,06/19/2026,2026,L,20,6,2,5,40.0,0,0,0.0,2,2,100.0,0,2,2,2,1,0,0,3,-2
Maria Conde,TOR,TOR @ CON,06/19/2026,2026,W,28,19,5,12,41.7,5,8,62.5,4,4,100.0,2,4,6,3,0,1,0,1,0
Julie Allemand,TOR,TOR @ CON,06/19/2026,2026,W,34,4,2,5,40.0,0,3,0.0,0,0,0.0,0,0,0,9,1,0,4,1,+12
Marina Mabrey,TOR,TOR @ CON,06/19/2026,2026,W,33,37,14,24,58.3,9,12,75.0,0,0,0.0,1,3,4,4,0,0,6,4,+21
Temi Fagbenle,TOR,TOR @ CON,06/19/2026,2026,W,32,19,8,9,88.9,2,2,100.0,1,2,50.0,4,5,9,2,1,1,0,3,+8
Isabelle Harrison,TOR,TOR @ CON,06/19/2026,2026,W,30,15,5,14,35.7,2,3,66.7,3,3,100.0,1,5,6,5,0,1,1,2,+2
Cotie McMahon,WSH,WSH @ NY,06/19/2026,2026,W,13,7,3,5,60.0,1,3,33.3,0,3,0.0,0,1,1,1,1,0,0,2,0
Michaela Onyenwere,WSH,WSH @ NY,06/19/2026,2026,W,28,11,3,5,60.0,0,1,0.0,5,5,100.0,1,1,2,0,0,0,2,3,+3
Leonie Fiebich,NY,NY vs. WSH,06/19/2026,2026,L,31,19,6,9,66.7,3,5,60.0,4,4,100.0,2,0,2,2,1,0,1,3,-5
Sabrina Ionescu,NY,NY vs. WSH,06/19/2026,2026,L,30,9,4,13,30.8,1,6,16.7,0,0,0.0,0,1,1,3,0,0,4,3,-7
Satou Sabally,NY,NY vs. WSH,06/19/2026,2026,L,17,13,4,8,50.0,3,6,50.0,2,2,100.0,0,0,0,1,1,0,2,4,+6
Jonquel Jones,NY,NY vs. WSH,06/19/2026,2026,L,33,10,4,8,50.0,0,4,0.0,2,4,50.0,0,10,10,2,0,1,2,3,-6
Eliska Joklova,MIN,MIN @ LA,06/18/2026,2026,W,11,0,0,1,0.0,0,1,0.0,0,0,0.0,0,0,0,3,0,0,1,2,-1
Elizabeth Williams,CHI,CHI vs. NY,06/18/2026,2026,L,16,3,1,2,50.0,0,0,0.0,1,2,50.0,1,2,3,0,0,2,0,0,-13
Natasha Cloud,CHI,CHI vs. NY,06/18/2026,2026,L,28,11,3,7,42.9,1,2,50.0,4,4,100.0,1,2,3,4,2,0,0,3,-2
Antonia Delaere,MIN,MIN @ LA,06/18/2026,2026,W,15,6,2,4,50.0,2,4,50.0,0,0,0.0,0,0,0,1,0,0,0,2,+5
Anastasiia Olairi Kosu,MIN,MIN @ LA,06/18/2026,2026,W,10,4,2,2,100.0,0,0,0.0,0,0,0.0,0,2,2,1,0,0,3,2,+1
Teaira McCowan,MIN,MIN @ LA,06/18/2026,2026,W,5,2,1,1,100.0,0,0,0.0,0,1,0.0,0,1,1,0,0,0,1,2,-4
Maya Caldwell,MIN,MIN @ LA,06/18/2026,2026,W,25,7,2,7,28.6,1,3,33.3,2,2,100.0,2,5,7,3,2,1,3,2,+18
Sania Feagin,LA,LA vs. MIN,06/18/2026,2026,L,6,0,0,1,0.0,0,0,0.0,0,0,0.0,0,0,0,2,0,0,0,2,-2
Emma Cannon,LA,LA vs. MIN,06/18/2026,2026,L,4,5,1,2,50.0,1,2,50.0,2,2,100.0,1,0,1,1,0,0,0,1,+4
Sydney Taylor,CHI,CHI vs. NY,06/18/2026,2026,L,28,24,10,16,62.5,4,7,57.1,0,0,0.0,0,1,1,2,3,1,1,5,+4
Jihyun Park,LA,LA vs. MIN,06/18/2026,2026,L,22,13,5,7,71.4,1,2,50.0,2,2,100.0,0,0,0,0,1,0,2,3,-10
Ta'Niya Latson,LA,LA vs. MIN,06/18/2026,2026,L,12,6,0,2,0.0,0,1,0.0,6,9,66.7,1,2,3,2,0,0,2,0,-4
Chance Gray,LA,LA vs. MIN,06/18/2026,2026,L,13,8,2,3,66.7,2,3,66.7,2,2,100.0,0,2,2,2,0,0,2,1,-9
NaLyssa Smith,LV,LV @ PHX,06/18/2026,2026,W,31,21,8,10,80.0,0,0,0.0,5,8,62.5,2,3,5,2,1,0,0,1,+11
A'ja Wilson,LV,LV @ PHX,06/18/2026,2026,W,37,33,11,20,55.0,0,2,0.0,11,13,84.6,4,6,10,3,5,2,2,2,+14
Chelsea Gray,LV,LV @ PHX,06/18/2026,2026,W,35,5,2,10,20.0,0,4,0.0,1,1,100.0,0,4,4,9,2,0,3,2,+15
Gabriela Jaquez,CHI,CHI vs. NY,06/18/2026,2026,L,29,22,7,11,63.6,4,5,80.0,4,4,100.0,0,3,3,3,1,0,2,1,+4
Pauline Astier,NY,NY @ CHI,06/18/2026,2026,W,23,9,1,3,33.3,0,0,0.0,7,7,100.0,2,3,5,4,1,0,0,0,+8
Skylar Diggins,CHI,CHI vs. NY,06/18/2026,2026,L,31,19,7,16,43.8,3,5,60.0,2,3,66.7,1,1,2,8,1,1,1,1,+7
Kayla Thornton,GS,GS vs. DAL,06/18/2026,2026,W,29,8,2,7,28.6,2,5,40.0,2,2,100.0,3,8,11,2,0,1,0,1,+19
Jewell Loyd,LV,LV @ PHX,06/18/2026,2026,W,24,0,0,7,0.0,0,5,0.0,0,0,0.0,2,1,3,1,2,0,0,3,+10
Jessica Shepard,DAL,DAL @ GS,06/18/2026,2026,L,33,14,7,13,53.8,0,0,0.0,0,0,0.0,2,8,10,4,0,0,0,3,-9
Arike Ogunbowale,DAL,DAL @ GS,06/18/2026,2026,L,28,21,7,11,63.6,3,3,100.0,4,4,100.0,0,2,2,3,1,0,0,2,-13
Paige Bueckers,DAL,DAL @ GS,06/18/2026,2026,L,36,15,5,13,38.5,1,5,20.0,4,4,100.0,0,3,3,8,1,1,2,4,-8
Azzi Fudd,DAL,DAL @ GS,06/18/2026,2026,L,37,10,4,13,30.8,2,5,40.0,0,2,0.0,0,1,1,1,5,1,1,4,-14
Alanna Smith,DAL,DAL @ GS,06/18/2026,2026,L,16,5,2,4,50.0,1,3,33.3,0,0,0.0,0,3,3,0,0,1,0,1,+5
Gabby Williams,GS,GS vs. DAL,06/18/2026,2026,W,29,25,7,16,43.8,2,6,33.3,9,12,75.0,2,1,3,4,1,0,2,0,+25
Sabrina Ionescu,NY,NY @ CHI,06/18/2026,2026,W,28,10,4,9,44.4,2,4,50.0,0,0,0.0,1,2,3,1,0,0,3,1,-7
Veronica Burton,GS,GS vs. DAL,06/18/2026,2026,W,33,11,3,8,37.5,2,3,66.7,3,3,100.0,2,6,8,5,2,1,2,3,+1
Kaila Charles,GS,GS vs. DAL,06/18/2026,2026,W,22,6,2,6,33.3,1,2,50.0,1,2,50.0,2,3,5,2,0,0,1,2,+4
Kaitlyn Chen,GS,GS vs. DAL,06/18/2026,2026,W,25,15,7,10,70.0,1,2,50.0,0,1,0.0,0,2,2,2,1,0,2,3,+26
Breanna Stewart,NY,NY @ CHI,06/18/2026,2026,W,35,17,7,12,58.3,1,3,33.3,2,3,66.7,1,5,6,3,2,1,0,3,-1
Leonie Fiebich,NY,NY @ CHI,06/18/2026,2026,W,24,9,2,9,22.2,1,5,20.0,4,5,80.0,3,3,6,3,0,0,3,2,+2
Jonquel Jones,NY,NY @ CHI,06/18/2026,2026,W,28,19,6,9,66.7,3,5,60.0,4,4,100.0,1,7,8,3,1,1,4,2,-5
Jackie Young,LV,LV @ PHX,06/18/2026,2026,W,38,20,7,15,46.7,4,8,50.0,2,3,66.7,1,0,1,9,5,1,3,2,+13
Bridget Carleton,POR,POR vs. SEA,06/18/2026,2026,W,29,24,7,13,53.8,7,13,53.8,3,4,75.0,2,2,4,1,3,2,2,2,+6
Alyssa Thomas,PHX,PHX vs. LV,06/18/2026,2026,L,35,10,4,10,40.0,0,0,0.0,2,2,100.0,1,4,5,11,0,0,6,5,-11
Sophie Cunningham,IND,IND vs. ATL,06/18/2026,2026,L,30,12,4,5,80.0,2,3,66.7,2,2,100.0,0,2,2,2,0,0,1,2,-7
Natasha Mack,PHX,PHX vs. LV,06/18/2026,2026,L,23,0,0,3,0.0,0,1,0.0,0,0,0.0,3,5,8,0,0,1,0,3,-6
Carla Leite,POR,POR vs. SEA,06/18/2026,2026,W,29,20,5,11,45.5,1,2,50.0,9,10,90.0,2,2,4,10,1,0,1,2,+13
Sarah Ashlee Barker,POR,POR vs. SEA,06/18/2026,2026,W,24,12,3,11,27.3,2,7,28.6,4,4,100.0,1,5,6,0,0,1,1,1,+11
Megan DiLeo,POR,POR vs. SEA,06/18/2026,2026,W,28,8,3,10,30.0,2,4,50.0,0,0,0.0,3,1,4,0,0,2,2,4,+12
Katie Lou Samuelson,SEA,SEA @ POR,06/18/2026,2026,L,11,0,0,2,0.0,0,1,0.0,0,0,0.0,0,1,1,1,1,0,0,0,+3
Jade Melbourne,SEA,SEA @ POR,06/18/2026,2026,L,30,6,1,6,16.7,0,4,0.0,4,4,100.0,0,2,2,8,0,0,2,1,-6
Natisha Hiedeman,SEA,SEA @ POR,06/18/2026,2026,L,33,19,6,14,42.9,5,8,62.5,2,2,100.0,0,4,4,6,1,0,5,1,-3
Awa Fam,SEA,SEA @ POR,06/18/2026,2026,L,29,18,6,10,60.0,3,5,60.0,3,3,100.0,3,2,5,1,0,0,1,4,-14
Dominique Malonga,SEA,SEA @ POR,06/18/2026,2026,L,35,28,12,19,63.2,0,0,0.0,4,6,66.7,3,8,11,3,2,3,1,0,-2
Tyasha Harris,IND,IND vs. ATL,06/18/2026,2026,L,14,0,0,1,0.0,0,0,0.0,0,0,0.0,1,1,2,2,1,0,1,3,+3
Emily Engstler,POR,POR vs. SEA,06/18/2026,2026,W,27,9,3,8,37.5,2,4,50.0,1,2,50.0,3,3,6,5,1,2,2,4,+10
Caitlin Clark,IND,IND vs. ATL,06/18/2026,2026,L,31,26,8,17,47.1,2,5,40.0,8,12,66.7,0,2,2,7,0,0,5,5,-13
Allisha Gray,ATL,ATL @ IND,06/18/2026,2026,W,34,17,6,11,54.5,1,3,33.3,4,5,80.0,0,0,0,3,3,0,2,4,+16
Noemie Brochant,PHX,PHX vs. LV,06/18/2026,2026,L,19,4,2,3,66.7,0,1,0.0,0,0,0.0,0,3,3,1,1,0,1,0,-11
Kelsey Mitchell,IND,IND vs. ATL,06/18/2026,2026,L,34,26,10,15,66.7,3,7,42.9,3,3,100.0,0,1,1,1,1,0,2,2,0
Kahleah Copper,PHX,PHX vs. LV,06/18/2026,2026,L,30,26,9,16,56.2,1,4,25.0,7,7,100.0,0,4,4,3,0,0,4,4,-1
Monique Akoa Makani,PHX,PHX vs. LV,06/18/2026,2026,L,20,4,1,3,33.3,0,1,0.0,2,2,100.0,0,3,3,1,1,0,3,1,-10
Angel Reese,ATL,ATL @ IND,06/18/2026,2026,W,29,21,8,14,57.1,0,0,0.0,5,8,62.5,4,7,11,1,0,0,4,4,+8
Jordin Canada,ATL,ATL @ IND,06/18/2026,2026,W,29,18,5,10,50.0,1,3,33.3,7,8,87.5,0,2,2,5,4,0,1,4,+9
Rhyne Howard,ATL,ATL @ IND,06/18/2026,2026,W,38,16,6,12,50.0,1,3,33.3,3,3,100.0,2,2,4,6,3,1,1,1,+4
Te-Hina Paopao,ATL,ATL @ IND,06/18/2026,2026,W,14,7,3,5,60.0,1,2,50.0,0,0,0.0,0,1,1,3,0,0,1,2,-2
Aliyah Boston,IND,IND vs. ATL,06/18/2026,2026,L,34,23,8,15,53.3,1,2,50.0,6,8,75.0,0,8,8,3,1,3,4,3,-2
Cotie McMahon,WSH,WSH @ CON,06/17/2026,2026,W,21,2,0,3,0.0,0,1,0.0,2,2,100.0,0,6,6,4,0,0,1,1,+4
Diamond Miller,CON,CON vs. WSH,06/17/2026,2026,L,12,7,3,5,60.0,1,3,33.3,0,0,0.0,0,0,0,0,2,0,0,3,+1
Michaela Onyenwere,WSH,WSH @ CON,06/17/2026,2026,W,32,22,8,12,66.7,4,4,100.0,2,2,100.0,0,3,3,0,1,0,2,3,+11
Brittney Griner,CON,CON vs. WSH,06/17/2026,2026,L,23,6,3,7,42.9,0,1,0.0,0,0,0.0,0,3,3,1,1,2,1,4,-6
Leila Lacan,CON,CON vs. WSH,06/17/2026,2026,L,28,11,5,14,35.7,0,4,0.0,1,1,100.0,0,2,2,4,2,0,1,2,-5
Aneesah Morrow,CON,CON vs. WSH,06/17/2026,2026,L,21,11,5,11,45.5,0,2,0.0,1,2,50.0,3,7,10,2,2,0,2,0,+2
Charlisse Leger-Walker,CON,CON vs. WSH,06/17/2026,2026,L,19,10,3,5,60.0,1,1,100.0,3,3,100.0,0,2,2,4,0,0,0,3,-4
Angela Dugalic,WSH,WSH @ CON,06/17/2026,2026,W,27,6,3,7,42.9,0,3,0.0,0,0,0.0,0,2,2,3,0,0,0,4,-2
Sonia Citron,WSH,WSH @ CON,06/17/2026,2026,W,38,26,7,13,53.8,0,4,0.0,12,12,100.0,1,10,11,4,0,1,3,4,+9
Lauren Betts,WSH,WSH @ CON,06/17/2026,2026,W,32,13,2,7,28.6,0,0,0.0,9,10,90.0,1,6,7,3,0,0,2,1,+12
Frieda Buhner,POR,POR @ MIN,06/16/2026,2026,L,20,10,3,9,33.3,0,4,0.0,4,5,80.0,2,0,2,1,0,0,0,1,-19
Nyadiew Puoch,POR,POR @ MIN,06/16/2026,2026,L,21,3,1,3,33.3,1,3,33.3,0,0,0.0,2,1,3,2,0,0,0,3,-10
Luisa Geiselsoder,POR,POR @ MIN,06/16/2026,2026,L,15,9,3,5,60.0,3,4,75.0,0,0,0.0,1,3,4,0,1,0,0,3,-12
Serah Williams,POR,POR @ MIN,06/16/2026,2026,L,13,2,1,2,50.0,0,0,0.0,0,0,0.0,1,1,2,1,0,0,2,2,-7
Antonia Delaere,MIN,MIN vs. POR,06/16/2026,2026,W,29,6,2,6,33.3,2,5,40.0,0,0,0.0,0,1,1,7,3,0,0,2,+26
Anastasiia Olairi Kosu,MIN,MIN vs. POR,06/16/2026,2026,W,19,11,4,8,50.0,1,2,50.0,2,2,100.0,3,2,5,3,0,1,2,2,+11
Teaira McCowan,MIN,MIN vs. POR,06/16/2026,2026,W,8,0,0,2,0.0,0,0,0.0,0,2,0.0,1,3,4,1,0,1,0,2,+10
Holly Winterburn,POR,POR @ MIN,06/16/2026,2026,L,8,2,1,4,25.0,0,3,0.0,0,0,0.0,0,0,0,2,0,0,1,2,-9
Ta'Niya Latson,LA,LA @ GS,06/16/2026,2026,L,4,0,0,1,0.0,0,0,0.0,0,0,0.0,0,1,1,0,0,0,1,0,-1
Juste Jocyte,GS,GS vs. LA,06/16/2026,2026,W,2,0,0,0,0.0,0,0,0.0,0,0,0.0,0,0,0,0,0,0,1,0,+2
Kaitlyn Chen,GS,GS vs. LA,06/16/2026,2026,W,10,6,3,4,75.0,0,0,0.0,0,0,0.0,1,2,3,1,1,0,1,1,+5
Janelle Salaun,GS,GS vs. LA,06/16/2026,2026,W,25,7,1,8,12.5,1,4,25.0,4,4,100.0,2,2,4,2,1,0,0,3,+18
Laeticia Amihere,GS,GS vs. LA,06/16/2026,2026,W,2,0,0,0,0.0,0,0,0.0,0,0,0.0,0,0,0,0,0,0,0,0,+2
Cecilia Zandalasini,GS,GS vs. LA,06/16/2026,2026,W,18,10,5,12,41.7,0,2,0.0,0,0,0.0,0,3,3,3,1,0,0,1,+5
Chance Gray,LA,LA @ GS,06/16/2026,2026,L,8,0,0,1,0.0,0,0,0.0,0,0,0.0,0,2,2,0,0,0,3,2,-11
Eliska Joklova,MIN,MIN vs. POR,06/16/2026,2026,W,10,4,2,3,66.7,0,1,0.0,0,0,0.0,0,0,0,1,0,0,0,1,+4
Kate Martin,LA,LA @ GS,06/16/2026,2026,L,11,3,1,1,100.0,1,1,100.0,0,0,0.0,1,2,3,2,0,0,0,1,+2
Jihyun Park,LA,LA @ GS,06/16/2026,2026,L,4,2,1,2,50.0,0,0,0.0,0,0,0.0,1,0,1,0,0,0,0,0,-2
Sania Feagin,LA,LA @ GS,06/16/2026,2026,L,1,0,0,0,0.0,0,0,0.0,0,0,0.0,0,1,1,0,0,0,0,0,-2
Maya Caldwell,MIN,MIN vs. POR,06/16/2026,2026,W,15,11,4,6,66.7,1,2,50.0,2,2,100.0,3,1,4,1,1,0,0,0,+6
Jewell Loyd,LV,LV @ DAL,06/16/2026,2026,L,31,21,8,14,57.1,5,9,55.6,0,0,0.0,0,2,2,0,1,0,2,2,-17
Stephanie Talbot,LV,LV @ DAL,06/16/2026,2026,L,20,4,1,2,50.0,0,1,0.0,2,2,100.0,2,2,4,3,0,0,1,1,-31
Raven Johnson,IND,IND vs. TOR,06/16/2026,2026,W,14,6,2,5,40.0,2,4,50.0,0,0,0.0,0,0,0,1,0,0,1,1,+15
Laura Juskaite,TOR,TOR @ IND,06/16/2026,2026,L,25,19,8,11,72.7,2,3,66.7,1,2,50.0,0,2,2,4,3,0,2,5,-8
Maria Conde,TOR,TOR @ IND,06/16/2026,2026,L,31,12,4,8,50.0,3,4,75.0,1,1,100.0,0,4,4,5,0,0,1,3,-22
Teonni Key,TOR,TOR @ IND,06/16/2026,2026,L,11,2,1,3,33.3,0,1,0.0,0,0,0.0,1,1,2,0,0,0,1,1,-11
Kia Nurse,TOR,TOR @ IND,06/16/2026,2026,L,15,10,3,4,75.0,0,1,0.0,4,4,100.0,0,1,1,0,0,0,2,2,-16
Tima Pouye,TOR,TOR @ IND,06/16/2026,2026,L,13,5,1,7,14.3,1,3,33.3,2,4,50.0,1,1,2,2,1,0,1,5,-17
Lexie Hull,IND,IND vs. TOR,06/16/2026,2026,W,20,6,3,6,50.0,0,3,0.0,0,0,0.0,1,3,4,0,0,0,0,3,+2
Cheyenne Parker-Tyus,LV,LV @ DAL,06/16/2026,2026,L,18,4,1,5,20.0,0,1,0.0,2,2,100.0,1,4,5,3,1,1,1,1,-4
Grace VanSlooten,IND,IND vs. TOR,06/16/2026,2026,W,1,0,0,0,0.0,0,0,0.0,0,0,0.0,0,0,0,0,0,0,0,0,0
Damiris Dantas,IND,IND vs. TOR,06/16/2026,2026,W,2,4,0,1,0.0,0,1,0.0,4,4,100.0,1,0,1,0,0,0,0,0,-2
Makayla Timpson,IND,IND vs. TOR,06/16/2026,2026,W,23,2,1,3,33.3,0,0,0.0,0,0,0.0,1,5,6,0,1,2,2,4,+17
Brianna Turner,LV,LV @ DAL,06/16/2026,2026,L,11,2,1,1,100.0,0,0,0.0,0,0,0.0,0,0,0,0,0,0,0,0,-20
Sug Sutton,DAL,DAL vs. LV,06/16/2026,2026,W,21,4,2,5,40.0,0,2,0.0,0,0,0.0,0,2,2,4,1,1,0,1,+8
Kierstan Bell,LV,LV @ DAL,06/16/2026,2026,L,18,2,1,6,16.7,0,3,0.0,0,0,0.0,0,1,1,2,0,2,1,4,-3
Alysha Clark,DAL,DAL vs. LV,06/16/2026,2026,W,5,0,0,2,0.0,0,1,0.0,0,0,0.0,0,1,1,0,0,0,0,1,+6
Maddy Siegrist,DAL,DAL vs. LV,06/16/2026,2026,W,9,5,2,2,100.0,1,1,100.0,0,0,0.0,0,1,1,0,0,0,0,2,+6
Li Yueru,DAL,DAL vs. LV,06/16/2026,2026,W,4,0,0,3,0.0,0,2,0.0,0,0,0.0,1,3,4,1,0,0,0,0,+6
Aziaha James,DAL,DAL vs. LV,06/16/2026,2026,W,12,10,4,5,80.0,0,0,0.0,2,3,66.7,2,2,4,1,2,0,0,0,+8
Temi Fagbenle,TOR,TOR vs. ATL,06/14/2026,2026,L,17,7,3,5,60.0,0,0,0.0,1,2,50.0,2,1,3,2,0,0,0,2,-13
Maria Conde,TOR,TOR vs. ATL,06/14/2026,2026,L,25,12,4,9,44.4,1,2,50.0,3,5,60.0,1,2,3,4,0,0,2,2,-12
Madina Okot,ATL,ATL @ TOR,06/14/2026,2026,W,6,0,0,1,0.0,0,0,0.0,0,0,0.0,0,3,3,0,1,0,1,1,-9
Kia Nurse,TOR,TOR vs. ATL,06/14/2026,2026,L,8,3,1,1,100.0,1,1,100.0,0,0,0.0,0,1,1,0,0,0,0,0,-8
Tima Pouye,TOR,TOR vs. ATL,06/14/2026,2026,L,4,0,0,1,0.0,0,0,0.0,0,0,0.0,0,1,1,0,1,0,1,1,-12
Jessica Shepard,DAL,DAL @ POR,06/14/2026,2026,L,35,13,5,10,50.0,0,0,0.0,3,5,60.0,4,10,14,2,1,0,3,1,+3
Arike Ogunbowale,DAL,DAL @ POR,06/14/2026,2026,L,35,22,7,16,43.8,2,7,28.6,6,8,75.0,0,6,6,2,0,0,2,2,+1
Laura Juskaite,TOR,TOR vs. ATL,06/14/2026,2026,L,26,5,2,7,28.6,0,2,0.0,1,1,100.0,0,2,2,3,1,0,3,2,-16
Azzi Fudd,DAL,DAL @ POR,06/14/2026,2026,L,32,18,7,17,41.2,3,8,37.5,1,1,100.0,1,3,4,3,2,2,1,5,+7
Indya Nivar,ATL,ATL @ TOR,06/14/2026,2026,W,1,0,0,0,0.0,0,0,0.0,0,0,0.0,0,0,0,1,0,0,0,0,+1
Aaliyah Nye,ATL,ATL @ TOR,06/14/2026,2026,W,1,0,0,0,0.0,0,0,0.0,0,0,0.0,0,0,0,0,0,0,1,0,+1
Te-Hina Paopao,ATL,ATL @ TOR,06/14/2026,2026,W,12,6,2,7,28.6,2,5,40.0,0,0,0.0,0,0,0,0,0,0,0,2,-5
Kelsey Plum,LA,LA @ PHX,06/14/2026,2026,W,37,43,14,26,53.8,5,11,45.5,10,12,83.3,0,2,2,7,0,0,5,3,+9
Sika Kone,ATL,ATL @ TOR,06/14/2026,2026,W,2,0,0,1,0.0,0,1,0.0,0,0,0.0,0,1,1,0,0,0,0,0,+4
Lexi Held,PHX,PHX vs. LA,06/14/2026,2026,L,29,9,4,10,40.0,1,6,16.7,0,0,0.0,1,1,2,2,1,0,3,4,-8
Nia Coffey,MIN,MIN @ LV,06/14/2026,2026,L,26,3,1,2,50.0,1,2,50.0,0,0,0.0,2,1,3,2,0,2,0,2,0
Ariel Atkins,LA,LA @ PHX,06/14/2026,2026,W,31,6,2,7,28.6,1,3,33.3,1,1,100.0,0,1,1,3,1,0,1,3,+7
Awak Kuier,DAL,DAL @ POR,06/14/2026,2026,L,24,3,1,5,20.0,0,1,0.0,1,2,50.0,4,1,5,3,2,2,1,0,+1
Nneka Ogwumike,LA,LA @ PHX,06/14/2026,2026,W,36,15,6,11,54.5,3,5,60.0,0,0,0.0,3,12,15,3,1,3,1,3,+12
Monique Akoa Makani,PHX,PHX vs. LA,06/14/2026,2026,L,24,9,3,5,60.0,1,2,50.0,2,4,50.0,0,2,2,5,1,0,1,5,+2
Kahleah Copper,PHX,PHX vs. LA,06/14/2026,2026,L,38,41,16,30,53.3,6,14,42.9,3,6,50.0,3,7,10,1,0,0,5,2,-9
Natasha Mack,PHX,PHX vs. LA,06/14/2026,2026,L,35,11,5,9,55.6,0,1,0.0,1,1,100.0,1,11,12,4,4,3,0,2,+6
Erica Wheeler,LA,LA @ PHX,06/14/2026,2026,W,29,6,2,8,25.0,2,6,33.3,0,0,0.0,0,0,0,5,3,0,3,2,+3
Alyssa Thomas,PHX,PHX vs. LA,06/14/2026,2026,L,41,10,4,10,40.0,0,0,0.0,2,3,66.7,3,4,7,12,0,1,2,3,-8
Cameron Brink,LA,LA @ PHX,06/14/2026,2026,W,22,9,2,4,50.0,2,4,50.0,3,3,100.0,4,5,9,2,1,2,0,2,+11
Aziaha James,DAL,DAL @ POR,06/14/2026,2026,L,34,17,6,18,33.3,1,7,14.3,4,6,66.7,1,5,6,4,2,0,1,1,+2
Chelsea Gray,LV,LV vs. MIN,06/14/2026,2026,W,34,23,7,15,46.7,6,10,60.0,3,3,100.0,0,4,4,7,2,0,3,1,+3
Bridget Carleton,POR,POR vs. DAL,06/14/2026,2026,W,31,20,6,14,42.9,6,10,60.0,2,2,100.0,0,4,4,1,1,0,2,2,+2
Raquel Carrera,NY,NY vs. WSH,06/14/2026,2026,W,2,4,1,1,100.0,0,0,0.0,2,2,100.0,0,0,0,0,0,0,0,0,+6
Kayla McBride,MIN,MIN @ LV,06/14/2026,2026,L,34,19,6,14,42.9,3,8,37.5,4,4,100.0,0,2,2,5,2,0,0,3,-4
Courtney Williams,MIN,MIN @ LV,06/14/2026,2026,L,33,17,8,19,42.1,1,3,33.3,0,0,0.0,0,5,5,4,0,0,1,1,-3
Emily Engstler,POR,POR vs. DAL,06/14/2026,2026,W,24,11,4,10,40.0,0,3,0.0,3,5,60.0,0,6,6,2,1,2,1,1,+8
Liatu King,MIN,MIN @ LV,06/14/2026,2026,L,9,4,1,2,50.0,0,1,0.0,2,4,50.0,2,2,4,0,0,0,0,2,-4
Stephanie Talbot,LV,LV vs. MIN,06/14/2026,2026,W,20,0,0,1,0.0,0,1,0.0,0,0,0.0,3,0,3,1,0,0,0,1,+9
A'ja Wilson,LV,LV vs. MIN,06/14/2026,2026,W,32,24,9,15,60.0,1,2,50.0,5,6,83.3,2,8,10,1,2,3,3,4,+3
Jackie Young,LV,LV vs. MIN,06/14/2026,2026,W,37,16,5,10,50.0,1,5,20.0,5,5,100.0,2,3,5,10,1,0,3,2,+5
Jewell Loyd,LV,LV vs. MIN,06/14/2026,2026,W,26,9,2,6,33.3,2,5,40.0,3,3,100.0,1,1,2,3,2,0,0,2,-7
Rebekah Gardner,NY,NY vs. WSH,06/14/2026,2026,W,11,4,0,1,0.0,0,0,0.0,4,4,100.0,0,0,0,0,3,0,1,2,+6
Han Xu,NY,NY vs. WSH,06/14/2026,2026,W,13,6,2,3,66.7,2,3,66.7,0,0,0.0,0,0,0,0,1,0,1,0,+14
Olivia Miles,MIN,MIN @ LV,06/14/2026,2026,L,34,29,11,20,55.0,3,6,50.0,4,4,100.0,0,4,4,1,1,0,6,3,-3
Pauline Astier,NY,NY vs. WSH,06/14/2026,2026,W,20,6,2,4,50.0,0,1,0.0,2,2,100.0,0,1,1,6,1,0,1,3,+9
Lauren Betts,WSH,WSH @ NY,06/14/2026,2026,L,24,4,2,3,66.7,0,0,0.0,0,1,0.0,1,5,6,1,1,1,0,2,-17
Marine Johannes,NY,NY vs. WSH,06/14/2026,2026,W,17,8,3,5,60.0,2,4,50.0,0,0,0.0,0,4,4,2,0,0,1,2,+4
Megan DiLeo,POR,POR vs. DAL,06/14/2026,2026,W,26,16,7,11,63.6,0,2,0.0,2,2,100.0,0,6,6,4,0,2,0,1,+3
Carla Leite,POR,POR vs. DAL,06/14/2026,2026,W,27,10,4,11,36.4,2,3,66.7,0,0,0.0,2,3,5,8,0,0,4,4,+2
Angela Dugalic,WSH,WSH @ NY,06/14/2026,2026,L,26,4,2,11,18.2,0,4,0.0,0,0,0.0,3,3,6,0,2,0,5,5,-14
Sarah Ashlee Barker,POR,POR vs. DAL,06/14/2026,2026,W,32,10,4,8,50.0,2,4,50.0,0,0,0.0,0,5,5,3,1,0,2,3,+5
Rori Harmon,WSH,WSH @ NY,06/14/2026,2026,L,2,0,0,0,0.0,0,0,0.0,0,0,0.0,0,0,0,1,0,0,0,0,-5
Lucy Olsen,WSH,WSH @ NY,06/14/2026,2026,L,4,2,1,2,50.0,0,1,0.0,0,0,0.0,0,0,0,0,0,0,0,1,-4
Cassandre Prosper,WSH,WSH @ NY,06/14/2026,2026,L,4,2,1,1,100.0,0,0,0.0,0,0,0.0,0,0,0,0,0,0,1,0,-6
Charlisse Leger-Walker,CON,CON vs. IND,06/13/2026,2026,L,14,3,1,3,33.3,1,2,50.0,0,0,0.0,0,0,0,4,1,0,1,2,-4
Awa Fam,SEA,SEA vs. GS,06/13/2026,2026,L,35,8,3,9,33.3,2,5,40.0,0,2,0.0,1,5,6,1,0,1,1,5,+7
Dominique Malonga,SEA,SEA vs. GS,06/13/2026,2026,L,25,9,3,10,30.0,0,0,0.0,3,3,100.0,3,5,8,2,0,1,2,3,-8
Kaila Charles,GS,GS @ SEA,06/13/2026,2026,W,11,1,0,3,0.0,0,3,0.0,1,2,50.0,2,1,3,0,0,1,0,3,+5
Natisha Hiedeman,SEA,SEA vs. GS,06/13/2026,2026,L,33,26,8,17,47.1,5,10,50.0,5,7,71.4,0,4,4,5,2,1,3,3,+1
Veronica Burton,GS,GS @ SEA,06/13/2026,2026,W,30,11,3,9,33.3,1,5,20.0,4,6,66.7,1,4,5,8,2,1,3,3,+2
Kiah Stokes,GS,GS @ SEA,06/13/2026,2026,W,23,2,1,1,100.0,0,0,0.0,0,0,0.0,0,5,5,1,1,1,0,2,+7
Gabby Williams,GS,GS @ SEA,06/13/2026,2026,W,32,19,6,16,37.5,2,7,28.6,5,5,100.0,1,0,1,4,1,0,3,0,-2
Jade Melbourne,SEA,SEA vs. GS,06/13/2026,2026,L,27,5,2,7,28.6,0,1,0.0,1,2,50.0,0,0,0,2,2,0,1,4,0
Raven Johnson,IND,IND @ CON,06/13/2026,2026,W,3,3,1,1,100.0,1,1,100.0,0,0,0.0,1,0,1,0,0,0,0,1,-4
Aneesah Morrow,CON,CON vs. IND,06/13/2026,2026,L,21,8,4,14,28.6,0,4,0.0,0,0,0.0,2,3,5,2,0,0,0,2,+7
Leila Lacan,CON,CON vs. IND,06/13/2026,2026,L,30,11,5,9,55.6,1,2,50.0,0,0,0.0,1,0,1,7,4,0,1,5,-6
Brittney Griner,CON,CON vs. IND,06/13/2026,2026,L,22,10,5,11,45.5,0,0,0.0,0,0,0.0,1,1,2,4,0,2,1,3,-9
Diamond Miller,CON,CON vs. IND,06/13/2026,2026,L,17,4,1,5,20.0,1,3,33.3,1,1,100.0,0,1,1,1,0,0,1,2,-17
Tyasha Harris,IND,IND @ CON,06/13/2026,2026,W,4,0,0,1,0.0,0,1,0.0,0,0,0.0,0,0,0,0,1,0,0,0,-2
Sophie Cunningham,IND,IND @ CON,06/13/2026,2026,W,18,11,4,5,80.0,3,4,75.0,0,0,0.0,0,2,2,0,0,0,1,2,-2
Makayla Timpson,IND,IND @ CON,06/13/2026,2026,W,11,2,1,1,100.0,0,0,0.0,0,1,0.0,2,3,5,0,0,2,1,0,-5
Monique Billings,IND,IND @ CON,06/13/2026,2026,W,27,10,3,5,60.0,0,0,0.0,4,4,100.0,1,7,8,2,1,2,0,2,+18
Flau'jae Johnson,SEA,SEA vs. GS,06/13/2026,2026,L,29,8,4,9,44.4,0,2,0.0,0,0,0.0,0,5,5,1,0,0,3,5,+8
Kayla Thornton,GS,GS @ SEA,06/13/2026,2026,W,24,2,1,7,14.3,0,4,0.0,0,0,0.0,2,2,4,1,1,2,1,2,-8
DeWanna Bonner,PHX,PHX @ DAL,06/12/2026,2026,L,29,9,4,8,50.0,0,2,0.0,1,2,50.0,2,5,7,1,3,0,1,2,-1
Maddy Siegrist,DAL,DAL vs. PHX,06/12/2026,2026,W,14,0,0,3,0.0,0,0,0.0,0,0,0.0,0,2,2,0,0,0,2,0,+5
Cotie McMahon,WSH,WSH vs. TOR,06/12/2026,2026,W,23,9,4,6,66.7,0,1,0.0,1,2,50.0,0,2,2,3,2,0,1,1,+7
Alyssa Thomas,PHX,PHX @ DAL,06/12/2026,2026,L,32,6,3,8,37.5,0,0,0.0,0,2,0.0,1,8,9,10,2,0,6,2,-14
Noemie Brochant,PHX,PHX @ DAL,06/12/2026,2026,L,22,4,2,8,25.0,0,1,0.0,0,0,0.0,1,1,2,1,2,0,0,3,-22
Kahleah Copper,PHX,PHX @ DAL,06/12/2026,2026,L,29,13,3,10,30.0,2,5,40.0,5,6,83.3,0,2,2,3,0,0,4,2,-12
Jewell Loyd,LV,LV @ POR,06/12/2026,2026,W,25,2,1,4,25.0,0,2,0.0,0,0,0.0,1,1,2,2,3,0,1,0,+1
Lexi Held,PHX,PHX @ DAL,06/12/2026,2026,L,23,17,6,10,60.0,3,5,60.0,2,2,100.0,0,4,4,1,1,0,1,3,+1
Alysha Clark,DAL,DAL vs. PHX,06/12/2026,2026,W,5,0,0,1,0.0,0,1,0.0,0,0,0.0,0,0,0,1,0,0,0,2,-4
Emily Engstler,POR,POR vs. LV,06/12/2026,2026,L,24,7,2,5,40.0,0,2,0.0,3,4,75.0,0,6,6,0,2,2,2,3,-21
Li Yueru,DAL,DAL vs. PHX,06/12/2026,2026,W,2,3,1,2,50.0,0,0,0.0,1,1,100.0,0,1,1,0,0,0,1,0,0
Aziaha James,DAL,DAL vs. PHX,06/12/2026,2026,W,17,7,3,9,33.3,0,3,0.0,1,1,100.0,0,1,1,4,3,0,1,4,-6
JJ Quinerly,DAL,DAL vs. PHX,06/12/2026,2026,W,3,2,1,1,100.0,0,0,0.0,0,0,0.0,0,0,0,0,0,0,0,0,0
Bridget Carleton,POR,POR vs. LV,06/12/2026,2026,L,33,13,5,13,38.5,3,9,33.3,0,0,0.0,0,1,1,0,1,0,2,2,-28
Carla Leite,POR,POR vs. LV,06/12/2026,2026,L,28,18,8,13,61.5,1,2,50.0,1,2,50.0,0,3,3,8,1,0,0,0,-20
Sarah Ashlee Barker,POR,POR vs. LV,06/12/2026,2026,L,30,14,6,11,54.5,2,5,40.0,0,0,0.0,1,0,1,4,1,0,2,4,-15
Lauren Betts,WSH,WSH vs. TOR,06/12/2026,2026,W,21,18,8,9,88.9,0,0,0.0,2,2,100.0,3,1,4,1,2,0,3,0,+3
Sonia Citron,WSH,WSH vs. TOR,06/12/2026,2026,W,34,17,6,16,37.5,1,6,16.7,4,5,80.0,1,4,5,3,2,0,2,3,+1
Shakira Austin,WSH,WSH vs. TOR,06/12/2026,2026,W,32,12,3,6,50.0,0,1,0.0,6,7,85.7,4,7,11,3,0,2,9,2,+7
Michaela Onyenwere,WSH,WSH vs. TOR,06/12/2026,2026,W,29,17,7,15,46.7,1,3,33.3,2,2,100.0,5,3,8,1,1,0,1,2,-7
Maria Conde,TOR,TOR @ WSH,06/12/2026,2026,L,22,7,3,7,42.9,0,2,0.0,1,2,50.0,0,6,6,4,1,0,3,4,+7
Julie Allemand,TOR,TOR @ WSH,06/12/2026,2026,L,26,9,4,5,80.0,1,2,50.0,0,0,0.0,0,2,2,3,3,1,2,2,+15
Marina Mabrey,TOR,TOR @ WSH,06/12/2026,2026,L,28,27,9,15,60.0,5,10,50.0,4,4,100.0,0,1,1,3,1,0,4,1,-4
Brittney Sykes,TOR,TOR @ WSH,06/12/2026,2026,L,31,20,7,14,50.0,1,2,50.0,5,6,83.3,2,0,2,3,1,1,5,4,-5
Isabelle Harrison,TOR,TOR @ WSH,06/12/2026,2026,L,28,8,4,7,57.1,0,1,0.0,0,0,0.0,2,4,6,3,4,1,0,2,+9
Jackie Young,LV,LV @ POR,06/12/2026,2026,W,35,18,7,15,46.7,2,5,40.0,2,3,66.7,6,2,8,10,1,1,2,2,+22
Chelsea Gray,LV,LV @ POR,06/12/2026,2026,W,37,29,10,15,66.7,9,13,69.2,0,0,0.0,1,4,5,3,0,0,5,0,+17
A'ja Wilson,LV,LV @ POR,06/12/2026,2026,W,36,32,10,20,50.0,1,2,50.0,11,13,84.6,2,3,5,4,1,2,3,1,+24
Stephanie Talbot,LV,LV @ POR,06/12/2026,2026,W,24,8,3,6,50.0,2,5,40.0,0,2,0.0,5,5,10,3,1,1,1,4,+17
Megan DiLeo,POR,POR vs. LV,06/12/2026,2026,L,28,17,7,13,53.8,2,6,33.3,1,1,100.0,0,2,2,0,0,0,0,4,-11
Flau'jae Johnson,SEA,SEA vs. LA,06/11/2026,2026,L,30,14,4,11,36.4,1,4,25.0,5,6,83.3,2,10,12,6,0,0,0,1,0
Azura Stevens,CHI,CHI @ IND,06/11/2026,2026,L,26,10,3,11,27.3,0,4,0.0,4,4,100.0,2,7,9,6,1,1,1,3,-4
Skylar Diggins,CHI,CHI @ IND,06/11/2026,2026,L,32,21,7,15,46.7,2,4,50.0,5,7,71.4,1,2,3,1,1,0,1,1,-9
Jacy Sheldon,CHI,CHI @ IND,06/11/2026,2026,L,26,10,3,6,50.0,1,3,33.3,3,3,100.0,0,1,1,4,0,0,1,5,-1
Breanna Stewart,NY,NY @ ATL,06/11/2026,2026,W,35,19,5,9,55.6,0,2,0.0,9,11,81.8,0,11,11,5,2,1,4,2,+20
Natisha Hiedeman,SEA,SEA vs. LA,06/11/2026,2026,L,29,16,6,12,50.0,2,7,28.6,2,2,100.0,0,1,1,5,1,0,3,3,+10
Sydney Taylor,CHI,CHI @ IND,06/11/2026,2026,L,21,30,10,14,71.4,4,7,57.1,6,6,100.0,2,0,2,2,1,1,1,0,+7
Awa Fam,SEA,SEA vs. LA,06/11/2026,2026,L,30,12,4,6,66.7,2,4,50.0,2,2,100.0,1,5,6,4,0,2,3,0,-1
Dominique Malonga,SEA,SEA vs. LA,06/11/2026,2026,L,24,15,6,11,54.5,1,2,50.0,2,2,100.0,0,7,7,2,0,0,4,4,+5
Jordan Horston,SEA,SEA vs. LA,06/11/2026,2026,L,26,11,5,10,50.0,1,4,25.0,0,0,0.0,0,4,4,4,1,1,0,4,+3
Rae Burrell,LA,LA @ SEA,06/11/2026,2026,W,27,4,1,4,25.0,1,3,33.3,1,2,50.0,0,2,2,1,0,2,2,0,+4
Kelsey Plum,LA,LA @ SEA,06/11/2026,2026,W,33,19,6,17,35.3,2,9,22.2,5,8,62.5,0,1,1,11,4,0,3,2,+4
Erica Wheeler,LA,LA @ SEA,06/11/2026,2026,W,26,10,3,9,33.3,2,7,28.6,2,2,100.0,0,1,1,1,0,0,2,4,-5
Dearica Hamby,LA,LA @ SEA,06/11/2026,2026,W,28,6,3,8,37.5,0,1,0.0,0,0,0.0,3,7,10,0,0,0,0,2,+7
Nneka Ogwumike,LA,LA @ SEA,06/11/2026,2026,W,33,24,9,18,50.0,1,5,20.0,5,5,100.0,4,5,9,1,1,0,0,0,-7
Elizabeth Williams,CHI,CHI @ IND,06/11/2026,2026,L,24,7,2,6,33.3,0,0,0.0,3,6,50.0,2,1,3,1,1,3,1,2,+2
Kelsey Mitchell,IND,IND vs. CHI,06/11/2026,2026,W,39,19,7,17,41.2,2,6,33.3,3,4,75.0,0,1,1,3,3,0,2,3,-2
Aliyah Boston,IND,IND vs. CHI,06/11/2026,2026,W,32,34,13,26,50.0,2,5,40.0,6,6,100.0,7,5,12,3,1,2,3,4,+9
Aaliyah Nye,ATL,ATL vs. NY,06/11/2026,2026,L,1,0,0,0,0.0,0,0,0.0,0,0,0.0,0,0,0,1,1,0,0,0,0
Pauline Astier,NY,NY @ ATL,06/11/2026,2026,W,26,16,6,10,60.0,1,2,50.0,3,5,60.0,2,6,8,5,0,0,1,2,+6
Betnijah Laney-Hamilton,NY,NY @ ATL,06/11/2026,2026,W,14,0,0,2,0.0,0,2,0.0,0,0,0.0,0,1,1,3,0,0,0,1,+11
Sika Kone,ATL,ATL vs. NY,06/11/2026,2026,L,3,2,1,2,50.0,0,0,0.0,0,0,0.0,0,1,1,0,0,0,0,0,+5
Madina Okot,ATL,ATL vs. NY,06/11/2026,2026,L,7,3,1,1,100.0,0,0,0.0,1,2,50.0,0,1,1,1,0,0,0,1,-7
Te-Hina Paopao,ATL,ATL vs. NY,06/11/2026,2026,L,11,3,1,4,25.0,1,2,50.0,0,0,0.0,0,0,0,2,1,0,0,1,-17
Jonquel Jones,NY,NY @ ATL,06/11/2026,2026,W,26,16,5,8,62.5,4,7,57.1,2,2,100.0,2,8,10,5,0,3,4,5,-2
Indya Nivar,ATL,ATL vs. NY,06/11/2026,2026,L,1,0,0,0,0.0,0,0,0.0,0,0,0.0,0,0,0,0,0,0,0,0,0
Myisha Hines-Allen,IND,IND vs. CHI,06/11/2026,2026,W,23,5,2,3,66.7,0,0,0.0,1,2,50.0,0,9,9,3,0,1,1,2,+25
Caitlin Clark,IND,IND vs. CHI,06/11/2026,2026,W,40,32,8,18,44.4,1,6,16.7,15,15,100.0,2,5,7,10,0,0,5,4,+14
Lexie Hull,IND,IND vs. CHI,06/11/2026,2026,W,32,11,3,13,23.1,1,7,14.3,4,4,100.0,7,1,8,1,2,0,1,4,+8
Leonie Fiebich,NY,NY @ ATL,06/11/2026,2026,W,27,6,2,7,28.6,2,6,33.3,0,0,0.0,2,1,3,1,0,0,4,3,+7
Aaliyah Edwards,CON,CON @ TOR,06/10/2026,2026,L,30,24,8,9,88.9,1,1,100.0,7,12,58.3,1,3,4,0,0,0,3,4,-3
Courtney Williams,MIN,MIN vs. DAL,06/10/2026,2026,W,31,16,8,14,57.1,0,0,0.0,0,0,0.0,0,8,8,2,3,0,2,1,+21
Antonia Delaere,MIN,MIN vs. DAL,06/10/2026,2026,W,14,2,1,2,50.0,0,0,0.0,0,0,0.0,0,1,1,2,1,0,0,0,+12
Anastasiia Olairi Kosu,MIN,MIN vs. DAL,06/10/2026,2026,W,20,6,3,10,30.0,0,0,0.0,0,0,0.0,4,1,5,2,1,1,2,0,+13
Teaira McCowan,MIN,MIN vs. DAL,06/10/2026,2026,W,6,0,0,0,0.0,0,0,0.0,0,0,0.0,0,1,1,0,0,0,0,1,+4
Maya Caldwell,MIN,MIN vs. DAL,06/10/2026,2026,W,15,3,1,5,20.0,0,1,0.0,1,2,50.0,0,2,2,0,0,0,0,2,+8
Charlisse Leger-Walker,CON,CON @ TOR,06/10/2026,2026,L,18,4,2,6,33.3,0,1,0.0,0,0,0.0,1,0,1,1,0,0,2,1,-9
Diamond Miller,CON,CON @ TOR,06/10/2026,2026,L,30,11,4,12,33.3,1,4,25.0,2,4,50.0,2,2,4,1,0,0,2,2,-2
Kennedy Burke,CON,CON @ TOR,06/10/2026,2026,L,29,11,3,12,25.0,1,6,16.7,4,4,100.0,6,0,6,2,1,0,2,1,-5
Gianna Kneepkens,CON,CON @ TOR,06/10/2026,2026,L,0,0,0,0,0.0,0,0,0.0,0,0,0.0,0,0,0,0,0,0,1,0,0
Nyara Sabally,TOR,TOR vs. CON,06/10/2026,2026,W,30,15,3,5,60.0,0,1,0.0,9,10,90.0,2,3,5,3,0,0,0,5,+6
Laura Juskaite,TOR,TOR vs. CON,06/10/2026,2026,W,37,19,5,7,71.4,1,1,100.0,8,8,100.0,2,4,6,2,4,1,0,5,+16
JJ Quinerly,DAL,DAL @ MIN,06/10/2026,2026,L,10,0,0,2,0.0,0,1,0.0,0,0,0.0,0,1,1,2,0,1,0,0,-4
Costanza Verona,DAL,DAL @ MIN,06/10/2026,2026,L,6,4,2,2,100.0,0,0,0.0,0,0,0.0,0,0,0,2,0,0,0,0,-4
Veronica Burton,GS,GS vs. PHX,06/10/2026,2026,W,37,25,7,15,46.7,2,7,28.6,9,11,81.8,0,3,3,8,0,0,2,5,+7
Aziaha James,DAL,DAL @ MIN,06/10/2026,2026,L,16,9,4,13,30.8,1,2,50.0,0,0,0.0,1,4,5,0,0,0,0,1,-12
Li Yueru,DAL,DAL @ MIN,06/10/2026,2026,L,6,2,0,1,0.0,0,1,0.0,2,2,100.0,0,2,2,0,0,0,1,3,-2
Alysha Clark,DAL,DAL @ MIN,06/10/2026,2026,L,14,0,0,5,0.0,0,4,0.0,0,0,0.0,0,1,1,0,1,0,1,1,-3
Kaila Charles,GS,GS vs. PHX,06/10/2026,2026,W,20,4,2,6,33.3,0,2,0.0,0,0,0.0,2,4,6,0,2,1,0,4,+7
Janelle Salaun,GS,GS vs. PHX,06/10/2026,2026,W,25,11,3,7,42.9,2,5,40.0,3,3,100.0,1,4,5,0,1,0,1,2,+1
Julie Allemand,TOR,TOR vs. CON,06/10/2026,2026,W,36,6,3,5,60.0,0,1,0.0,0,0,0.0,0,2,2,4,2,0,4,4,+14
Gabby Williams,GS,GS vs. PHX,06/10/2026,2026,W,30,25,9,19,47.4,3,6,50.0,4,6,66.7,1,3,4,1,1,0,1,4,0
Kayla Thornton,GS,GS vs. PHX,06/10/2026,2026,W,35,12,3,7,42.9,2,5,40.0,4,5,80.0,1,3,4,2,1,0,0,2,+15
DeWanna Bonner,PHX,PHX @ GS,06/10/2026,2026,L,28,3,1,7,14.3,1,5,20.0,0,0,0.0,0,4,4,0,0,1,0,1,-2
Monique Akoa Makani,PHX,PHX @ GS,06/10/2026,2026,L,32,19,7,11,63.6,3,5,60.0,2,2,100.0,0,3,3,3,1,0,0,4,-7
Kahleah Copper,PHX,PHX @ GS,06/10/2026,2026,L,26,9,3,11,27.3,1,4,25.0,2,2,100.0,1,3,4,1,1,0,1,1,+3
Natasha Mack,PHX,PHX @ GS,06/10/2026,2026,L,25,9,3,5,60.0,1,1,100.0,2,5,40.0,2,8,10,1,0,1,2,2,-16
Alyssa Thomas,PHX,PHX @ GS,06/10/2026,2026,L,32,22,9,14,64.3,0,0,0.0,4,7,57.1,4,4,8,9,1,0,4,1,+2
Brittney Sykes,TOR,TOR vs. CON,06/10/2026,2026,W,41,38,11,20,55.0,3,6,50.0,13,13,100.0,1,3,4,1,2,1,2,3,+4
Marina Mabrey,TOR,TOR vs. CON,06/10/2026,2026,W,34,21,8,20,40.0,4,12,33.3,1,2,50.0,0,1,1,1,3,0,3,3,+4
Flau'jae Johnson,SEA,SEA @ LV,06/09/2026,2026,L,24,13,5,9,55.6,1,1,100.0,2,2,100.0,0,2,2,7,0,0,0,3,-1
Jewell Loyd,LV,LV vs. SEA,06/09/2026,2026,W,28,5,2,7,28.6,1,5,20.0,0,0,0.0,1,1,2,0,1,0,1,3,-7
Skylar Diggins,CHI,CHI vs. ATL,06/09/2026,2026,L,32,17,5,15,33.3,4,6,66.7,3,4,75.0,1,2,3,3,1,0,3,1,-15
Kamilla Cardoso,CHI,CHI vs. ATL,06/09/2026,2026,L,35,13,6,7,85.7,0,0,0.0,1,1,100.0,0,2,2,5,1,4,1,3,-11
Azura Stevens,CHI,CHI vs. ATL,06/09/2026,2026,L,23,8,2,7,28.6,0,1,0.0,4,6,66.7,1,6,7,0,1,0,1,2,-9
Rhyne Howard,ATL,ATL @ CHI,06/09/2026,2026,W,36,17,7,17,41.2,1,10,10.0,2,2,100.0,2,1,3,5,3,0,1,3,+8
Jordin Canada,ATL,ATL @ CHI,06/09/2026,2026,W,33,14,6,12,50.0,0,2,0.0,2,3,66.7,0,1,1,6,0,0,4,2,+8
Allisha Gray,ATL,ATL @ CHI,06/09/2026,2026,W,35,14,6,11,54.5,0,1,0.0,2,2,100.0,0,4,4,1,3,0,1,2,+8
Angel Reese,ATL,ATL @ CHI,06/09/2026,2026,W,35,17,5,12,41.7,1,2,50.0,6,6,100.0,5,12,17,4,2,0,6,4,+18
Naz Hillmon,ATL,ATL @ CHI,06/09/2026,2026,W,38,16,6,12,50.0,3,8,37.5,1,1,100.0,2,4,6,1,1,0,0,3,+9
Jackie Young,LV,LV vs. SEA,06/09/2026,2026,W,34,29,10,19,52.6,4,9,44.4,5,5,100.0,0,3,3,6,0,1,4,2,+15
Natasha Cloud,CHI,CHI vs. ATL,06/09/2026,2026,L,30,18,4,7,57.1,1,3,33.3,9,10,90.0,0,6,6,4,2,2,0,3,-3
Chelsea Gray,LV,LV vs. SEA,06/09/2026,2026,W,35,12,5,10,50.0,1,4,25.0,1,1,100.0,1,4,5,8,0,0,1,3,+7
A'ja Wilson,LV,LV vs. SEA,06/09/2026,2026,W,36,34,10,19,52.6,3,5,60.0,11,13,84.6,4,8,12,9,1,3,2,1,+12
NaLyssa Smith,LV,LV vs. SEA,06/09/2026,2026,W,26,16,6,6,100.0,0,0,0.0,4,5,80.0,0,9,9,0,0,0,1,0,+16
Jade Melbourne,SEA,SEA @ LV,06/09/2026,2026,L,23,6,1,7,14.3,0,3,0.0,4,4,100.0,0,0,0,5,1,0,1,1,0
Natisha Hiedeman,SEA,SEA @ LV,06/09/2026,2026,L,28,17,6,12,50.0,4,6,66.7,1,2,50.0,0,5,5,5,3,0,1,1,-4
Awa Fam,SEA,SEA @ LV,06/09/2026,2026,L,29,16,7,11,63.6,1,3,33.3,1,1,100.0,1,2,3,1,0,0,3,3,-13
Dominique Malonga,SEA,SEA @ LV,06/09/2026,2026,L,17,19,7,12,58.3,1,2,50.0,4,4,100.0,3,2,5,0,1,0,2,5,+8
Jacy Sheldon,CHI,CHI vs. ATL,06/09/2026,2026,L,25,6,2,4,50.0,2,4,50.0,0,0,0.0,0,0,0,3,1,1,1,2,-2
Kelsey Mitchell,IND,IND @ WSH,06/08/2026,2026,W,31,15,6,14,42.9,1,6,16.7,2,2,100.0,0,2,2,3,1,1,1,5,+5
Aliyah Boston,IND,IND @ WSH,06/08/2026,2026,W,24,14,4,7,57.1,0,0,0.0,6,7,85.7,2,8,10,3,2,2,5,5,0
Pauline Astier,NY,NY @ CON,06/08/2026,2026,W,26,6,2,8,25.0,0,1,0.0,2,2,100.0,1,2,3,4,0,1,4,1,+9
Olivia Nelson-Ododa,CON,CON vs. NY,06/08/2026,2026,L,26,15,6,6,100.0,0,0,0.0,3,4,75.0,2,6,8,1,0,1,0,5,-3
Georgia Amoore,WSH,WSH vs. IND,06/08/2026,2026,L,29,12,4,6,66.7,4,4,100.0,0,0,0.0,0,1,1,4,1,1,2,1,+2
Cotie McMahon,WSH,WSH vs. IND,06/08/2026,2026,L,22,7,2,10,20.0,0,3,0.0,3,4,75.0,0,7,7,3,0,0,1,2,+7
Breanna Stewart,NY,NY @ CON,06/08/2026,2026,W,34,28,9,17,52.9,1,4,25.0,9,9,100.0,2,7,9,3,3,0,2,2,+10
Leonie Fiebich,NY,NY @ CON,06/08/2026,2026,W,28,5,2,5,40.0,1,3,33.3,0,0,0.0,2,5,7,1,0,0,1,1,+7
Michaela Onyenwere,WSH,WSH vs. IND,06/08/2026,2026,L,24,17,4,7,57.1,3,4,75.0,6,6,100.0,1,1,2,1,1,0,2,5,+6
Satou Sabally,NY,NY @ CON,06/08/2026,2026,W,19,9,4,6,66.7,1,3,33.3,0,0,0.0,0,2,2,2,0,0,2,3,0
Betnijah Laney-Hamilton,NY,NY @ CON,06/08/2026,2026,W,18,11,3,6,50.0,1,3,33.3,4,6,66.7,0,5,5,0,0,0,3,4,0
Aaliyah Edwards,CON,CON vs. NY,06/08/2026,2026,L,28,15,6,15,40.0,0,0,0.0,3,3,100.0,2,3,5,0,3,0,1,2,-14
Diamond Miller,CON,CON vs. NY,06/08/2026,2026,L,23,10,4,8,50.0,2,4,50.0,0,0,0.0,0,2,2,2,0,0,0,3,-12
Saniya Rivers,CON,CON vs. NY,06/08/2026,2026,L,29,12,6,15,40.0,0,2,0.0,0,4,0.0,2,3,5,3,0,2,2,3,-12
Shakira Austin,WSH,WSH vs. IND,06/08/2026,2026,L,34,10,4,11,36.4,0,1,0.0,2,4,50.0,2,7,9,4,0,1,5,1,-2
Leila Lacan,CON,CON vs. NY,06/08/2026,2026,L,26,7,3,9,33.3,1,4,25.0,0,1,0.0,0,0,0,7,2,0,1,2,-16
Sophie Cunningham,IND,IND @ WSH,06/08/2026,2026,W,23,8,3,8,37.5,2,4,50.0,0,0,0.0,0,2,2,3,0,0,0,1,-6
Caitlin Clark,IND,IND @ WSH,06/08/2026,2026,W,31,19,7,16,43.8,4,10,40.0,1,3,33.3,0,3,3,5,1,0,5,3,-1
Lexie Hull,IND,IND @ WSH,06/08/2026,2026,W,22,8,3,3,100.0,2,2,100.0,0,0,0.0,0,3,3,0,0,0,1,4,+4
Sonia Citron,WSH,WSH vs. IND,06/08/2026,2026,L,38,12,3,9,33.3,2,4,50.0,4,4,100.0,0,0,0,5,1,2,2,1,-5
Pauline Astier,NY,NY vs. IND,06/07/2026,2026,W,24,12,4,6,66.7,0,0,0.0,4,4,100.0,0,3,3,3,1,0,1,3,+8
Satou Sabally,NY,NY vs. IND,06/07/2026,2026,W,22,13,5,11,45.5,0,4,0.0,3,4,75.0,1,4,5,1,0,0,2,3,+10
Bridget Carleton,POR,POR @ LA,06/07/2026,2026,L,26,7,1,4,25.0,1,4,25.0,4,4,100.0,1,6,7,2,0,0,3,1,-10
Emily Engstler,POR,POR @ LA,06/07/2026,2026,L,25,10,4,7,57.1,0,2,0.0,2,2,100.0,1,7,8,0,1,0,2,5,-12
Elizabeth Williams,CHI,CHI @ TOR,06/07/2026,2026,L,22,4,0,4,0.0,0,0,0.0,4,8,50.0,1,2,3,2,1,2,0,3,-4
Jacy Sheldon,CHI,CHI @ TOR,06/07/2026,2026,L,21,10,4,7,57.1,2,2,100.0,0,0,0.0,1,2,3,2,1,0,5,5,-7
Teja Oblak,POR,POR @ LA,06/07/2026,2026,L,17,2,1,7,14.3,0,4,0.0,0,0,0.0,0,2,2,5,1,0,2,1,+4
Jonquel Jones,NY,NY vs. IND,06/07/2026,2026,W,28,8,2,6,33.3,0,1,0.0,4,7,57.1,2,10,12,4,0,1,1,4,+7
Leonie Fiebich,NY,NY vs. IND,06/07/2026,2026,W,30,4,1,7,14.3,0,3,0.0,2,2,100.0,2,2,4,2,3,1,1,2,+15
Breanna Stewart,NY,NY vs. IND,06/07/2026,2026,W,33,30,6,15,40.0,0,2,0.0,18,21,85.7,4,4,8,2,4,0,2,1,+17
Caitlin Clark,IND,IND @ NY,06/07/2026,2026,L,34,10,4,14,28.6,2,6,33.3,0,0,0.0,0,7,7,9,0,1,3,5,+3
Lexie Hull,IND,IND @ NY,06/07/2026,2026,L,19,5,2,2,100.0,1,1,100.0,0,0,0.0,1,5,6,1,1,0,0,1,+5
Kelsey Mitchell,IND,IND @ NY,06/07/2026,2026,L,32,21,7,21,33.3,2,8,25.0,5,7,71.4,2,5,7,2,0,0,4,3,-8
Aliyah Boston,IND,IND @ NY,06/07/2026,2026,L,29,13,6,15,40.0,1,3,33.3,0,0,0.0,2,7,9,1,1,3,4,5,-14
Monique Billings,IND,IND @ NY,06/07/2026,2026,L,35,15,6,7,85.7,1,2,50.0,2,6,33.3,3,5,8,1,0,1,1,3,0
Sarah Ashlee Barker,POR,POR @ LA,06/07/2026,2026,L,28,6,2,8,25.0,1,5,20.0,1,1,100.0,0,2,2,7,1,1,3,4,-15
Megan DiLeo,POR,POR @ LA,06/07/2026,2026,L,25,16,6,13,46.2,0,2,0.0,4,5,80.0,7,4,11,0,0,1,0,2,-14
Nneka Ogwumike,LA,LA vs. POR,06/07/2026,2026,W,32,20,8,14,57.1,2,6,33.3,2,2,100.0,6,11,17,2,2,0,2,2,+24
Rae Burrell,LA,LA vs. POR,06/07/2026,2026,W,26,10,4,11,36.4,2,6,33.3,0,0,0.0,1,2,3,1,1,0,2,1,+4
Saylor Poffenbarger,CHI,CHI @ TOR,06/07/2026,2026,L,8,0,0,3,0.0,0,3,0.0,0,0,0.0,0,3,3,1,0,0,0,1,-2
Sydney Taylor,CHI,CHI @ TOR,06/07/2026,2026,L,8,0,0,2,0.0,0,2,0.0,0,0,0.0,0,0,0,0,0,1,1,1,-8
Marina Mabrey,TOR,TOR vs. CHI,06/07/2026,2026,W,30,9,3,9,33.3,1,5,20.0,2,2,100.0,0,4,4,6,2,1,3,0,+15
Maria Conde,TOR,TOR vs. CHI,06/07/2026,2026,W,24,5,2,8,25.0,1,5,20.0,0,0,0.0,1,5,6,2,0,0,1,1,+4
Dearica Hamby,LA,LA vs. POR,06/07/2026,2026,W,30,22,8,14,57.1,0,1,0.0,6,10,60.0,6,6,12,0,2,1,0,3,+12
Kia Nurse,TOR,TOR vs. CHI,06/07/2026,2026,W,9,2,0,2,0.0,0,2,0.0,2,2,100.0,0,1,1,0,0,0,1,3,-1
Tima Pouye,TOR,TOR vs. CHI,06/07/2026,2026,W,3,0,0,0,0.0,0,0,0.0,0,0,0.0,0,0,0,1,0,0,1,0,0
Rachel Banham,CHI,CHI @ TOR,06/07/2026,2026,L,22,3,1,5,20.0,1,5,20.0,0,0,0.0,0,2,2,1,0,0,2,2,-11
Teonni Key,TOR,TOR vs. CHI,06/07/2026,2026,W,12,1,0,0,0.0,0,0,0.0,1,2,50.0,1,3,4,0,1,2,1,5,-4
Kelsey Plum,LA,LA vs. POR,06/07/2026,2026,W,35,16,5,10,50.0,1,3,33.3,5,5,100.0,1,5,6,7,3,0,1,4,+16
Erica Wheeler,LA,LA vs. POR,06/07/2026,2026,W,27,6,2,7,28.6,2,6,33.3,0,0,0.0,0,1,1,4,1,0,0,2,+32
Jackie Young,LV,LV vs. GS,06/06/2026,2026,W,36,27,8,15,53.3,6,8,75.0,5,5,100.0,1,4,5,5,0,0,1,3,+13
Jovana Nogic,PHX,PHX @ POR,06/06/2026,2026,W,30,9,3,11,27.3,0,7,0.0,3,4,75.0,1,1,2,6,2,0,0,2,+10
Arike Ogunbowale,DAL,DAL @ LA,06/06/2026,2026,W,34,30,10,21,47.6,6,11,54.5,4,5,80.0,3,3,6,6,0,0,3,3,+6
Maddy Siegrist,DAL,DAL @ LA,06/06/2026,2026,W,24,16,7,10,70.0,2,2,100.0,0,0,0.0,2,2,4,0,4,1,1,3,+10
Jessica Shepard,DAL,DAL @ LA,06/06/2026,2026,W,38,22,9,13,69.2,0,0,0.0,4,6,66.7,6,9,15,5,2,0,4,0,+10
Karlie Samuelson,POR,POR vs. PHX,06/06/2026,2026,L,19,13,4,5,80.0,4,5,80.0,1,1,100.0,0,3,3,1,1,0,0,1,+11
Luisa Geiselsoder,POR,POR vs. PHX,06/06/2026,2026,L,18,5,1,4,25.0,1,4,25.0,2,2,100.0,0,3,3,3,0,0,3,5,+9
Carla Leite,POR,POR vs. PHX,06/06/2026,2026,L,24,7,2,6,33.3,1,2,50.0,2,3,66.7,1,1,2,4,1,0,3,4,-19
Sarah Ashlee Barker,POR,POR vs. PHX,06/06/2026,2026,L,29,15,6,10,60.0,2,4,50.0,1,2,50.0,1,6,7,3,0,0,1,3,-7
Bridget Carleton,POR,POR vs. PHX,06/06/2026,2026,L,27,6,2,9,22.2,0,4,0.0,2,2,100.0,1,3,4,2,1,0,4,1,-17
Kayla Thornton,GS,GS @ LV,06/06/2026,2026,L,35,10,2,7,28.6,2,5,40.0,4,4,100.0,4,5,9,1,0,0,1,4,+3
Monique Akoa Makani,PHX,PHX @ POR,06/06/2026,2026,W,31,11,4,8,50.0,1,1,100.0,2,2,100.0,0,4,4,2,3,1,2,3,+9
Natasha Mack,PHX,PHX @ POR,06/06/2026,2026,W,29,16,7,11,63.6,0,0,0.0,2,2,100.0,0,4,4,2,1,1,1,2,+14
Noemie Brochant,PHX,PHX @ POR,06/06/2026,2026,W,28,11,4,6,66.7,2,2,100.0,1,2,50.0,0,2,2,2,1,0,1,1,+9
Jewell Loyd,LV,LV vs. GS,06/06/2026,2026,W,28,5,2,4,50.0,1,3,33.3,0,0,0.0,0,5,5,3,1,0,1,4,+2
Gabby Williams,GS,GS @ LV,06/06/2026,2026,L,28,27,10,17,58.8,3,7,42.9,4,5,80.0,0,6,6,1,2,0,1,2,-13
Veronica Burton,GS,GS @ LV,06/06/2026,2026,L,34,15,5,16,31.2,1,8,12.5,4,6,66.7,2,3,5,3,0,0,1,3,-4
Janelle Salaun,GS,GS @ LV,06/06/2026,2026,L,28,11,4,12,33.3,3,8,37.5,0,0,0.0,1,2,3,2,0,0,1,2,-2
Tiffany Hayes,GS,GS @ LV,06/06/2026,2026,L,16,5,2,7,28.6,1,3,33.3,0,2,0.0,0,3,3,3,1,0,2,4,+1
NaLyssa Smith,LV,LV vs. GS,06/06/2026,2026,W,29,6,2,6,33.3,0,0,0.0,2,6,33.3,2,4,6,1,0,0,1,3,+17
A'ja Wilson,LV,LV vs. GS,06/06/2026,2026,W,35,28,9,17,52.9,2,4,50.0,8,8,100.0,2,12,14,3,0,0,2,3,+12
Azzi Fudd,DAL,DAL @ LA,06/06/2026,2026,W,35,11,5,10,50.0,1,4,25.0,0,0,0.0,1,0,1,2,2,0,0,3,+5
Chelsea Gray,LV,LV vs. GS,06/06/2026,2026,W,36,12,4,10,40.0,2,7,28.6,2,3,66.7,1,5,6,6,2,0,4,3,+3
DeWanna Bonner,PHX,PHX @ POR,06/06/2026,2026,W,34,19,6,15,40.0,3,8,37.5,4,4,100.0,1,4,5,5,2,3,1,1,+12
Paige Bueckers,DAL,DAL @ LA,06/06/2026,2026,W,36,18,7,14,50.0,1,4,25.0,3,4,75.0,1,2,3,14,1,0,1,4,+5
Olivia Miles,MIN,MIN vs. SEA,06/06/2026,2026,W,33,19,9,14,64.3,1,3,33.3,0,1,0.0,3,3,6,6,1,0,1,3,+19
Nneka Ogwumike,LA,LA vs. DAL,06/06/2026,2026,L,35,13,6,8,75.0,1,2,50.0,0,0,0.0,2,8,10,5,1,0,0,1,-8
Maya Caldwell,MIN,MIN vs. SEA,06/06/2026,2026,W,22,6,2,8,25.0,2,5,40.0,0,0,0.0,2,1,3,1,0,0,3,3,+8
Dearica Hamby,LA,LA vs. DAL,06/06/2026,2026,L,30,15,6,8,75.0,0,0,0.0,3,4,75.0,2,3,5,1,0,0,0,2,-4
Isobel Borlase,ATL,ATL vs. WSH,06/06/2026,2026,W,23,9,3,5,60.0,1,2,50.0,2,2,100.0,0,2,2,2,2,0,1,1,+27
Indya Nivar,ATL,ATL vs. WSH,06/06/2026,2026,W,8,2,1,3,33.3,0,0,0.0,0,3,0.0,1,1,2,0,1,0,0,4,-2
Madina Okot,ATL,ATL vs. WSH,06/06/2026,2026,W,18,11,5,9,55.6,0,1,0.0,1,2,50.0,1,4,5,0,1,0,3,4,+9
Sika Kone,ATL,ATL vs. WSH,06/06/2026,2026,W,12,9,3,6,50.0,1,3,33.3,2,3,66.7,5,1,6,2,1,0,1,3,+6
Cassandre Prosper,WSH,WSH @ ATL,06/06/2026,2026,L,11,4,2,2,100.0,0,0,0.0,0,0,0.0,0,0,0,1,0,0,0,1,-12
Cotie McMahon,WSH,WSH @ ATL,06/06/2026,2026,L,15,7,2,4,50.0,0,1,0.0,3,4,75.0,1,1,2,0,0,0,2,3,-5
Rori Harmon,WSH,WSH @ ATL,06/06/2026,2026,L,2,0,0,0,0.0,0,0,0.0,0,0,0.0,0,0,0,0,0,0,0,1,0
Lauren Betts,WSH,WSH @ ATL,06/06/2026,2026,L,16,6,2,4,50.0,0,0,0.0,2,2,100.0,0,1,1,1,0,0,1,3,-6
Angela Dugalic,WSH,WSH @ ATL,06/06/2026,2026,L,14,5,2,3,66.7,1,1,100.0,0,0,0.0,1,8,9,1,0,0,1,1,-9
Aaliyah Nye,ATL,ATL vs. WSH,06/06/2026,2026,W,5,3,1,3,33.3,1,2,50.0,0,0,0.0,0,0,0,0,0,0,0,0,+7
Teaira McCowan,MIN,MIN vs. SEA,06/06/2026,2026,W,7,4,2,3,66.7,0,0,0.0,0,0,0.0,1,2,3,1,0,0,1,2,+2
Mackenzie Holmes,SEA,SEA @ MIN,06/06/2026,2026,L,14,1,0,1,0.0,0,1,0.0,1,2,50.0,1,3,4,2,0,0,1,0,-6
Anastasiia Olairi Kosu,MIN,MIN vs. SEA,06/06/2026,2026,W,17,4,2,4,50.0,0,0,0.0,0,0,0.0,0,1,1,1,2,0,0,2,+3
Erica Wheeler,LA,LA vs. DAL,06/06/2026,2026,L,33,7,2,8,25.0,1,4,25.0,2,2,100.0,1,0,1,6,1,0,4,1,-8
Ariel Atkins,LA,LA vs. DAL,06/06/2026,2026,L,28,16,6,12,50.0,4,7,57.1,0,0,0.0,2,3,5,3,1,0,2,5,-1
Katie Lou Samuelson,SEA,SEA @ MIN,06/06/2026,2026,L,18,0,0,4,0.0,0,2,0.0,0,0,0.0,0,2,2,0,1,0,0,0,-5
Kelsey Plum,LA,LA vs. DAL,06/06/2026,2026,L,33,27,10,16,62.5,1,6,16.7,6,8,75.0,0,2,2,6,0,0,5,2,-7
Taylor Thierry,SEA,SEA @ MIN,06/06/2026,2026,L,2,0,0,0,0.0,0,0,0.0,0,0,0.0,0,0,0,0,0,0,0,0,-2
Zia Cooke,SEA,SEA @ MIN,06/06/2026,2026,L,9,4,1,4,25.0,1,2,50.0,1,2,50.0,1,1,2,0,0,0,1,1,-16
Taina Mair,SEA,SEA @ MIN,06/06/2026,2026,L,2,0,0,2,0.0,0,1,0.0,0,0,0.0,0,0,0,0,0,0,0,0,-2
Antonia Delaere,MIN,MIN vs. SEA,06/06/2026,2026,W,14,0,0,1,0.0,0,1,0.0,0,0,0.0,1,2,3,2,1,0,1,1,+2
Jacy Sheldon,CHI,CHI vs. CON,06/05/2026,2026,W,27,5,2,2,100.0,0,0,0.0,1,1,100.0,0,1,1,2,2,1,0,3,+14
Olivia Miles,MIN,MIN vs. GS,06/05/2026,2026,W,28,28,9,16,56.2,8,11,72.7,2,2,100.0,0,4,4,7,0,3,1,5,+14
Skylar Diggins,CHI,CHI vs. CON,06/05/2026,2026,W,32,24,6,16,37.5,2,3,66.7,10,11,90.9,1,2,3,4,1,0,2,1,+10
Kamilla Cardoso,CHI,CHI vs. CON,06/05/2026,2026,W,33,10,5,10,50.0,0,0,0.0,0,1,0.0,2,6,8,3,0,2,2,3,+9
Charlisse Leger-Walker,CON,CON @ CHI,06/05/2026,2026,L,8,4,2,4,50.0,0,2,0.0,0,0,0.0,0,0,0,1,1,0,0,1,+8
Nell Angloma,CON,CON @ CHI,06/05/2026,2026,L,17,6,2,4,50.0,0,0,0.0,2,2,100.0,1,0,1,0,2,0,1,0,+9
Saniya Rivers,CON,CON @ CHI,06/05/2026,2026,L,23,14,6,9,66.7,1,2,50.0,1,2,50.0,0,1,1,3,1,2,3,2,-3
Brittney Griner,CON,CON @ CHI,06/05/2026,2026,L,29,16,6,8,75.0,0,0,0.0,4,6,66.7,2,6,8,5,0,3,2,3,-8
Diamond Miller,CON,CON @ CHI,06/05/2026,2026,L,28,16,6,15,40.0,1,5,20.0,3,3,100.0,2,1,3,3,0,0,2,2,-4
Janelle Salaun,GS,GS @ MIN,06/05/2026,2026,L,19,17,6,11,54.5,5,8,62.5,0,0,0.0,0,5,5,3,0,1,1,3,+11
Courtney Williams,MIN,MIN vs. GS,06/05/2026,2026,W,34,17,8,18,44.4,0,3,0.0,1,2,50.0,1,6,7,3,1,0,3,2,0
Nia Coffey,MIN,MIN vs. GS,06/05/2026,2026,W,35,3,1,6,16.7,1,4,25.0,0,0,0.0,2,4,6,5,0,3,2,3,+3
Natasha Howard,MIN,MIN vs. GS,06/05/2026,2026,W,30,12,4,12,33.3,0,0,0.0,4,6,66.7,5,5,10,0,0,0,2,3,+8
Tiffany Hayes,GS,GS @ MIN,06/05/2026,2026,L,25,15,6,9,66.7,1,1,100.0,2,2,100.0,1,4,5,3,1,0,1,2,+1
Veronica Burton,GS,GS @ MIN,06/05/2026,2026,L,26,8,3,8,37.5,0,2,0.0,2,2,100.0,1,1,2,3,0,1,1,4,-2
Cecilia Zandalasini,GS,GS @ MIN,06/05/2026,2026,L,27,18,5,14,35.7,4,11,36.4,4,4,100.0,1,2,3,3,1,0,2,2,-1
Gabby Williams,GS,GS @ MIN,06/05/2026,2026,L,25,5,2,10,20.0,1,4,25.0,0,0,0.0,3,2,5,3,2,1,1,2,-7
Natasha Cloud,CHI,CHI vs. CON,06/05/2026,2026,W,26,13,4,6,66.7,2,2,100.0,3,3,100.0,0,0,0,5,2,0,3,3,+5
Elizabeth Williams,CHI,CHI vs. CON,06/05/2026,2026,W,21,10,5,8,62.5,0,0,0.0,0,2,0.0,1,2,3,3,2,1,0,1,-2
Kayla McBride,MIN,MIN vs. GS,06/05/2026,2026,W,32,14,4,13,30.8,3,6,50.0,3,3,100.0,2,6,8,2,2,0,2,0,-1
Sophie Cunningham,IND,IND vs. ATL,06/04/2026,2026,W,19,8,2,4,50.0,2,3,66.7,2,2,100.0,1,1,2,0,0,0,1,1,+11
Aaliyah Nye,ATL,ATL @ IND,06/04/2026,2026,L,1,0,0,0,0.0,0,0,0.0,0,0,0.0,0,0,0,0,0,0,0,0,+1
Stefanie Dolson,SEA,SEA vs. PHX,06/04/2026,2026,L,25,0,0,1,0.0,0,1,0.0,0,0,0.0,0,2,2,1,1,0,2,3,0
Natisha Hiedeman,SEA,SEA vs. PHX,06/04/2026,2026,L,30,15,6,17,35.3,3,8,37.5,0,1,0.0,1,3,4,4,2,1,0,2,+3
Flau'jae Johnson,SEA,SEA vs. PHX,06/04/2026,2026,L,29,9,3,11,27.3,2,6,33.3,1,2,50.0,0,4,4,5,2,0,4,2,+5
Katie Lou Samuelson,SEA,SEA vs. PHX,06/04/2026,2026,L,17,3,1,7,14.3,1,5,20.0,0,0,0.0,0,2,2,1,1,0,1,1,-2
Jade Melbourne,SEA,SEA vs. PHX,06/04/2026,2026,L,13,5,1,1,100.0,1,1,100.0,2,2,100.0,0,4,4,2,1,0,1,3,-4
Raven Johnson,IND,IND vs. ATL,06/04/2026,2026,W,23,5,2,5,40.0,1,1,100.0,0,0,0.0,0,2,2,3,2,0,1,2,+15
Kahleah Copper,PHX,PHX @ SEA,06/04/2026,2026,W,35,16,4,14,28.6,2,6,33.3,6,6,100.0,1,5,6,1,1,0,1,2,+4
Makayla Timpson,IND,IND vs. ATL,06/04/2026,2026,W,14,0,0,0,0.0,0,0,0.0,0,0,0.0,1,2,3,0,0,0,1,3,+12
Myisha Hines-Allen,IND,IND vs. ATL,06/04/2026,2026,W,16,5,2,6,33.3,0,3,0.0,1,2,50.0,2,5,7,1,2,1,2,5,+10
Lexie Hull,IND,IND vs. ATL,06/04/2026,2026,W,20,4,1,2,50.0,0,1,0.0,2,2,100.0,0,2,2,0,0,1,1,0,-7
Indya Nivar,ATL,ATL @ IND,06/04/2026,2026,L,1,1,0,0,0.0,0,0,0.0,1,2,50.0,0,0,0,0,0,0,0,0,+1
Natasha Mack,PHX,PHX @ SEA,06/04/2026,2026,W,26,16,7,7,100.0,0,0,0.0,2,2,100.0,4,6,10,2,0,3,1,1,+11
Monique Akoa Makani,PHX,PHX @ SEA,06/04/2026,2026,W,28,12,3,8,37.5,1,4,25.0,5,7,71.4,1,5,6,2,2,0,3,3,+4
Te-Hina Paopao,ATL,ATL @ IND,06/04/2026,2026,L,16,0,0,3,0.0,0,2,0.0,0,0,0.0,1,1,2,1,1,0,1,0,-10
Madina Okot,ATL,ATL @ IND,06/04/2026,2026,L,9,7,3,5,60.0,0,0,0.0,1,2,50.0,2,1,3,0,0,1,0,1,+3
Sika Kone,ATL,ATL @ IND,06/04/2026,2026,L,1,2,0,0,0.0,0,0,0.0,2,2,100.0,0,1,1,0,0,0,0,0,+1
Alyssa Thomas,PHX,PHX @ SEA,06/04/2026,2026,W,34,9,4,9,44.4,0,0,0.0,1,3,33.3,1,8,9,5,2,0,4,2,+2
DeWanna Bonner,PHX,PHX @ SEA,06/04/2026,2026,W,25,10,3,12,25.0,0,7,0.0,4,5,80.0,0,2,2,1,2,0,1,2,0
NaLyssa Smith,LV,LV @ LA,06/03/2026,2026,W,21,7,3,5,60.0,0,0,0.0,1,4,25.0,2,2,4,0,0,1,2,5,-9
A'ja Wilson,LV,LV @ LA,06/03/2026,2026,W,34,25,10,20,50.0,1,3,33.3,4,7,57.1,3,12,15,1,3,5,3,1,+1
Chelsea Gray,LV,LV @ LA,06/03/2026,2026,W,34,12,4,11,36.4,1,6,16.7,3,3,100.0,0,4,4,11,2,0,1,2,+3
Jackie Young,LV,LV @ LA,06/03/2026,2026,W,36,16,7,17,41.2,2,5,40.0,0,0,0.0,1,3,4,9,1,0,2,3,+5
Nneka Ogwumike,LA,LA vs. LV,06/03/2026,2026,L,31,12,3,10,30.0,0,1,0.0,6,6,100.0,3,9,12,2,1,1,2,2,-2
Erica Wheeler,LA,LA vs. LV,06/03/2026,2026,L,26,10,3,6,50.0,2,4,50.0,2,3,66.7,0,0,0,1,0,0,3,5,-11
Rae Burrell,LA,LA vs. LV,06/03/2026,2026,L,33,22,8,14,57.1,2,4,50.0,4,6,66.7,0,1,1,1,0,0,3,0,-7
Laura Juskaite,TOR,TOR @ NY,06/03/2026,2026,L,20,8,3,9,33.3,1,3,33.3,1,2,50.0,2,3,5,2,2,0,0,5,-21
Chance Gray,LA,LA vs. LV,06/03/2026,2026,L,21,3,1,4,25.0,0,2,0.0,1,1,100.0,0,2,2,1,1,0,0,0,-5
Stephanie Talbot,LV,LV @ LA,06/03/2026,2026,W,25,8,3,6,50.0,2,4,50.0,0,0,0.0,1,5,6,0,0,0,0,4,+24
Juste Jocyte,GS,GS vs. POR,06/03/2026,2026,W,13,8,3,8,37.5,2,5,40.0,0,0,0.0,0,2,2,1,0,0,2,0,+1
Ndjakalenga Mwenentanda,GS,GS vs. POR,06/03/2026,2026,W,1,0,0,0,0.0,0,0,0.0,0,0,0.0,0,0,0,1,0,0,0,0,+1
Kaitlyn Chen,GS,GS vs. POR,06/03/2026,2026,W,17,9,3,4,75.0,2,2,100.0,1,2,50.0,0,0,0,2,0,0,0,1,-4
Kaila Charles,GS,GS vs. POR,06/03/2026,2026,W,13,7,3,6,50.0,1,3,33.3,0,0,0.0,1,2,3,1,0,0,1,2,-3
Laeticia Amihere,GS,GS vs. POR,06/03/2026,2026,W,1,0,0,0,0.0,0,0,0.0,0,0,0.0,0,0,0,0,0,0,0,0,+1
Holly Winterburn,POR,POR @ GS,06/03/2026,2026,L,4,0,0,1,0.0,0,1,0.0,0,0,0.0,0,1,1,1,0,0,0,0,-3
Serah Williams,POR,POR @ GS,06/03/2026,2026,L,9,7,2,2,100.0,1,1,100.0,2,4,50.0,0,1,1,0,0,0,0,1,+1
Luisa Geiselsoder,POR,POR @ GS,06/03/2026,2026,L,11,3,1,4,25.0,1,2,50.0,0,0,0.0,0,0,0,0,0,0,1,1,-14
Cameron Brink,LA,LA vs. LV,06/03/2026,2026,L,25,9,3,10,30.0,1,4,25.0,2,2,100.0,1,7,8,3,0,2,1,3,-6
Frieda Buhner,POR,POR @ GS,06/03/2026,2026,L,10,0,0,1,0.0,0,1,0.0,0,0,0.0,0,0,0,1,0,0,1,0,-9
Brittney Sykes,TOR,TOR @ NY,06/03/2026,2026,L,34,17,8,18,44.4,0,1,0.0,1,1,100.0,1,4,5,1,3,1,2,2,-12
Maria Conde,TOR,TOR @ NY,06/03/2026,2026,L,21,7,2,5,40.0,1,2,50.0,2,2,100.0,1,5,6,1,0,0,0,1,-1
Teonni Key,TOR,TOR @ NY,06/03/2026,2026,L,9,0,0,1,0.0,0,0,0.0,0,0,0.0,0,1,1,1,0,0,0,1,+3
Tima Pouye,TOR,TOR @ NY,06/03/2026,2026,L,3,2,1,1,100.0,0,0,0.0,0,0,0.0,0,0,0,0,0,0,0,0,+3
Breanna Stewart,NY,NY vs. TOR,06/03/2026,2026,W,30,19,5,15,33.3,1,5,20.0,8,8,100.0,0,9,9,4,0,1,1,1,+8
Leonie Fiebich,NY,NY vs. TOR,06/03/2026,2026,W,26,14,4,7,57.1,2,4,50.0,4,4,100.0,2,0,2,4,0,0,1,1,+17
Jonquel Jones,NY,NY vs. TOR,06/03/2026,2026,W,34,22,9,14,64.3,4,7,57.1,0,0,0.0,5,12,17,2,0,2,2,2,+16
Marine Johannes,NY,NY vs. TOR,06/03/2026,2026,W,27,15,6,10,60.0,3,6,50.0,0,0,0.0,1,1,2,2,1,1,2,3,+7
Pauline Astier,NY,NY vs. TOR,06/03/2026,2026,W,28,10,4,9,44.4,2,3,66.7,0,1,0.0,0,0,0,5,0,0,0,4,+20
Nyadiew Puoch,POR,POR @ GS,06/03/2026,2026,L,13,0,0,2,0.0,0,2,0.0,0,0,0.0,1,1,2,0,0,0,1,1,-3
Courtney Williams,MIN,MIN @ PHX,06/02/2026,2026,W,29,30,13,20,65.0,3,3,100.0,1,1,100.0,1,4,5,2,0,1,2,2,+20
Katie Lou Samuelson,SEA,SEA @ DAL,06/02/2026,2026,L,12,6,2,2,100.0,2,2,100.0,0,2,0.0,0,2,2,2,0,0,0,0,-3
Mackenzie Holmes,SEA,SEA @ DAL,06/02/2026,2026,L,14,2,1,2,50.0,0,0,0.0,0,0,0.0,0,1,1,2,0,0,1,1,+6
Awa Fam,SEA,SEA @ DAL,06/02/2026,2026,L,31,8,4,10,40.0,0,1,0.0,0,0,0.0,3,4,7,1,4,0,2,2,-17
Zia Cooke,SEA,SEA @ DAL,06/02/2026,2026,L,16,4,2,7,28.6,0,2,0.0,0,0,0.0,0,2,2,0,0,0,2,1,-1
Aziaha James,DAL,DAL vs. SEA,06/02/2026,2026,W,18,18,7,14,50.0,1,2,50.0,3,4,75.0,2,1,3,1,0,0,0,3,+9
Alanna Smith,DAL,DAL vs. SEA,06/02/2026,2026,W,22,5,2,6,33.3,0,3,0.0,1,2,50.0,0,4,4,3,0,0,4,4,+10
Li Yueru,DAL,DAL vs. SEA,06/02/2026,2026,W,9,2,1,2,50.0,0,1,0.0,0,0,0.0,1,1,2,0,0,0,0,1,-1
Jordan Horston,SEA,SEA @ DAL,06/02/2026,2026,L,27,2,1,7,14.3,0,2,0.0,0,0,0.0,1,5,6,1,0,4,2,1,-13
Odyssey Sims,DAL,DAL vs. SEA,06/02/2026,2026,W,21,2,1,5,20.0,0,0,0.0,0,2,0.0,0,2,2,4,1,0,1,0,+13
Quionche Carter,PHX,PHX vs. MIN,06/02/2026,2026,L,10,6,1,3,33.3,0,0,0.0,4,5,80.0,0,0,0,2,1,0,0,0,-2
Lexi Held,PHX,PHX vs. MIN,06/02/2026,2026,L,15,5,1,3,33.3,1,2,50.0,2,2,100.0,0,0,0,0,0,0,0,1,-7
Jovana Nogic,PHX,PHX vs. MIN,06/02/2026,2026,L,16,8,3,6,50.0,2,4,50.0,0,0,0.0,1,0,1,0,0,0,2,1,-11
Kyara Linskens,PHX,PHX vs. MIN,06/02/2026,2026,L,20,7,3,7,42.9,1,3,33.3,0,0,0.0,1,2,3,0,2,0,0,2,-14
Valeriane Ayayi,PHX,PHX vs. MIN,06/02/2026,2026,L,11,0,0,3,0.0,0,1,0.0,0,0,0.0,0,1,1,4,0,0,0,2,-2
Maya Caldwell,MIN,MIN @ PHX,06/02/2026,2026,W,18,5,2,5,40.0,1,2,50.0,0,0,0.0,0,2,2,0,0,1,1,2,+17
Anastasiia Olairi Kosu,MIN,MIN @ PHX,06/02/2026,2026,W,18,12,4,6,66.7,0,0,0.0,4,4,100.0,4,2,6,0,1,3,0,2,+18
Antonia Delaere,MIN,MIN @ PHX,06/02/2026,2026,W,24,13,4,6,66.7,3,4,75.0,2,2,100.0,0,2,2,6,0,0,0,2,+23
Olivia Miles,MIN,MIN @ PHX,06/02/2026,2026,W,28,19,7,9,77.8,0,0,0.0,5,5,100.0,0,4,4,10,3,0,4,4,+23
Alysha Clark,DAL,DAL vs. SEA,06/02/2026,2026,W,18,6,1,3,33.3,1,3,33.3,3,4,75.0,2,3,5,1,1,0,0,4,+5
Rachel Banham,CHI,CHI @ WSH,06/02/2026,2026,L,18,5,2,4,50.0,1,3,33.3,0,0,0.0,0,0,0,2,0,0,2,1,-1
Diamond Miller,CON,CON @ ATL,06/02/2026,2026,L,26,8,2,6,33.3,0,3,0.0,4,4,100.0,0,3,3,1,0,0,1,4,-8
Jacy Sheldon,CHI,CHI @ WSH,06/02/2026,2026,L,31,9,4,7,57.1,1,2,50.0,0,0,0.0,0,0,0,1,0,0,2,2,-11
Cassandre Prosper,WSH,WSH vs. CHI,06/02/2026,2026,W,20,7,3,7,42.9,1,2,50.0,0,1,0.0,3,2,5,0,2,0,2,1,-3
Lucy Olsen,WSH,WSH vs. CHI,06/02/2026,2026,W,11,3,1,3,33.3,1,1,100.0,0,0,0.0,1,0,1,2,0,0,0,0,+5
Rori Harmon,WSH,WSH vs. CHI,06/02/2026,2026,W,1,0,0,0,0.0,0,0,0.0,0,0,0.0,0,0,0,1,0,0,1,0,+2
Lauren Betts,WSH,WSH vs. CHI,06/02/2026,2026,W,15,8,4,8,50.0,0,0,0.0,0,0,0.0,1,3,4,0,1,0,0,2,+4
Aneesah Morrow,CON,CON @ ATL,06/02/2026,2026,L,30,20,7,12,58.3,2,5,40.0,4,7,57.1,1,12,13,2,0,2,1,1,-15
Sydney Taylor,CHI,CHI @ WSH,06/02/2026,2026,L,20,15,6,13,46.2,1,6,16.7,2,4,50.0,0,1,1,1,4,0,4,2,-11
Saylor Poffenbarger,CHI,CHI @ WSH,06/02/2026,2026,L,6,0,0,0,0.0,0,0,0.0,0,0,0.0,1,2,3,0,1,0,0,1,-2
Elizabeth Williams,CHI,CHI @ WSH,06/02/2026,2026,L,23,10,4,10,40.0,0,0,0.0,2,5,40.0,1,5,6,3,2,1,0,1,-13
Angela Dugalic,WSH,WSH vs. CHI,06/02/2026,2026,W,13,8,3,8,37.5,0,2,0.0,2,2,100.0,3,4,7,1,0,0,1,2,+1
Indya Nivar,ATL,ATL vs. CON,06/02/2026,2026,W,1,0,0,0,0.0,0,0,0.0,0,0,0.0,0,0,0,0,0,0,0,1,-1
Aaliyah Nye,ATL,ATL vs. CON,06/02/2026,2026,W,1,0,0,0,0.0,0,0,0.0,0,0,0.0,0,0,0,0,0,0,0,0,-1
Brittney Griner,CON,CON @ ATL,06/02/2026,2026,L,29,7,3,8,37.5,0,0,0.0,1,2,50.0,0,4,4,3,2,3,1,2,-12
Leila Lacan,CON,CON @ ATL,06/02/2026,2026,L,28,11,4,13,30.8,1,6,16.7,2,4,50.0,1,1,2,5,1,0,4,3,-15
Charlisse Leger-Walker,CON,CON @ ATL,06/02/2026,2026,L,16,0,0,1,0.0,0,1,0.0,0,0,0.0,0,0,0,3,0,0,1,1,-11
Sika Kone,ATL,ATL vs. CON,06/02/2026,2026,W,3,0,0,1,0.0,0,0,0.0,0,0,0.0,0,0,0,0,0,0,0,0,+1
Isobel Borlase,ATL,ATL vs. CON,06/02/2026,2026,W,5,0,0,1,0.0,0,1,0.0,0,0,0.0,0,0,0,0,0,0,0,0,-3
Madina Okot,ATL,ATL vs. CON,06/02/2026,2026,W,9,0,0,0,0.0,0,0,0.0,0,0,0.0,0,2,2,0,1,0,1,5,-6
Luisa Geiselsoder,POR,POR vs. IND,05/31/2026,2026,W,12,0,0,1,0.0,0,0,0.0,0,0,0.0,1,0,1,1,0,0,1,1,+1
Holly Winterburn,POR,POR vs. IND,05/31/2026,2026,W,3,0,0,0,0.0,0,0,0.0,0,0,0.0,0,0,0,1,0,0,1,0,-3
Sarah Ashlee Barker,POR,POR vs. IND,05/31/2026,2026,W,28,15,4,13,30.8,3,9,33.3,4,4,100.0,1,5,6,4,0,0,2,4,+6
Stephanie Talbot,LV,LV @ GS,05/31/2026,2026,W,32,10,2,7,28.6,2,7,28.6,4,5,80.0,2,5,7,4,1,0,1,5,+8
Myisha Hines-Allen,IND,IND @ POR,05/31/2026,2026,L,18,7,3,5,60.0,1,1,100.0,0,0,0.0,0,2,2,2,0,0,5,2,+1
Nyadiew Puoch,POR,POR vs. IND,05/31/2026,2026,W,16,2,1,3,33.3,0,0,0.0,0,0,0.0,2,0,2,1,0,0,0,3,-4
A'ja Wilson,LV,LV @ GS,05/31/2026,2026,W,36,28,11,22,50.0,0,1,0.0,6,7,85.7,5,10,15,4,1,4,4,2,+11
Chelsea Gray,LV,LV @ GS,05/31/2026,2026,W,36,5,1,7,14.3,0,2,0.0,3,3,100.0,0,2,2,6,2,0,5,4,+7
Jackie Young,LV,LV @ GS,05/31/2026,2026,W,37,23,9,17,52.9,5,9,55.6,0,0,0.0,0,7,7,9,1,0,2,1,+12
Kierstan Bell,LV,LV @ GS,05/31/2026,2026,W,14,0,0,2,0.0,0,2,0.0,0,0,0.0,1,0,1,2,0,2,0,1,+8
Kayla Thornton,GS,GS vs. LV,05/31/2026,2026,L,27,12,4,10,40.0,4,7,57.1,0,0,0.0,0,4,4,0,2,0,0,4,-10
Janelle Salaun,GS,GS vs. LV,05/31/2026,2026,L,21,16,5,13,38.5,3,8,37.5,3,3,100.0,1,3,4,1,2,0,0,3,-12
Kaitlyn Chen,GS,GS vs. LV,05/31/2026,2026,L,12,5,2,4,50.0,1,1,100.0,0,0,0.0,0,1,1,3,0,0,0,0,+5
Ndjakalenga Mwenentanda,GS,GS vs. LV,05/31/2026,2026,L,4,0,0,0,0.0,0,0,0.0,0,0,0.0,0,1,1,0,0,0,1,0,+7
Frieda Buhner,POR,POR vs. IND,05/31/2026,2026,W,14,10,3,5,60.0,0,1,0.0,4,4,100.0,1,0,1,0,1,0,0,3,+14
Juste Jocyte,GS,GS vs. LV,05/31/2026,2026,L,5,5,1,2,50.0,1,1,100.0,2,2,100.0,0,1,1,1,0,0,0,0,+10
Tyasha Harris,IND,IND @ POR,05/31/2026,2026,L,12,5,1,5,20.0,1,5,20.0,2,2,100.0,1,1,2,1,0,0,2,0,-5
Grace VanSlooten,IND,IND @ POR,05/31/2026,2026,L,6,2,1,1,100.0,0,0,0.0,0,0,0.0,0,0,0,0,0,0,0,0,-6
Makayla Timpson,IND,IND @ POR,05/31/2026,2026,L,25,11,3,5,60.0,0,0,0.0,5,5,100.0,3,3,6,1,1,2,1,3,-4
Lexie Hull,IND,IND @ POR,05/31/2026,2026,L,16,0,0,4,0.0,0,4,0.0,0,0,0.0,0,1,1,1,0,0,0,1,-9
Lexie Brown,SEA,SEA @ TOR,05/30/2026,2026,L,14,0,0,2,0.0,0,2,0.0,0,0,0.0,0,0,0,1,0,0,1,2,-2
Jordan Horston,SEA,SEA @ TOR,05/30/2026,2026,L,22,15,6,11,54.5,1,2,50.0,2,2,100.0,3,1,4,1,4,0,2,0,-2
Mackenzie Holmes,SEA,SEA @ TOR,05/30/2026,2026,L,15,6,2,3,66.7,0,0,0.0,2,2,100.0,2,5,7,1,1,0,1,3,-5
Tima Pouye,TOR,TOR vs. SEA,05/30/2026,2026,W,4,2,0,0,0.0,0,0,0.0,2,2,100.0,0,0,0,0,0,0,0,0,-2
Kia Nurse,TOR,TOR vs. SEA,05/30/2026,2026,W,10,0,0,2,0.0,0,1,0.0,0,0,0.0,0,2,2,0,1,0,0,0,-4
Teonni Key,TOR,TOR vs. SEA,05/30/2026,2026,W,9,0,0,1,0.0,0,1,0.0,0,2,0.0,1,0,1,0,0,0,0,1,-1
Marina Mabrey,TOR,TOR vs. SEA,05/30/2026,2026,W,29,18,6,13,46.2,3,9,33.3,3,3,100.0,0,3,3,4,1,0,3,0,+6
Brittney Sykes,TOR,TOR vs. SEA,05/30/2026,2026,W,29,15,4,12,33.3,0,4,0.0,7,7,100.0,1,2,3,2,1,0,1,2,+8
Zia Cooke,SEA,SEA @ TOR,05/30/2026,2026,L,11,2,1,6,16.7,0,1,0.0,0,0,0.0,0,0,0,0,0,0,1,1,-7
Awa Fam,SEA,SEA @ TOR,05/30/2026,2026,L,24,7,3,10,30.0,0,2,0.0,1,1,100.0,1,4,5,0,0,1,2,3,-20
Sika Kone,ATL,ATL @ POR,05/30/2026,2026,W,5,0,0,1,0.0,0,0,0.0,0,0,0.0,0,0,0,0,0,0,1,1,-2
Madina Okot,ATL,ATL @ POR,05/30/2026,2026,W,7,7,3,3,100.0,0,0,0.0,1,1,100.0,0,0,0,1,0,0,2,1,+5
Nneka Ogwumike,LA,LA @ CON,05/30/2026,2026,L,33,12,4,8,50.0,1,4,25.0,3,6,50.0,2,1,3,2,1,0,0,2,-13
Aaliyah Nye,ATL,ATL @ POR,05/30/2026,2026,W,1,0,0,1,0.0,0,0,0.0,0,0,0.0,0,0,0,1,0,0,0,0,+1
Kennedy Burke,CON,CON vs. LA,05/30/2026,2026,W,24,14,4,8,50.0,2,5,40.0,4,8,50.0,2,4,6,0,2,3,0,1,+3
Olivia Nelson-Ododa,CON,CON vs. LA,05/30/2026,2026,W,17,4,0,1,0.0,0,0,0.0,4,4,100.0,1,3,4,1,1,1,0,4,+3
Leila Lacan,CON,CON vs. LA,05/30/2026,2026,W,21,12,5,14,35.7,1,6,16.7,1,4,25.0,1,1,2,3,1,0,1,4,+4
Saniya Rivers,CON,CON vs. LA,05/30/2026,2026,W,29,9,4,10,40.0,0,1,0.0,1,2,50.0,0,0,0,4,2,1,3,2,+6
Aneesah Morrow,CON,CON vs. LA,05/30/2026,2026,W,32,17,6,13,46.2,1,4,25.0,4,4,100.0,4,10,14,2,2,1,3,3,0
Rae Burrell,LA,LA @ CON,05/30/2026,2026,L,27,16,6,13,46.2,2,4,50.0,2,2,100.0,2,3,5,1,0,1,2,2,-6
Erica Wheeler,LA,LA @ CON,05/30/2026,2026,L,30,13,5,12,41.7,0,4,0.0,3,5,60.0,1,2,3,6,1,0,4,3,-3
Dearica Hamby,LA,LA @ CON,05/30/2026,2026,L,30,11,4,13,30.8,0,2,0.0,3,5,60.0,4,3,7,2,1,2,2,2,-4
Ariel Atkins,LA,LA @ CON,05/30/2026,2026,L,32,16,3,9,33.3,2,4,50.0,8,8,100.0,1,3,4,1,4,3,3,5,+5
Isobel Borlase,ATL,ATL @ POR,05/30/2026,2026,W,10,2,1,1,100.0,0,0,0.0,0,0,0.0,0,0,0,1,0,0,1,0,-1
Indya Nivar,ATL,ATL @ POR,05/30/2026,2026,W,4,4,2,2,100.0,0,0,0.0,0,0,0.0,0,1,1,0,1,0,0,1,-1
Luisa Geiselsoder,POR,POR vs. ATL,05/30/2026,2026,L,22,6,2,7,28.6,1,5,20.0,1,2,50.0,0,0,0,2,0,0,2,4,-22
Holly Winterburn,POR,POR vs. ATL,05/30/2026,2026,L,28,6,3,7,42.9,0,2,0.0,0,0,0.0,0,3,3,7,2,0,4,0,-24
Frieda Buhner,POR,POR vs. ATL,05/30/2026,2026,L,14,7,2,2,100.0,1,1,100.0,2,2,100.0,0,0,0,0,0,0,3,0,-10
Serah Williams,POR,POR vs. ATL,05/30/2026,2026,L,20,0,0,3,0.0,0,1,0.0,0,0,0.0,3,3,6,2,1,0,2,5,+1
Karlie Samuelson,POR,POR vs. ATL,05/30/2026,2026,L,19,0,0,2,0.0,0,2,0.0,0,0,0.0,1,2,3,1,1,0,1,2,-15
Sophie Cunningham,IND,IND @ GS,05/29/2026,2026,L,25,11,4,11,36.4,1,7,14.3,2,2,100.0,0,2,2,2,2,0,1,2,+1
Caitlin Clark,IND,IND @ GS,05/29/2026,2026,L,29,16,3,12,25.0,2,6,33.3,8,8,100.0,0,4,4,6,3,1,5,4,-2
Gabby Williams,GS,GS vs. IND,05/29/2026,2026,W,28,19,6,14,42.9,0,4,0.0,7,10,70.0,1,5,6,6,3,0,1,1,-2
Kelsey Mitchell,IND,IND @ GS,05/29/2026,2026,L,30,14,5,13,38.5,2,5,40.0,2,3,66.7,0,1,1,3,0,0,1,5,-6
Kiah Stokes,GS,GS vs. IND,05/29/2026,2026,W,26,4,2,4,50.0,0,0,0.0,0,0,0.0,1,3,4,2,0,4,2,1,-2
Kaila Charles,GS,GS vs. IND,05/29/2026,2026,W,15,7,3,5,60.0,1,2,50.0,0,0,0.0,1,3,4,1,0,0,1,1,-8
Veronica Burton,GS,GS vs. IND,05/29/2026,2026,W,29,25,7,13,53.8,1,3,33.3,10,12,83.3,2,4,6,3,1,5,1,5,-2
Janelle Salaun,GS,GS vs. IND,05/29/2026,2026,W,24,19,7,12,58.3,3,5,60.0,2,4,50.0,1,6,7,3,1,0,0,2,+1
Alyssa Thomas,PHX,PHX @ NY,05/29/2026,2026,L,36,15,5,14,35.7,0,0,0.0,5,6,83.3,1,2,3,8,3,1,3,3,-8
Natasha Mack,PHX,PHX @ NY,05/29/2026,2026,L,28,6,3,5,60.0,0,0,0.0,0,0,0.0,2,7,9,0,5,1,1,1,-11
Kahleah Copper,PHX,PHX @ NY,05/29/2026,2026,L,37,16,4,16,25.0,1,8,12.5,7,8,87.5,0,3,3,1,0,1,3,3,-4
Lexie Hull,IND,IND @ GS,05/29/2026,2026,L,23,5,2,7,28.6,1,3,33.3,0,0,0.0,1,5,6,0,1,0,1,3,+2
Paige Bueckers,DAL,DAL vs. LV,05/29/2026,2026,W,38,20,8,18,44.4,2,6,33.3,2,3,66.7,1,2,3,6,0,2,3,2,+15
Aliyah Boston,IND,IND @ GS,05/29/2026,2026,L,22,13,4,11,36.4,1,3,33.3,4,4,100.0,2,4,6,4,0,0,2,4,-2
Jessica Shepard,DAL,DAL vs. LV,05/29/2026,2026,W,38,22,8,13,61.5,0,1,0.0,6,6,100.0,4,16,20,10,0,0,2,3,+13
Jovana Nogic,PHX,PHX @ NY,05/29/2026,2026,L,12,8,2,7,28.6,2,5,40.0,2,2,100.0,0,0,0,0,0,0,1,2,0
Awak Kuier,DAL,DAL vs. LV,05/29/2026,2026,W,21,12,3,5,60.0,2,3,66.7,4,4,100.0,0,4,4,0,0,2,1,1,+7
Alysha Clark,DAL,DAL vs. LV,05/29/2026,2026,W,18,6,1,2,50.0,1,2,50.0,3,4,75.0,0,0,0,1,0,0,1,4,+11
Azzi Fudd,DAL,DAL vs. LV,05/29/2026,2026,W,38,22,9,15,60.0,3,5,60.0,1,2,50.0,1,2,3,2,1,1,0,1,+15
A'ja Wilson,LV,LV @ DAL,05/29/2026,2026,L,35,21,10,24,41.7,1,1,100.0,0,1,0.0,1,6,7,3,1,0,2,0,-12
Chelsea Gray,LV,LV @ DAL,05/29/2026,2026,L,34,8,2,10,20.0,1,4,25.0,3,3,100.0,0,3,3,8,1,1,1,3,-2
Jackie Young,LV,LV @ DAL,05/29/2026,2026,L,33,15,7,20,35.0,1,5,20.0,0,0,0.0,1,2,3,7,1,0,0,2,-15
Jewell Loyd,LV,LV @ DAL,05/29/2026,2026,L,28,9,3,6,50.0,2,5,40.0,1,2,50.0,0,2,2,1,0,1,0,1,-6
Chennedy Carter,LV,LV @ DAL,05/29/2026,2026,L,19,14,6,11,54.5,2,4,50.0,0,0,0.0,0,1,1,0,1,0,0,2,+3
DeWanna Bonner,PHX,PHX @ NY,05/29/2026,2026,L,22,4,0,3,0.0,0,2,0.0,4,4,100.0,0,3,3,0,0,0,0,2,-5
Jonquel Jones,NY,NY vs. PHX,05/29/2026,2026,W,31,9,2,9,22.2,1,4,25.0,4,4,100.0,3,6,9,2,1,2,2,4,+8
Breanna Stewart,NY,NY vs. PHX,05/29/2026,2026,W,29,9,4,11,36.4,1,4,25.0,0,0,0.0,2,6,8,4,1,0,2,0,+4
Shakira Austin,WSH,WSH vs. LA,05/29/2026,2026,L,25,25,8,10,80.0,0,0,0.0,9,9,100.0,1,9,10,3,0,0,4,4,+2
Alicia Florez,WSH,WSH vs. LA,05/29/2026,2026,L,25,5,1,9,11.1,0,5,0.0,3,4,75.0,1,0,1,7,0,0,0,3,-5
Kiki Iriafen,WSH,WSH vs. LA,05/29/2026,2026,L,27,13,6,10,60.0,0,1,0.0,1,2,50.0,1,8,9,1,0,0,0,4,+2
Michaela Onyenwere,WSH,WSH vs. LA,05/29/2026,2026,L,24,4,1,5,20.0,1,4,25.0,1,4,25.0,3,0,3,3,0,0,2,3,+2
Chance Gray,LA,LA @ WSH,05/29/2026,2026,W,13,6,2,3,66.7,2,3,66.7,0,0,0.0,2,1,3,0,0,0,1,2,+12
Rae Burrell,LA,LA @ WSH,05/29/2026,2026,W,32,4,2,8,25.0,0,5,0.0,0,1,0.0,0,2,2,1,0,0,1,4,-5
Erica Wheeler,LA,LA @ WSH,05/29/2026,2026,W,35,21,8,16,50.0,1,4,25.0,4,4,100.0,1,1,2,8,1,0,4,1,+8
Leonie Fiebich,NY,NY vs. PHX,05/29/2026,2026,W,30,3,1,6,16.7,0,2,0.0,1,1,100.0,1,1,2,1,1,0,4,1,+2
Dearica Hamby,LA,LA @ WSH,05/29/2026,2026,W,30,14,4,9,44.4,0,2,0.0,6,8,75.0,2,5,7,9,4,0,1,2,0
Nneka Ogwumike,LA,LA @ WSH,05/29/2026,2026,W,33,20,8,17,47.1,1,3,33.3,3,5,60.0,2,9,11,2,1,1,1,3,+4
Sydney Taylor,CHI,CHI vs. MIN,05/29/2026,2026,L,20,7,3,9,33.3,1,6,16.7,0,0,0.0,0,2,2,4,0,0,1,3,-1
Saylor Poffenbarger,CHI,CHI vs. MIN,05/29/2026,2026,L,1,0,0,0,0.0,0,0,0.0,0,0,0.0,0,0,0,0,0,0,0,0,0
Aicha Coulibaly,CHI,CHI vs. MIN,05/29/2026,2026,L,11,4,2,7,28.6,0,1,0.0,0,0,0.0,1,2,3,0,2,0,3,0,+5
Elizabeth Williams,CHI,CHI vs. MIN,05/29/2026,2026,L,19,0,0,3,0.0,0,0,0.0,0,4,0.0,2,3,5,1,0,2,1,0,-7
Jacy Sheldon,CHI,CHI vs. MIN,05/29/2026,2026,L,20,5,2,5,40.0,1,3,33.3,0,0,0.0,0,1,1,2,0,0,2,4,-10
Maya Caldwell,MIN,MIN @ CHI,05/29/2026,2026,W,17,5,1,6,16.7,1,4,25.0,2,2,100.0,0,4,4,0,1,1,0,0,+13
Anastasiia Olairi Kosu,MIN,MIN @ CHI,05/29/2026,2026,W,5,2,1,2,50.0,0,0,0.0,0,0,0.0,1,1,2,0,1,0,0,1,+2
Antonia Delaere,MIN,MIN @ CHI,05/29/2026,2026,W,11,0,0,1,0.0,0,0,0.0,0,0,0.0,0,0,0,1,0,0,0,0,+5
Liatu King,MIN,MIN @ CHI,05/29/2026,2026,W,10,2,1,4,25.0,0,2,0.0,0,0,0.0,1,2,3,0,0,1,1,3,-1
Olivia Miles,MIN,MIN @ CHI,05/29/2026,2026,W,32,17,4,10,40.0,0,4,0.0,9,10,90.0,0,6,6,6,2,0,4,2,+20
Betnijah Laney-Hamilton,NY,NY vs. PHX,05/29/2026,2026,W,15,13,3,6,50.0,2,5,40.0,5,6,83.3,0,3,3,2,2,0,1,1,+2
Han Xu,NY,NY vs. PHX,05/29/2026,2026,W,17,9,4,7,57.1,1,2,50.0,0,0,0.0,1,5,6,1,0,1,1,1,+5
Sonia Citron,WSH,WSH vs. LA,05/29/2026,2026,L,37,21,7,10,70.0,2,4,50.0,5,6,83.3,0,1,1,8,1,1,4,2,-1
Aneesah Morrow,CON,CON @ POR,05/28/2026,2026,L,29,13,6,19,31.6,1,7,14.3,0,0,0.0,8,5,13,1,1,2,2,3,-6
Diamond Miller,CON,CON @ POR,05/28/2026,2026,L,20,5,2,6,33.3,0,2,0.0,1,2,50.0,0,0,0,1,2,0,1,4,-9
Saniya Rivers,CON,CON @ POR,05/28/2026,2026,L,23,7,3,11,27.3,0,3,0.0,1,2,50.0,1,0,1,2,0,0,3,0,-10
Isobel Borlase,ATL,ATL @ MIN,05/28/2026,2026,L,13,4,2,4,50.0,0,1,0.0,0,0,0.0,1,0,1,3,0,0,0,0,-6
Maya Caldwell,MIN,MIN vs. ATL,05/28/2026,2026,W,14,2,1,3,33.3,0,1,0.0,0,0,0.0,0,0,0,1,1,0,1,1,-4
Anastasiia Olairi Kosu,MIN,MIN vs. ATL,05/28/2026,2026,W,7,2,1,1,100.0,0,0,0.0,0,0,0.0,0,0,0,1,0,0,1,2,-3
Antonia Delaere,MIN,MIN vs. ATL,05/28/2026,2026,W,6,0,0,1,0.0,0,1,0.0,0,0,0.0,0,0,0,0,1,0,0,0,-2
Liatu King,MIN,MIN vs. ATL,05/28/2026,2026,W,9,3,1,1,100.0,1,1,100.0,0,0,0.0,0,1,1,0,0,0,0,1,-1
Olivia Miles,MIN,MIN vs. ATL,05/28/2026,2026,W,34,16,6,10,60.0,0,2,0.0,4,5,80.0,1,4,5,8,1,0,3,4,+21
Indya Nivar,ATL,ATL @ MIN,05/28/2026,2026,L,5,0,0,2,0.0,0,0,0.0,0,2,0.0,1,2,3,1,1,0,1,0,+4
Aaliyah Nye,ATL,ATL @ MIN,05/28/2026,2026,L,2,0,0,0,0.0,0,0,0.0,0,0,0.0,0,0,0,0,0,0,0,0,0
Madina Okot,ATL,ATL @ MIN,05/28/2026,2026,L,5,4,1,1,100.0,0,0,0.0,2,4,50.0,1,0,1,0,0,0,1,0,-5
Sika Kone,ATL,ATL @ MIN,05/28/2026,2026,L,9,5,2,4,50.0,1,3,33.3,0,0,0.0,1,2,3,0,0,0,0,1,+8
Olivia Nelson-Ododa,CON,CON @ POR,05/28/2026,2026,L,21,4,2,3,66.7,0,0,0.0,0,2,0.0,3,1,4,4,2,0,0,1,+3
Charlisse Leger-Walker,CON,CON @ POR,05/28/2026,2026,L,27,11,3,7,42.9,0,3,0.0,5,9,55.6,0,2,2,3,0,0,2,4,-14
Frieda Buhner,POR,POR vs. CON,05/28/2026,2026,W,13,9,4,5,80.0,1,1,100.0,0,0,0.0,0,1,1,0,0,0,0,0,+13
Bridget Carleton,POR,POR vs. CON,05/28/2026,2026,W,29,13,5,10,50.0,2,5,40.0,1,1,100.0,2,5,7,3,1,0,2,1,0
Elizabeth Williams,CHI,CHI vs. TOR,05/28/2026,2026,L,23,11,4,6,66.7,0,0,0.0,3,6,50.0,4,5,9,3,1,1,2,2,-8
Awa Fam,SEA,SEA vs. WSH,05/28/2026,2026,L,17,6,2,5,40.0,0,1,0.0,2,4,50.0,4,1,5,0,0,0,1,4,-2
Mackenzie Holmes,SEA,SEA vs. WSH,05/28/2026,2026,L,20,8,3,4,75.0,2,2,100.0,0,0,0.0,4,6,10,1,2,0,4,3,+6
Jade Melbourne,SEA,SEA vs. WSH,05/28/2026,2026,L,23,15,6,8,75.0,0,0,0.0,3,4,75.0,1,2,3,3,1,0,1,2,+5
Flau'jae Johnson,SEA,SEA vs. WSH,05/28/2026,2026,L,29,8,3,13,23.1,0,4,0.0,2,2,100.0,1,1,2,2,0,2,0,3,-11
Natisha Hiedeman,SEA,SEA vs. WSH,05/28/2026,2026,L,28,8,2,9,22.2,1,5,20.0,3,3,100.0,0,2,2,1,1,0,3,1,-14
Carla Leite,POR,POR vs. CON,05/28/2026,2026,W,23,20,4,10,40.0,2,3,66.7,10,10,100.0,0,0,0,3,1,0,4,3,-1
Sonia Citron,WSH,WSH @ SEA,05/28/2026,2026,W,30,7,3,12,25.0,1,2,50.0,0,0,0.0,2,2,4,3,1,0,1,1,+14
Shakira Austin,WSH,WSH @ SEA,05/28/2026,2026,W,29,18,6,13,46.2,1,2,50.0,5,5,100.0,2,11,13,5,0,1,2,0,+10
Kiki Iriafen,WSH,WSH @ SEA,05/28/2026,2026,W,24,13,5,7,71.4,0,1,0.0,3,3,100.0,2,7,9,0,0,0,1,5,+15
Michaela Onyenwere,WSH,WSH @ SEA,05/28/2026,2026,W,22,14,5,10,50.0,3,7,42.9,1,2,50.0,2,0,2,2,0,0,2,2,+2
Sydney Taylor,CHI,CHI vs. TOR,05/28/2026,2026,L,23,27,9,22,40.9,3,12,25.0,6,6,100.0,1,1,2,2,1,0,0,1,-4
Alicia Florez,WSH,WSH @ SEA,05/28/2026,2026,W,23,9,4,9,44.4,1,3,33.3,0,0,0.0,2,3,5,3,2,0,1,4,+7
Jacy Sheldon,CHI,CHI vs. TOR,05/28/2026,2026,L,19,4,2,6,33.3,0,3,0.0,0,0,0.0,0,0,0,0,0,0,0,4,-7
Natasha Cloud,CHI,CHI vs. TOR,05/28/2026,2026,L,31,18,7,8,87.5,2,3,66.7,2,2,100.0,1,4,5,9,1,0,3,5,0
Kiki Rice,TOR,TOR @ CHI,05/28/2026,2026,W,34,14,3,7,42.9,0,2,0.0,8,9,88.9,1,7,8,7,2,0,3,4,+11
Marina Mabrey,TOR,TOR @ CHI,05/28/2026,2026,W,28,24,9,13,69.2,3,7,42.9,3,4,75.0,2,2,4,7,1,0,2,5,+9
Brittney Sykes,TOR,TOR @ CHI,05/28/2026,2026,W,35,20,6,14,42.9,1,4,25.0,7,8,87.5,1,5,6,2,0,1,0,0,+3
Laura Juskaite,TOR,TOR @ CHI,05/28/2026,2026,W,22,7,3,4,75.0,1,1,100.0,0,0,0.0,0,2,2,2,0,1,1,5,+8
Nyara Sabally,TOR,TOR @ CHI,05/28/2026,2026,W,28,29,11,14,78.6,3,4,75.0,4,6,66.7,2,4,6,2,2,2,2,4,+2
Sarah Ashlee Barker,POR,POR vs. CON,05/28/2026,2026,W,22,4,2,4,50.0,0,1,0.0,0,0,0.0,2,9,11,1,3,1,4,4,+19
Megan DiLeo,POR,POR vs. CON,05/28/2026,2026,W,18,10,3,6,50.0,1,2,50.0,3,4,75.0,1,3,4,2,0,0,0,3,+15
Skylar Diggins,CHI,CHI vs. TOR,05/28/2026,2026,L,36,23,8,16,50.0,1,6,16.7,6,7,85.7,0,2,2,9,1,2,0,2,-3
Rebecca Allen,NY,NY vs. PHX,05/27/2026,2026,W,13,2,0,5,0.0,0,3,0.0,2,2,100.0,0,2,2,0,0,0,1,1,+8
Raquel Carrera,NY,NY vs. PHX,05/27/2026,2026,W,1,0,0,0,0.0,0,0,0.0,0,0,0.0,0,0,0,0,0,0,0,1,-5
Pauline Astier,NY,NY vs. PHX,05/27/2026,2026,W,23,7,3,7,42.9,0,1,0.0,1,1,100.0,2,2,4,4,0,2,2,2,+2
Kiana Williams,PHX,PHX @ NY,05/27/2026,2026,L,7,3,1,2,50.0,1,2,50.0,0,0,0.0,0,0,0,0,0,0,0,0,0
Jovana Nogic,PHX,PHX @ NY,05/27/2026,2026,L,14,9,3,5,60.0,3,5,60.0,0,1,0.0,1,1,2,1,0,0,2,0,-4
Kyara Linskens,PHX,PHX @ NY,05/27/2026,2026,L,12,3,1,3,33.3,1,2,50.0,0,2,0.0,1,5,6,1,0,2,2,2,-5
Valeriane Ayayi,PHX,PHX @ NY,05/27/2026,2026,L,9,3,0,1,0.0,0,0,0.0,3,4,75.0,0,0,0,0,0,0,1,2,-7
Noemie Brochant,PHX,PHX @ NY,05/27/2026,2026,L,19,3,1,4,25.0,1,4,25.0,0,0,0.0,0,2,2,1,1,1,0,2,-1
Han Xu,NY,NY vs. PHX,05/27/2026,2026,W,11,8,3,6,50.0,1,2,50.0,1,1,100.0,1,2,3,0,1,0,0,1,-5
Rebekah Gardner,NY,NY vs. PHX,05/27/2026,2026,W,18,2,1,3,33.3,0,1,0.0,0,0,0.0,0,2,2,1,1,0,0,3,+6
Pauline Astier,NY,NY vs. POR,05/26/2026,2026,L,32,4,2,4,50.0,0,1,0.0,0,0,0.0,0,3,3,3,0,0,3,5,-14
Kaitlyn Chen,GS,GS vs. CON,05/26/2026,2026,W,23,10,3,5,60.0,0,1,0.0,4,4,100.0,2,0,2,2,0,0,1,3,+10
Rebecca Allen,NY,NY vs. POR,05/26/2026,2026,L,24,2,0,4,0.0,0,4,0.0,2,2,100.0,0,3,3,1,1,1,0,3,-5
Breanna Stewart,NY,NY vs. POR,05/26/2026,2026,L,33,25,4,11,36.4,2,3,66.7,15,17,88.2,0,7,7,0,3,1,3,3,-4
Sarah Ashlee Barker,POR,POR @ NY,05/26/2026,2026,W,18,7,3,5,60.0,1,2,50.0,0,0,0.0,2,3,5,3,1,0,2,2,+6
Carla Leite,POR,POR @ NY,05/26/2026,2026,W,22,18,8,14,57.1,1,2,50.0,1,2,50.0,0,0,0,2,1,0,4,1,+9
Luisa Geiselsoder,POR,POR @ NY,05/26/2026,2026,W,22,6,2,9,22.2,2,4,50.0,0,0,0.0,0,5,5,2,2,0,0,3,+11
Emily Engstler,POR,POR @ NY,05/26/2026,2026,W,28,8,3,6,50.0,1,3,33.3,1,2,50.0,1,4,5,2,4,4,1,2,+10
Bridget Carleton,POR,POR @ NY,05/26/2026,2026,W,30,10,2,9,22.2,1,6,16.7,5,5,100.0,0,3,3,2,2,0,1,3,+10
Juste Jocyte,GS,GS vs. CON,05/26/2026,2026,W,5,5,2,2,100.0,1,1,100.0,0,0,0.0,0,0,0,2,0,0,1,2,-2
Ndjakalenga Mwenentanda,GS,GS vs. CON,05/26/2026,2026,W,6,0,0,1,0.0,0,1,0.0,0,0,0.0,1,0,1,1,0,0,0,1,0
Janelle Salaun,GS,GS vs. CON,05/26/2026,2026,W,26,9,3,13,23.1,1,9,11.1,2,4,50.0,1,3,4,2,1,0,3,5,+10
Marine Johannes,NY,NY vs. POR,05/26/2026,2026,L,32,17,6,12,50.0,5,9,55.6,0,0,0.0,0,2,2,6,0,1,6,0,-2
Ashten Prechtel,GS,GS vs. CON,05/26/2026,2026,W,5,5,2,3,66.7,1,2,50.0,0,0,0.0,1,0,1,0,0,0,1,0,-2
Hailey Van Lith,CON,CON @ GS,05/26/2026,2026,L,20,5,2,7,28.6,0,0,0.0,1,1,100.0,0,2,2,2,1,0,0,0,-9
Raegan Beers,CON,CON @ GS,05/26/2026,2026,L,7,3,1,1,100.0,0,0,0.0,1,1,100.0,0,3,3,0,1,0,1,3,+1
Gianna Kneepkens,CON,CON @ GS,05/26/2026,2026,L,12,6,2,2,100.0,0,0,0.0,2,2,100.0,1,0,1,1,1,0,0,2,-12
Kennedy Burke,CON,CON @ GS,05/26/2026,2026,L,20,3,1,3,33.3,0,1,0.0,1,2,50.0,0,2,2,0,2,0,2,0,-14
Diamond Miller,CON,CON @ GS,05/26/2026,2026,L,17,4,0,3,0.0,0,2,0.0,4,4,100.0,0,1,1,0,1,0,3,2,-15
Jonquel Jones,NY,NY vs. POR,05/26/2026,2026,L,32,12,3,11,27.3,1,5,20.0,5,5,100.0,3,8,11,4,0,4,3,5,-9
Natasha Mack,PHX,PHX @ ATL,05/24/2026,2026,L,16,6,3,5,60.0,0,0,0.0,0,0,0.0,4,3,7,1,0,2,1,4,+4
Noemie Brochant,PHX,PHX @ ATL,05/24/2026,2026,L,31,6,3,7,42.9,0,2,0.0,0,0,0.0,2,3,5,2,2,1,1,2,0
Kahleah Copper,PHX,PHX @ ATL,05/24/2026,2026,L,30,20,6,16,37.5,1,6,16.7,7,8,87.5,1,2,3,1,0,0,3,3,-8
Alyssa Thomas,PHX,PHX @ ATL,05/24/2026,2026,L,36,20,9,13,69.2,0,0,0.0,2,2,100.0,1,11,12,7,2,0,4,2,-1
Chennedy Carter,LV,LV vs. LA,05/24/2026,2026,L,26,23,8,13,61.5,4,4,100.0,3,4,75.0,2,1,3,3,1,1,3,3,+15
Naz Hillmon,ATL,ATL vs. PHX,05/24/2026,2026,W,23,4,2,2,100.0,0,0,0.0,0,1,0.0,2,2,4,0,0,0,1,0,-1
Jewell Loyd,LV,LV vs. LA,05/24/2026,2026,L,29,10,3,13,23.1,3,11,27.3,1,2,50.0,0,0,0,2,0,0,1,3,0
A'ja Wilson,LV,LV vs. LA,05/24/2026,2026,L,35,24,8,20,40.0,2,4,50.0,6,6,100.0,2,13,15,4,2,4,3,1,-3
Stephanie Talbot,LV,LV vs. LA,05/24/2026,2026,L,16,2,1,2,50.0,0,1,0.0,0,0,0.0,2,1,3,1,0,0,0,2,-23
Kate Martin,LA,LA @ LV,05/24/2026,2026,W,6,0,0,0,0.0,0,0,0.0,0,0,0.0,0,0,0,1,0,0,0,1,+9
Rae Burrell,LA,LA @ LV,05/24/2026,2026,W,25,10,3,7,42.9,2,6,33.3,2,2,100.0,0,2,2,2,1,0,1,1,-9
Ariel Atkins,LA,LA @ LV,05/24/2026,2026,W,30,11,5,12,41.7,1,5,20.0,0,0,0.0,0,3,3,3,1,0,2,1,-5
Kelsey Plum,LA,LA @ LV,05/24/2026,2026,W,37,38,12,17,70.6,6,7,85.7,8,8,100.0,0,4,4,9,1,0,3,4,+11
Erica Wheeler,LA,LA @ LV,05/24/2026,2026,W,34,10,4,7,57.1,2,3,66.7,0,0,0.0,0,7,7,6,2,0,2,2,+15
Awa Fam,SEA,SEA vs. WSH,05/24/2026,2026,W,20,10,4,7,57.1,0,1,0.0,2,2,100.0,0,2,2,0,1,0,2,4,+6
Shakira Austin,WSH,WSH @ SEA,05/24/2026,2026,L,29,12,4,7,57.1,1,2,50.0,3,3,100.0,0,4,4,0,2,2,1,3,-10
Kiki Iriafen,WSH,WSH @ SEA,05/24/2026,2026,L,26,13,4,8,50.0,1,1,100.0,4,6,66.7,1,3,4,0,2,1,0,2,-10
Jade Melbourne,SEA,SEA vs. WSH,05/24/2026,2026,W,25,3,0,6,0.0,0,2,0.0,3,4,75.0,1,1,2,6,2,0,2,4,+6
Flau'jae Johnson,SEA,SEA vs. WSH,05/24/2026,2026,W,25,17,4,14,28.6,2,7,28.6,7,7,100.0,1,5,6,1,1,1,2,4,+4
Natisha Hiedeman,SEA,SEA vs. WSH,05/24/2026,2026,W,28,24,7,12,58.3,4,6,66.7,6,6,100.0,0,1,1,5,0,0,2,3,+4
Stefanie Dolson,SEA,SEA vs. WSH,05/24/2026,2026,W,26,16,3,3,100.0,2,2,100.0,8,8,100.0,0,3,3,2,0,2,1,5,+16
Cassandre Prosper,WSH,WSH @ SEA,05/24/2026,2026,L,22,2,1,8,12.5,0,3,0.0,0,0,0.0,0,0,0,2,0,0,1,2,-8
Cotie McMahon,WSH,WSH @ SEA,05/24/2026,2026,L,16,2,0,3,0.0,0,1,0.0,2,2,100.0,2,0,2,1,1,0,0,4,-8
Sonia Citron,WSH,WSH @ SEA,05/24/2026,2026,L,32,16,3,6,50.0,0,2,0.0,10,11,90.9,1,4,5,2,2,0,2,2,-8
DeWanna Bonner,PHX,PHX @ ATL,05/24/2026,2026,L,24,4,2,7,28.6,0,3,0.0,0,0,0.0,1,2,3,1,2,0,0,0,-7
Chelsea Gray,LV,LV vs. LA,05/24/2026,2026,L,37,12,6,14,42.9,0,5,0.0,0,0,0.0,0,2,2,7,1,2,3,3,-7
Angel Reese,ATL,ATL vs. PHX,05/24/2026,2026,W,32,17,6,16,37.5,0,1,0.0,5,10,50.0,5,5,10,4,4,1,3,4,+4
Awak Kuier,DAL,DAL @ NY,05/24/2026,2026,W,24,10,2,3,66.7,2,3,66.7,4,4,100.0,1,5,6,1,0,2,1,0,+17
Rebekah Gardner,NY,NY vs. DAL,05/24/2026,2026,L,16,4,2,2,100.0,0,0,0.0,0,0,0.0,0,1,1,0,0,0,1,0,-8
Han Xu,NY,NY vs. DAL,05/24/2026,2026,L,12,6,2,4,50.0,2,3,66.7,0,0,0.0,0,2,2,0,0,0,0,0,-5
Raquel Carrera,NY,NY vs. DAL,05/24/2026,2026,L,1,0,0,0,0.0,0,0,0.0,0,0,0.0,0,0,0,1,0,0,0,0,0
Anneli Maley,NY,NY vs. DAL,05/24/2026,2026,L,11,0,0,2,0.0,0,2,0.0,0,0,0.0,2,1,3,0,1,0,0,4,+4
Azzi Fudd,DAL,DAL @ NY,05/24/2026,2026,W,32,24,9,15,60.0,6,12,50.0,0,0,0.0,0,2,2,3,3,2,1,3,+22
Pauline Astier,NY,NY vs. DAL,05/24/2026,2026,L,18,7,2,3,66.7,1,2,50.0,2,2,100.0,0,0,0,1,1,0,2,1,-11
Allisha Gray,ATL,ATL vs. PHX,05/24/2026,2026,W,36,18,7,15,46.7,2,5,40.0,2,3,66.7,0,1,1,0,1,0,3,1,+7
Arike Ogunbowale,DAL,DAL @ NY,05/24/2026,2026,W,38,19,5,20,25.0,5,13,38.5,4,6,66.7,0,4,4,5,1,0,3,2,+18
Jessica Shepard,DAL,DAL @ NY,05/24/2026,2026,W,33,10,5,9,55.6,0,1,0.0,0,1,0.0,2,9,11,6,0,0,1,3,+21
Rhyne Howard,ATL,ATL vs. PHX,05/24/2026,2026,W,34,21,7,15,46.7,6,12,50.0,1,2,50.0,3,5,8,0,1,0,2,3,+2
Jordin Canada,ATL,ATL vs. PHX,05/24/2026,2026,W,31,11,4,8,50.0,0,2,0.0,3,5,60.0,0,7,7,14,3,1,1,4,+12
Paige Bueckers,DAL,DAL @ NY,05/24/2026,2026,W,36,24,7,13,53.8,2,4,50.0,8,8,100.0,2,4,6,2,0,0,1,4,+8
Skylar Diggins,CHI,CHI vs. MIN,05/23/2026,2026,L,32,13,4,12,33.3,0,1,0.0,5,7,71.4,2,4,6,6,1,0,3,3,-13
Joyner Holmes,SEA,SEA vs. CON,05/23/2026,2026,W,15,2,1,4,25.0,0,1,0.0,0,0,0.0,1,4,5,1,0,3,2,1,-2
Mackenzie Holmes,SEA,SEA vs. CON,05/23/2026,2026,W,18,2,0,2,0.0,0,0,0.0,2,4,50.0,2,4,6,1,0,1,1,4,-4
Taylor Thierry,SEA,SEA vs. CON,05/23/2026,2026,W,4,0,0,0,0.0,0,0,0.0,0,0,0.0,1,0,1,0,0,0,0,0,-1
Sydney Taylor,CHI,CHI vs. MIN,05/23/2026,2026,L,20,11,3,12,25.0,2,9,22.2,3,5,60.0,1,1,2,1,1,0,1,4,-3
Azura Stevens,CHI,CHI vs. MIN,05/23/2026,2026,L,16,6,3,10,30.0,0,3,0.0,0,0,0.0,0,3,3,1,1,1,2,1,-5
Natasha Cloud,CHI,CHI vs. MIN,05/23/2026,2026,L,32,6,2,6,33.3,0,2,0.0,2,3,66.7,0,2,2,1,1,1,3,3,-7
Courtney Williams,MIN,MIN @ CHI,05/23/2026,2026,W,33,17,8,18,44.4,0,1,0.0,1,1,100.0,2,6,8,3,3,2,2,3,+12
Kamilla Cardoso,CHI,CHI vs. MIN,05/23/2026,2026,L,23,17,4,6,66.7,0,0,0.0,9,9,100.0,2,5,7,0,1,0,1,4,-10
Olivia Miles,MIN,MIN @ CHI,05/23/2026,2026,W,33,14,4,14,28.6,0,2,0.0,6,7,85.7,1,8,9,5,2,0,5,3,+8
Kayla McBride,MIN,MIN @ CHI,05/23/2026,2026,W,35,13,4,9,44.4,2,4,50.0,3,3,100.0,0,6,6,4,1,0,0,1,+11
Nia Coffey,MIN,MIN @ CHI,05/23/2026,2026,W,25,8,3,11,27.3,1,7,14.3,1,1,100.0,2,5,7,0,0,2,4,3,+7
Natasha Howard,MIN,MIN @ CHI,05/23/2026,2026,W,33,26,11,15,73.3,0,0,0.0,4,5,80.0,5,9,14,5,0,0,3,5,+16
Nell Angloma,CON,CON @ SEA,05/23/2026,2026,L,14,2,0,1,0.0,0,0,0.0,2,2,100.0,1,2,3,1,0,0,0,3,-3
Flau'jae Johnson,SEA,SEA vs. CON,05/23/2026,2026,W,31,17,7,12,58.3,3,6,50.0,0,0,0.0,0,7,7,5,0,3,5,2,+18
Zia Cooke,SEA,SEA vs. CON,05/23/2026,2026,W,24,25,7,14,50.0,2,6,33.3,9,10,90.0,2,3,5,1,1,0,2,1,+18
Gianna Kneepkens,CON,CON @ SEA,05/23/2026,2026,L,11,4,2,5,40.0,0,3,0.0,0,0,0.0,0,1,1,0,0,0,0,3,+3
Serah Williams,POR,POR @ TOR,05/23/2026,2026,W,14,8,3,6,50.0,0,0,0.0,2,2,100.0,1,2,3,0,2,1,0,2,-2
Charlisse Leger-Walker,CON,CON @ SEA,05/23/2026,2026,L,30,5,2,9,22.2,1,3,33.3,0,0,0.0,1,2,3,5,2,0,0,1,-6
Lexi Held,TOR,TOR vs. POR,05/23/2026,2026,L,8,3,1,2,50.0,1,1,100.0,0,0,0.0,1,1,2,1,0,0,0,2,+6
Mariella Fasoula,TOR,TOR vs. POR,05/23/2026,2026,L,3,0,0,0,0.0,0,0,0.0,0,0,0.0,0,1,1,0,0,0,1,0,+2
Maria Conde,TOR,TOR vs. POR,05/23/2026,2026,L,23,8,3,9,33.3,1,5,20.0,1,2,50.0,2,3,5,1,0,0,1,2,-21
Laura Juskaite,TOR,TOR vs. POR,05/23/2026,2026,L,20,3,1,3,33.3,0,1,0.0,1,1,100.0,0,2,2,1,0,0,1,3,-5
Holly Winterburn,POR,POR @ TOR,05/23/2026,2026,W,1,0,0,0,0.0,0,0,0.0,0,0,0.0,0,0,0,0,0,0,0,0,-3
Kia Nurse,TOR,TOR vs. POR,05/23/2026,2026,L,12,4,1,7,14.3,0,5,0.0,2,2,100.0,0,2,2,0,0,0,0,1,-3
Megan DiLeo,POR,POR @ TOR,05/23/2026,2026,W,20,14,6,8,75.0,2,3,66.7,0,0,0.0,2,2,4,0,0,1,0,3,-1
Diamond Miller,CON,CON @ SEA,05/23/2026,2026,L,23,13,3,6,50.0,0,1,0.0,7,8,87.5,0,3,3,2,2,0,3,2,-6
Nyadiew Puoch,POR,POR @ TOR,05/23/2026,2026,W,24,5,2,8,25.0,1,3,33.3,0,0,0.0,2,1,3,1,1,0,2,2,+9
Aaliyah Edwards,CON,CON @ SEA,05/23/2026,2026,L,24,10,5,11,45.5,0,0,0.0,0,0,0.0,2,5,7,2,2,1,1,3,-3
Frieda Buhner,POR,POR @ TOR,05/23/2026,2026,W,13,5,1,2,50.0,1,2,50.0,2,2,100.0,1,1,2,1,0,0,0,0,-3
Kaitlyn Chen,GS,GS @ NY,05/22/2026,2026,W,15,2,0,2,0.0,0,1,0.0,2,2,100.0,0,0,0,1,0,0,1,1,-9
Ndjakalenga Mwenentanda,GS,GS @ NY,05/22/2026,2026,W,1,0,0,0,0.0,0,0,0.0,0,0,0.0,0,0,0,0,0,0,0,0,-3
Alex Fowler,NY,NY vs. GS,05/22/2026,2026,L,15,0,0,3,0.0,0,2,0.0,0,0,0.0,0,0,0,0,1,0,0,4,-6
Han Xu,NY,NY vs. GS,05/22/2026,2026,L,7,5,2,3,66.7,1,2,50.0,0,0,0.0,0,0,0,0,0,0,0,0,+3
Rebekah Gardner,NY,NY vs. GS,05/22/2026,2026,L,19,12,4,5,80.0,1,2,50.0,3,4,75.0,0,2,2,0,0,1,1,1,-10
Rebecca Allen,NY,NY vs. GS,05/22/2026,2026,L,17,5,1,5,20.0,1,3,33.3,2,2,100.0,1,3,4,2,0,0,2,3,-17
Julie Vanloo,NY,NY vs. GS,05/22/2026,2026,L,16,2,1,3,33.3,0,2,0.0,0,0,0.0,0,2,2,8,0,0,4,3,-4
Nneka Ogwumike,LA,LA @ PHX,05/22/2026,2026,W,31,12,5,11,45.5,2,2,100.0,0,0,0.0,1,5,6,2,1,0,1,0,+6
Dearica Hamby,LA,LA @ PHX,05/22/2026,2026,W,30,27,7,11,63.6,2,3,66.7,11,11,100.0,5,10,15,3,1,0,0,3,+13
Janelle Salaun,GS,GS @ NY,05/22/2026,2026,W,26,12,3,11,27.3,2,7,28.6,4,5,80.0,3,3,6,1,2,0,1,2,+5
Erica Wheeler,LA,LA @ PHX,05/22/2026,2026,W,26,5,2,4,50.0,1,2,50.0,0,0,0.0,0,1,1,4,0,0,2,5,-3
Miela Sowah,GS,GS @ NY,05/22/2026,2026,W,3,0,0,1,0.0,0,1,0.0,0,0,0.0,0,0,0,0,0,0,0,1,-4
Liatu King,MIN,MIN vs. TOR,05/22/2026,2026,W,19,9,3,5,60.0,1,2,50.0,2,4,50.0,2,5,7,0,1,0,1,0,+9
Laeticia Amihere,GS,GS @ NY,05/22/2026,2026,W,13,5,2,3,66.7,0,0,0.0,1,2,50.0,1,7,8,0,1,0,1,1,+9
Laura Juskaite,TOR,TOR @ MIN,05/22/2026,2026,L,26,7,2,7,28.6,1,6,16.7,2,2,100.0,2,1,3,2,0,0,3,5,-22
Eliska Joklova,MIN,MIN vs. TOR,05/22/2026,2026,W,5,4,0,1,0.0,0,0,0.0,4,6,66.7,2,4,6,2,0,0,2,0,+4
Maya Caldwell,MIN,MIN vs. TOR,05/22/2026,2026,W,22,16,6,12,50.0,4,7,57.1,0,0,0.0,2,1,3,3,1,1,0,3,+11
Anastasiia Olairi Kosu,MIN,MIN vs. TOR,05/22/2026,2026,W,14,5,2,4,50.0,0,0,0.0,1,2,50.0,2,2,4,0,2,1,2,1,+16
Antonia Delaere,MIN,MIN vs. TOR,05/22/2026,2026,W,18,3,1,3,33.3,1,3,33.3,0,0,0.0,1,0,1,4,0,0,1,3,+10
Lexi Held,TOR,TOR @ MIN,05/22/2026,2026,L,23,3,1,6,16.7,1,3,33.3,0,0,0.0,0,1,1,3,0,0,1,3,-11
Kia Nurse,TOR,TOR @ MIN,05/22/2026,2026,L,27,23,6,13,46.2,6,11,54.5,5,6,83.3,1,3,4,2,1,0,1,1,-15
Mariella Fasoula,TOR,TOR @ MIN,05/22/2026,2026,L,11,4,2,5,40.0,0,0,0.0,0,0,0.0,1,0,1,1,1,2,1,3,-2
Nikolina Milic,TOR,TOR @ MIN,05/22/2026,2026,L,14,8,4,6,66.7,0,1,0.0,0,0,0.0,0,1,1,1,0,0,0,2,-11
Ariel Atkins,LA,LA @ PHX,05/22/2026,2026,W,24,11,4,8,50.0,3,7,42.9,0,1,0.0,0,1,1,2,3,1,2,5,+2
Kelsey Plum,LA,LA @ PHX,05/22/2026,2026,W,34,16,6,14,42.9,4,10,40.0,0,0,0.0,0,1,1,7,1,0,4,2,+14
Maddy Siegrist,DAL,DAL @ ATL,05/22/2026,2026,L,17,5,2,8,25.0,1,1,100.0,0,0,0.0,2,0,2,1,0,1,0,1,-4
DeWanna Bonner,PHX,PHX vs. LA,05/22/2026,2026,L,30,9,3,7,42.9,1,5,20.0,2,2,100.0,2,3,5,1,3,1,1,1,-1
Indya Nivar,ATL,ATL vs. DAL,05/22/2026,2026,W,5,2,1,3,33.3,0,1,0.0,0,0,0.0,0,1,1,1,0,0,0,2,0
Veronica Burton,GS,GS @ IND,05/22/2026,2026,L,29,17,4,12,33.3,2,5,40.0,7,8,87.5,0,3,3,3,0,2,3,5,-6
Janelle Salaun,GS,GS @ IND,05/22/2026,2026,L,21,4,1,8,12.5,0,4,0.0,2,2,100.0,1,1,2,0,1,0,0,1,-6
Tiffany Hayes,GS,GS @ IND,05/22/2026,2026,L,26,19,7,13,53.8,2,2,100.0,3,3,100.0,0,2,2,2,1,0,2,3,0
Kelsey Mitchell,IND,IND vs. GS,05/22/2026,2026,W,31,19,4,10,40.0,0,3,0.0,11,11,100.0,0,0,0,3,0,0,1,1,+6
Alyssa Thomas,PHX,PHX vs. LA,05/22/2026,2026,L,35,23,7,13,53.8,0,0,0.0,9,11,81.8,2,5,7,7,2,0,3,2,-5
Lexie Hull,IND,IND vs. GS,05/22/2026,2026,W,24,7,2,5,40.0,2,4,50.0,1,4,25.0,1,3,4,2,0,0,1,4,+10
Makayla Timpson,IND,IND vs. GS,05/22/2026,2026,W,12,0,0,1,0.0,0,0,0.0,0,0,0.0,2,3,5,0,1,0,0,0,-3
Sophie Cunningham,IND,IND vs. GS,05/22/2026,2026,W,28,11,4,8,50.0,2,5,40.0,1,3,33.3,0,0,0,1,1,0,1,4,0
Raven Johnson,IND,IND vs. GS,05/22/2026,2026,W,15,7,3,5,60.0,1,2,50.0,0,0,0.0,0,2,2,2,0,0,2,4,+5
Kayla Thornton,GS,GS @ IND,05/22/2026,2026,L,27,10,3,5,60.0,1,2,50.0,3,3,100.0,0,2,2,0,1,0,1,3,-9
Isobel Borlase,ATL,ATL vs. DAL,05/22/2026,2026,W,2,2,1,1,100.0,0,0,0.0,0,0,0.0,0,1,1,0,0,0,0,1,+4
Gabby Williams,GS,GS @ IND,05/22/2026,2026,L,22,6,2,8,25.0,0,3,0.0,2,2,100.0,0,0,0,3,4,0,3,0,-6
Aaliyah Nye,ATL,ATL vs. DAL,05/22/2026,2026,W,1,0,0,0,0.0,0,0,0.0,0,0,0.0,0,0,0,0,0,0,0,0,0
Aziaha James,DAL,DAL @ ATL,05/22/2026,2026,L,18,6,2,6,33.3,1,4,25.0,1,2,50.0,0,4,4,5,3,1,1,3,-2
Natasha Mack,PHX,PHX vs. LA,05/22/2026,2026,L,28,10,4,6,66.7,0,0,0.0,2,3,66.7,6,3,9,2,2,0,1,4,+3
Kahleah Copper,PHX,PHX vs. LA,05/22/2026,2026,L,36,22,7,20,35.0,1,7,14.3,7,10,70.0,0,5,5,2,0,0,4,2,-14
Jovana Nogic,PHX,PHX vs. LA,05/22/2026,2026,L,30,15,5,11,45.5,3,6,50.0,2,3,66.7,0,1,1,3,1,0,1,5,-5
Odyssey Sims,DAL,DAL @ ATL,05/22/2026,2026,L,21,14,5,6,83.3,1,2,50.0,3,3,100.0,0,1,1,5,2,0,1,2,+4
Alysha Clark,DAL,DAL @ ATL,05/22/2026,2026,L,4,0,0,1,0.0,0,1,0.0,0,0,0.0,0,0,0,0,0,1,1,0,0
Li Yueru,DAL,DAL @ ATL,05/22/2026,2026,L,5,0,0,0,0.0,0,0,0.0,0,0,0.0,0,0,0,0,0,0,0,0,+1
Sika Kone,ATL,ATL vs. DAL,05/22/2026,2026,W,4,2,1,2,50.0,0,0,0.0,0,0,0.0,0,1,1,0,0,0,0,0,+9
Te-Hina Paopao,ATL,ATL vs. DAL,05/22/2026,2026,W,13,9,3,4,75.0,3,3,100.0,0,0,0.0,0,2,2,2,0,0,2,0,+4
Skylar Diggins,CHI,CHI vs. DAL,05/21/2026,2026,L,34,15,6,14,42.9,2,6,33.3,1,2,50.0,0,1,1,4,1,1,2,3,-12
Jessica Shepard,DAL,DAL @ CHI,05/21/2026,2026,W,31,18,6,7,85.7,0,1,0.0,6,9,66.7,1,9,10,12,0,0,1,3,+10
Arike Ogunbowale,DAL,DAL @ CHI,05/21/2026,2026,W,32,23,7,16,43.8,4,6,66.7,5,5,100.0,0,2,2,5,0,0,1,2,+7
Natasha Cloud,CHI,CHI vs. DAL,05/21/2026,2026,L,35,21,6,12,50.0,1,5,20.0,8,8,100.0,0,8,8,5,1,1,4,4,-7
Paige Bueckers,DAL,DAL @ CHI,05/21/2026,2026,W,33,24,11,19,57.9,1,3,33.3,1,1,100.0,0,3,3,4,0,0,3,3,+5
Li Yueru,DAL,DAL @ CHI,05/21/2026,2026,W,20,7,1,4,25.0,1,3,33.3,4,6,66.7,4,5,9,3,1,0,1,3,+18
Azzi Fudd,DAL,DAL @ CHI,05/21/2026,2026,W,28,12,4,6,66.7,2,2,100.0,2,2,100.0,0,0,0,1,0,0,1,1,+6
Aaliyah Edwards,CON,CON @ SEA,05/21/2026,2026,W,27,12,5,12,41.7,0,2,0.0,2,2,100.0,2,2,4,3,1,0,4,4,-2
Kamilla Cardoso,CHI,CHI vs. DAL,05/21/2026,2026,L,33,24,10,14,71.4,0,0,0.0,4,6,66.7,4,7,11,5,0,1,0,2,-12
Jade Melbourne,SEA,SEA vs. CON,05/21/2026,2026,L,30,11,1,4,25.0,0,1,0.0,9,10,90.0,0,2,2,3,0,1,5,1,-7
Diamond Miller,CON,CON @ SEA,05/21/2026,2026,W,15,2,1,6,16.7,0,3,0.0,0,0,0.0,1,1,2,0,0,1,0,0,-8
Lexie Brown,SEA,SEA vs. CON,05/21/2026,2026,L,22,5,2,6,33.3,0,1,0.0,1,1,100.0,0,2,2,2,2,0,0,3,0
Rachel Banham,CHI,CHI vs. DAL,05/21/2026,2026,L,15,10,3,8,37.5,2,6,33.3,2,2,100.0,0,0,0,1,0,0,1,3,-6
Nell Angloma,CON,CON @ SEA,05/21/2026,2026,W,29,15,7,12,58.3,0,0,0.0,1,4,25.0,1,6,7,0,3,1,1,3,+8
Zia Cooke,SEA,SEA vs. CON,05/21/2026,2026,L,19,10,4,10,40.0,0,3,0.0,2,2,100.0,1,3,4,1,1,0,5,0,+1
Elizabeth Williams,CHI,CHI vs. DAL,05/21/2026,2026,L,18,5,2,4,50.0,0,0,0.0,1,2,50.0,1,2,3,1,1,2,1,2,-6
Natisha Hiedeman,SEA,SEA vs. CON,05/21/2026,2026,L,30,20,8,18,44.4,3,9,33.3,1,1,100.0,0,1,1,5,1,0,1,1,+3
Stefanie Dolson,SEA,SEA vs. CON,05/21/2026,2026,L,28,3,0,4,0.0,0,2,0.0,3,4,75.0,1,2,3,2,0,2,2,2,+4
Ashlon Jackson,CON,CON @ SEA,05/21/2026,2026,W,15,4,2,3,66.7,0,1,0.0,0,0,0.0,0,1,1,1,2,0,0,2,-13
Kennedy Burke,CON,CON @ SEA,05/21/2026,2026,W,23,15,5,8,62.5,3,5,60.0,2,3,66.7,1,5,6,1,0,1,0,2,+3
Raven Johnson,IND,IND vs. POR,05/20/2026,2026,W,22,9,3,12,25.0,1,8,12.5,2,2,100.0,0,3,3,1,0,1,3,4,-8
Shatori Walker-Kimbrough,IND,IND vs. POR,05/20/2026,2026,W,3,0,0,0,0.0,0,0,0.0,0,0,0.0,0,0,0,0,0,0,0,0,-5
Makayla Timpson,IND,IND vs. POR,05/20/2026,2026,W,20,2,1,1,100.0,0,0,0.0,0,2,0.0,2,3,5,0,0,0,0,2,+11
Tyasha Harris,IND,IND vs. POR,05/20/2026,2026,W,29,0,0,6,0.0,0,4,0.0,0,0,0.0,0,1,1,7,2,0,0,4,+17
Monique Billings,IND,IND vs. POR,05/20/2026,2026,W,21,9,2,7,28.6,0,1,0.0,5,5,100.0,1,3,4,1,1,1,1,0,+1
Haley Jones,POR,POR @ IND,05/20/2026,2026,L,13,6,2,4,50.0,0,1,0.0,2,2,100.0,1,2,3,1,0,0,0,2,+6
Holly Winterburn,POR,POR @ IND,05/20/2026,2026,L,8,4,1,2,50.0,0,1,0.0,2,2,100.0,0,2,2,1,0,0,1,2,+4
Serah Williams,POR,POR @ IND,05/20/2026,2026,L,17,6,3,5,60.0,0,0,0.0,0,1,0.0,0,2,2,0,1,0,0,1,+10
Megan DiLeo,POR,POR @ IND,05/20/2026,2026,L,18,4,2,5,40.0,0,2,0.0,0,0,0.0,1,5,6,0,1,2,0,4,-1
Sug Sutton,POR,POR @ IND,05/20/2026,2026,L,24,14,6,8,75.0,0,1,0.0,2,2,100.0,0,1,1,4,1,0,3,1,-9
DeWanna Bonner,PHX,PHX vs. TOR,05/20/2026,2026,L,30,13,4,11,36.4,0,4,0.0,5,5,100.0,0,4,4,1,1,0,1,2,-9
Jovana Nogic,PHX,PHX vs. TOR,05/20/2026,2026,L,29,13,4,15,26.7,2,9,22.2,3,3,100.0,0,0,0,3,0,0,2,4,-19
Maria Conde,TOR,TOR @ PHX,05/20/2026,2026,W,33,2,1,9,11.1,0,4,0.0,0,0,0.0,1,3,4,2,0,1,1,3,+1
Brittney Sykes,TOR,TOR @ PHX,05/20/2026,2026,W,35,31,10,19,52.6,4,8,50.0,7,8,87.5,2,5,7,6,0,0,0,3,+2
Marina Mabrey,TOR,TOR @ PHX,05/20/2026,2026,W,32,30,11,23,47.8,6,14,42.9,2,2,100.0,0,5,5,3,1,1,2,2,+7
Kiki Rice,TOR,TOR @ PHX,05/20/2026,2026,W,34,15,5,7,71.4,2,2,100.0,3,5,60.0,2,5,7,3,2,0,2,5,+13
Alyssa Thomas,PHX,PHX vs. TOR,05/20/2026,2026,L,35,17,6,7,85.7,0,0,0.0,5,6,83.3,3,3,6,8,3,0,2,3,-2
Kahleah Copper,PHX,PHX vs. TOR,05/20/2026,2026,L,35,18,7,18,38.9,0,4,0.0,4,6,66.7,0,3,3,4,0,0,4,1,-14
Noemie Brochant,PHX,PHX vs. TOR,05/20/2026,2026,L,25,5,2,4,50.0,1,2,50.0,0,0,0.0,1,3,4,0,0,1,0,1,-7
Laura Juskaite,TOR,TOR @ PHX,05/20/2026,2026,W,23,10,3,5,60.0,2,3,66.7,2,2,100.0,1,4,5,0,0,0,2,5,+9
Maddy Siegrist,DAL,DAL vs. WSH,05/19/2026,2026,W,20,10,4,9,44.4,2,4,50.0,0,0,0.0,0,0,0,2,0,0,0,3,+19
Alysha Clark,DAL,DAL vs. WSH,05/19/2026,2026,W,7,3,1,2,50.0,1,2,50.0,0,0,0.0,1,0,1,0,0,0,0,0,0
Aziaha James,DAL,DAL vs. WSH,05/19/2026,2026,W,7,8,2,6,33.3,1,2,50.0,3,3,100.0,0,2,2,0,1,0,0,2,+2
Odyssey Sims,DAL,DAL vs. WSH,05/19/2026,2026,W,16,0,0,3,0.0,0,1,0.0,0,0,0.0,0,0,0,4,0,0,4,4,+5
Luisa Geiselsoder,POR,POR vs. CON,05/19/2026,2026,W,25,2,1,5,20.0,0,2,0.0,0,0,0.0,0,2,2,4,0,0,2,4,+19
Cassandre Prosper,WSH,WSH @ DAL,05/19/2026,2026,L,25,6,2,4,50.0,1,2,50.0,1,2,50.0,0,0,0,3,0,0,0,2,-14
Lucy Olsen,WSH,WSH @ DAL,05/19/2026,2026,L,10,8,3,3,100.0,0,0,0.0,2,2,100.0,0,0,0,2,0,0,0,2,+1
Rori Harmon,WSH,WSH @ DAL,05/19/2026,2026,L,5,2,0,2,0.0,0,1,0.0,2,2,100.0,0,1,1,2,0,0,1,2,-2
Lauren Betts,WSH,WSH @ DAL,05/19/2026,2026,L,15,11,5,7,71.4,0,0,0.0,1,1,100.0,0,3,3,0,0,0,0,1,-7
Angela Dugalic,WSH,WSH @ DAL,05/19/2026,2026,L,13,2,1,2,50.0,0,0,0.0,0,0,0.0,0,3,3,1,0,1,0,1,-12
Awak Kuier,DAL,DAL vs. WSH,05/19/2026,2026,W,20,9,4,6,66.7,0,2,0.0,1,1,100.0,1,2,3,4,3,1,0,1,+11
Sarah Ashlee Barker,POR,POR vs. CON,05/19/2026,2026,W,21,18,7,13,53.8,2,3,66.7,2,4,50.0,3,1,4,3,2,0,2,4,+5
Bridget Carleton,POR,POR vs. CON,05/19/2026,2026,W,33,18,5,12,41.7,2,7,28.6,6,6,100.0,0,5,5,3,3,1,2,2,+9
Nyadiew Puoch,POR,POR vs. CON,05/19/2026,2026,W,21,10,4,8,50.0,0,2,0.0,2,2,100.0,1,3,4,0,1,0,1,2,-7
Emily Engstler,POR,POR vs. CON,05/19/2026,2026,W,28,15,4,7,57.1,2,3,66.7,5,5,100.0,1,2,3,2,2,1,2,3,+6
Charlisse Leger-Walker,CON,CON @ POR,05/19/2026,2026,L,23,10,3,7,42.9,3,4,75.0,1,2,50.0,0,1,1,2,0,0,4,4,-4
Saniya Rivers,CON,CON @ POR,05/19/2026,2026,L,28,9,4,8,50.0,0,3,0.0,1,2,50.0,1,2,3,6,4,0,1,3,0
Aneesah Morrow,CON,CON @ POR,05/19/2026,2026,L,34,12,5,10,50.0,1,4,25.0,1,2,50.0,3,9,12,4,1,1,4,1,+1
Hailey Van Lith,CON,CON @ POR,05/19/2026,2026,L,25,12,5,9,55.6,1,3,33.3,1,2,50.0,0,1,1,3,0,1,2,4,+7
Brittney Griner,CON,CON @ POR,05/19/2026,2026,L,27,16,6,12,50.0,0,0,0.0,4,7,57.1,3,2,5,4,0,2,2,2,+9
Flau'jae Johnson,SEA,SEA @ IND,05/17/2026,2026,L,28,14,3,14,21.4,0,4,0.0,8,9,88.9,2,4,6,0,1,4,2,2,-2
Zia Cooke,SEA,SEA @ IND,05/17/2026,2026,L,22,13,3,11,27.3,2,4,50.0,5,6,83.3,1,0,1,4,0,0,0,4,-3
Myisha Hines-Allen,IND,IND vs. SEA,05/17/2026,2026,W,27,8,3,3,100.0,0,0,0.0,2,2,100.0,2,4,6,4,1,0,1,3,+16
Shatori Walker-Kimbrough,IND,IND vs. SEA,05/17/2026,2026,W,3,0,0,1,0.0,0,0,0.0,0,0,0.0,0,0,0,0,0,0,1,0,-9
Sophie Cunningham,IND,IND vs. SEA,05/17/2026,2026,W,25,17,5,9,55.6,1,5,20.0,6,6,100.0,0,3,3,0,1,1,3,2,+4
Tyasha Harris,IND,IND vs. SEA,05/17/2026,2026,W,13,4,1,4,25.0,0,1,0.0,2,2,100.0,0,4,4,1,0,1,1,1,-8
Raven Johnson,IND,IND vs. SEA,05/17/2026,2026,W,17,0,0,1,0.0,0,1,0.0,0,0,0.0,1,2,3,1,0,1,3,2,0
Stephanie Talbot,LV,LV @ ATL,05/17/2026,2026,W,16,0,0,1,0.0,0,0,0.0,0,0,0.0,1,4,5,2,0,2,0,2,+2
Natasha Cloud,CHI,CHI @ MIN,05/17/2026,2026,W,32,11,5,9,55.6,1,3,33.3,0,2,0.0,0,6,6,7,0,0,4,4,+13
Jacy Sheldon,CHI,CHI @ MIN,05/17/2026,2026,W,32,10,3,7,42.9,1,3,33.3,3,3,100.0,0,1,1,2,4,0,1,1,+9
Gabriela Jaquez,CHI,CHI @ MIN,05/17/2026,2026,W,32,20,6,11,54.5,1,2,50.0,7,7,100.0,1,7,8,1,1,0,2,2,+5
Jade Melbourne,SEA,SEA @ IND,05/17/2026,2026,L,29,12,3,7,42.9,0,2,0.0,6,6,100.0,0,1,1,3,0,0,2,4,-16
A'ja Wilson,LV,LV @ ATL,05/17/2026,2026,W,31,20,6,12,50.0,2,2,100.0,6,7,85.7,0,6,6,1,0,2,4,5,-3
Natisha Hiedeman,SEA,SEA @ IND,05/17/2026,2026,L,31,19,7,18,38.9,3,6,50.0,2,2,100.0,0,2,2,2,1,1,1,3,-2
Chelsea Gray,LV,LV @ ATL,05/17/2026,2026,W,33,21,8,13,61.5,5,8,62.5,0,0,0.0,0,5,5,6,1,1,3,0,+4
Stefanie Dolson,SEA,SEA @ IND,05/17/2026,2026,L,30,6,3,6,50.0,0,2,0.0,0,0,0.0,0,5,5,2,2,1,0,3,-6
Te-Hina Paopao,ATL,ATL vs. LV,05/17/2026,2026,L,36,19,5,14,35.7,4,9,44.4,5,6,83.3,0,2,2,2,1,1,0,4,+6
Aicha Coulibaly,CHI,CHI @ MIN,05/17/2026,2026,W,21,8,1,8,12.5,0,1,0.0,6,6,100.0,1,0,1,1,2,0,0,2,+5
Jordin Canada,ATL,ATL vs. LV,05/17/2026,2026,L,33,11,4,8,50.0,0,2,0.0,3,3,100.0,0,3,3,5,7,0,2,3,-20
Allisha Gray,ATL,ATL vs. LV,05/17/2026,2026,L,37,25,8,18,44.4,1,5,20.0,8,11,72.7,1,8,9,1,0,1,2,4,+1
Angel Reese,ATL,ATL vs. LV,05/17/2026,2026,L,29,9,1,8,12.5,0,1,0.0,7,8,87.5,4,4,8,3,0,1,8,3,-13
Naz Hillmon,ATL,ATL vs. LV,05/17/2026,2026,L,30,6,2,9,22.2,0,3,0.0,2,4,50.0,2,3,5,0,0,0,0,4,+5
Jewell Loyd,LV,LV @ ATL,05/17/2026,2026,W,29,7,2,10,20.0,2,8,25.0,1,2,50.0,0,5,5,1,1,0,0,4,-11
Jackie Young,LV,LV @ ATL,05/17/2026,2026,W,34,0,0,12,0.0,0,5,0.0,0,0,0.0,1,6,7,7,2,2,2,2,+6
Elizabeth Williams,CHI,CHI @ MIN,05/17/2026,2026,W,14,2,1,3,33.3,0,0,0.0,0,0,0.0,2,6,8,0,0,0,2,1,-5
Brittney Sykes,TOR,TOR @ LA,05/17/2026,2026,W,38,38,10,21,47.6,3,8,37.5,15,15,100.0,0,1,1,3,3,1,3,3,+7
Natasha Howard,MIN,MIN vs. CHI,05/17/2026,2026,L,29,17,8,15,53.3,0,1,0.0,1,4,25.0,3,6,9,7,2,0,4,3,+3
Teonni Key,TOR,TOR @ LA,05/17/2026,2026,W,20,6,2,6,33.3,0,1,0.0,2,2,100.0,3,4,7,0,1,1,0,5,0
Nia Coffey,MIN,MIN vs. CHI,05/17/2026,2026,L,25,2,1,4,25.0,0,3,0.0,0,0,0.0,0,3,3,2,0,0,1,5,-1
Kate Martin,LA,LA vs. TOR,05/17/2026,2026,L,18,11,4,7,57.1,3,6,50.0,0,0,0.0,0,0,0,0,1,0,1,0,+9
Kelsey Plum,LA,LA vs. TOR,05/17/2026,2026,L,36,28,9,14,64.3,1,3,33.3,9,11,81.8,0,1,1,7,1,0,3,5,-6
Erica Wheeler,LA,LA vs. TOR,05/17/2026,2026,L,30,4,1,9,11.1,0,3,0.0,2,3,66.7,1,1,2,7,1,1,3,5,-4
Nneka Ogwumike,LA,LA vs. TOR,05/17/2026,2026,L,31,17,6,10,60.0,2,3,66.7,3,4,75.0,0,7,7,3,0,0,2,2,-10
Dearica Hamby,LA,LA vs. TOR,05/17/2026,2026,L,31,21,7,11,63.6,1,2,50.0,6,8,75.0,4,5,9,3,3,0,1,3,-1
Maria Conde,TOR,TOR @ LA,05/17/2026,2026,W,23,5,2,6,33.3,1,4,25.0,0,0,0.0,0,0,0,3,0,0,1,3,+5
Kiki Rice,TOR,TOR @ LA,05/17/2026,2026,W,35,19,5,8,62.5,1,3,33.3,8,10,80.0,1,4,5,2,0,0,0,5,+5
Marina Mabrey,TOR,TOR @ LA,05/17/2026,2026,W,26,14,2,7,28.6,2,4,50.0,8,8,100.0,1,2,3,4,1,0,3,5,+2
Olivia Miles,MIN,MIN vs. CHI,05/17/2026,2026,L,35,13,4,10,40.0,1,4,25.0,4,4,100.0,1,5,6,2,4,1,4,4,+1
Courtney Williams,MIN,MIN vs. CHI,05/17/2026,2026,L,30,17,7,19,36.8,3,6,50.0,0,0,0.0,1,4,5,3,0,0,2,1,-10
Kayla McBride,MIN,MIN vs. CHI,05/17/2026,2026,L,40,20,8,17,47.1,2,6,33.3,2,2,100.0,2,5,7,1,4,1,2,4,-7
Rae Burrell,LA,LA vs. TOR,05/16/2026,2026,W,35,13,5,6,83.3,2,3,66.7,1,2,50.0,1,4,5,2,0,0,5,2,+10
Gabriela Jaquez,CHI,CHI @ PHX,05/16/2026,2026,L,29,13,4,5,80.0,0,1,0.0,5,7,71.4,1,2,3,0,1,0,2,2,-5
Jacy Sheldon,CHI,CHI @ PHX,05/16/2026,2026,L,26,8,3,6,50.0,1,2,50.0,1,1,100.0,0,0,0,3,0,0,2,5,-7
Kamilla Cardoso,CHI,CHI @ PHX,05/16/2026,2026,L,23,7,2,6,33.3,0,0,0.0,3,4,75.0,2,6,8,1,0,1,2,4,-2
Rickea Jackson,CHI,CHI @ PHX,05/16/2026,2026,L,32,29,10,22,45.5,4,10,40.0,5,6,83.3,1,5,6,0,0,3,2,0,-21
Cameron Brink,LA,LA vs. TOR,05/16/2026,2026,W,16,10,3,6,50.0,0,1,0.0,4,6,66.7,0,3,3,1,1,1,1,3,-12
Marina Mabrey,TOR,TOR @ LA,05/16/2026,2026,L,21,7,3,10,30.0,1,6,16.7,0,0,0.0,0,2,2,0,0,1,3,3,-21
Kelsey Plum,LA,LA vs. TOR,05/16/2026,2026,W,33,27,10,16,62.5,4,8,50.0,3,4,75.0,0,0,0,9,3,0,2,3,+8
Erica Wheeler,LA,LA vs. TOR,05/16/2026,2026,W,33,10,3,5,60.0,2,4,50.0,2,2,100.0,0,2,2,7,1,0,3,1,+16
Nneka Ogwumike,LA,LA vs. TOR,05/16/2026,2026,W,32,20,8,11,72.7,1,2,50.0,3,3,100.0,0,5,5,3,1,0,2,4,+14
Kia Nurse,TOR,TOR @ LA,05/16/2026,2026,L,9,4,2,4,50.0,0,2,0.0,0,0,0.0,0,1,1,1,1,0,0,0,+8
Laura Juskaite,TOR,TOR @ LA,05/16/2026,2026,L,25,16,5,9,55.6,2,4,50.0,4,5,80.0,1,2,3,4,4,0,1,5,+19
DeWanna Bonner,PHX,PHX vs. CHI,05/16/2026,2026,W,33,8,3,7,42.9,0,2,0.0,2,2,100.0,1,6,7,0,1,1,2,2,+4
Natasha Cloud,CHI,CHI @ PHX,05/16/2026,2026,L,23,7,3,8,37.5,0,2,0.0,1,3,33.3,0,3,3,7,2,0,1,5,-11
Kahleah Copper,PHX,PHX vs. CHI,05/16/2026,2026,W,34,17,3,16,18.8,1,6,16.7,10,10,100.0,0,5,5,1,3,0,1,2,+8
Alyssa Thomas,PHX,PHX vs. CHI,05/16/2026,2026,W,33,17,5,10,50.0,0,0,0.0,7,7,100.0,2,9,11,6,0,1,4,4,+21
Noemie Brochant,PHX,PHX vs. CHI,05/16/2026,2026,W,11,2,1,1,100.0,0,0,0.0,0,0,0.0,1,1,2,0,0,0,0,3,+6
Nyara Sabally,TOR,TOR @ LA,05/16/2026,2026,L,28,14,5,10,50.0,0,1,0.0,4,4,100.0,5,4,9,3,1,2,0,3,-4
Brittney Sykes,TOR,TOR @ LA,05/16/2026,2026,L,35,27,7,19,36.8,2,7,28.6,11,11,100.0,0,4,4,7,4,0,3,4,-7
Jovana Nogic,PHX,PHX vs. CHI,05/16/2026,2026,W,31,27,6,11,54.5,5,8,62.5,10,11,90.9,2,2,4,0,0,0,1,2,+23
Paige Bueckers,DAL,DAL vs. MIN,05/15/2026,2026,L,31,27,7,13,53.8,3,4,75.0,10,11,90.9,0,3,3,8,0,0,3,2,-6
Lexie Hull,IND,IND vs. WSH,05/15/2026,2026,L,26,9,3,6,50.0,2,4,50.0,1,2,50.0,1,3,4,1,3,0,1,5,+8
Natasha Howard,MIN,MIN @ DAL,05/15/2026,2026,W,35,26,11,14,78.6,0,0,0.0,4,6,66.7,4,1,5,4,0,3,7,4,+11
Nia Coffey,MIN,MIN @ DAL,05/15/2026,2026,W,30,13,5,6,83.3,3,3,100.0,0,0,0.0,0,8,8,1,1,2,1,4,+8
Kayla McBride,MIN,MIN @ DAL,05/15/2026,2026,W,34,11,1,7,14.3,0,2,0.0,9,11,81.8,1,7,8,1,1,1,2,3,+6
Courtney Williams,MIN,MIN @ DAL,05/15/2026,2026,W,31,21,9,10,90.0,3,4,75.0,0,0,0.0,0,5,5,3,2,0,1,3,+3
Olivia Miles,MIN,MIN @ DAL,05/15/2026,2026,W,32,15,7,12,58.3,0,1,0.0,1,1,100.0,1,1,2,6,0,1,3,2,+8
Jessica Shepard,DAL,DAL vs. MIN,05/15/2026,2026,L,31,7,3,8,37.5,0,1,0.0,1,2,50.0,2,4,6,4,1,0,0,3,-13
Alanna Smith,DAL,DAL vs. MIN,05/15/2026,2026,L,27,6,3,6,50.0,0,1,0.0,0,1,0.0,2,2,4,5,2,1,2,3,-6
Odyssey Sims,DAL,DAL vs. MIN,05/15/2026,2026,L,25,11,4,8,50.0,1,2,50.0,2,2,100.0,0,1,1,3,2,0,1,0,-6
Myisha Hines-Allen,IND,IND vs. WSH,05/15/2026,2026,L,21,6,2,4,50.0,0,2,0.0,2,2,100.0,0,2,2,5,2,1,2,4,+5
Arike Ogunbowale,DAL,DAL vs. MIN,05/15/2026,2026,L,30,6,2,11,18.2,1,4,25.0,1,1,100.0,3,1,4,1,0,0,1,3,-1
Caitlin Clark,IND,IND vs. WSH,05/15/2026,2026,L,37,32,10,28,35.7,7,17,41.2,5,5,100.0,1,3,4,10,2,1,4,3,+14
Monique Billings,IND,IND vs. WSH,05/15/2026,2026,L,36,10,4,11,36.4,1,2,50.0,1,2,50.0,6,3,9,3,3,2,0,4,-9
Rori Harmon,WSH,WSH @ IND,05/15/2026,2026,W,9,1,0,0,0.0,0,0,0.0,1,2,50.0,0,1,1,1,1,0,1,1,-2
Cotie McMahon,WSH,WSH @ IND,05/15/2026,2026,W,30,13,5,12,41.7,2,4,50.0,1,2,50.0,0,5,5,2,0,0,1,4,-13
Sonia Citron,WSH,WSH @ IND,05/15/2026,2026,W,38,30,10,14,71.4,1,4,25.0,9,10,90.0,1,5,6,4,1,1,2,1,+7
Shakira Austin,WSH,WSH @ IND,05/15/2026,2026,W,34,19,7,11,63.6,0,0,0.0,5,6,83.3,1,8,9,5,0,3,3,5,+6
Kiki Iriafen,WSH,WSH @ IND,05/15/2026,2026,W,36,25,11,17,64.7,1,1,100.0,2,4,50.0,4,9,13,2,1,1,6,3,+10
Kelsey Mitchell,IND,IND vs. WSH,05/15/2026,2026,L,39,24,10,25,40.0,4,8,50.0,0,2,0.0,0,0,0,0,1,0,3,2,-10
Aubrey Griffin,NY,NY @ POR,05/15/2026,2026,W,2,0,0,0,0.0,0,0,0.0,0,0,0.0,0,1,1,0,0,0,0,1,-2
Cheyenne Parker-Tyus,LV,LV @ CON,05/15/2026,2026,W,14,2,1,1,100.0,0,0,0.0,0,0,0.0,1,1,2,1,0,2,1,2,-9
Nell Angloma,CON,CON vs. LV,05/15/2026,2026,L,14,7,3,6,50.0,0,0,0.0,1,2,50.0,1,0,1,1,0,0,1,2,+4
Stephanie Talbot,LV,LV @ CON,05/15/2026,2026,W,22,1,0,0,0.0,0,0,0.0,1,2,50.0,0,1,1,2,1,0,2,3,+9
Chelsea Gray,LV,LV @ CON,05/15/2026,2026,W,31,12,4,7,57.1,3,5,60.0,1,1,100.0,0,7,7,10,1,0,5,1,+5
Han Xu,NY,NY @ POR,05/15/2026,2026,W,7,3,1,2,50.0,0,0,0.0,1,2,50.0,1,1,2,2,0,0,1,0,-3
Jewell Loyd,LV,LV @ CON,05/15/2026,2026,W,27,6,2,4,50.0,1,3,33.3,1,2,50.0,0,4,4,1,1,0,1,4,-6
Chennedy Carter,LV,LV @ CON,05/15/2026,2026,W,22,18,5,8,62.5,0,1,0.0,8,12,66.7,0,1,1,1,2,1,1,1,-3
Hailey Van Lith,CON,CON vs. LV,05/15/2026,2026,L,22,17,7,11,63.6,3,4,75.0,0,0,0.0,1,0,1,4,0,0,1,1,-4
Aneesah Morrow,CON,CON vs. LV,05/15/2026,2026,L,27,10,4,11,36.4,0,3,0.0,2,2,100.0,2,8,10,2,2,0,2,4,+4
Raegan Beers,CON,CON vs. LV,05/15/2026,2026,L,17,6,2,4,50.0,0,0,0.0,2,2,100.0,2,2,4,2,0,0,1,3,+14
Gianna Kneepkens,CON,CON vs. LV,05/15/2026,2026,L,18,3,1,5,20.0,0,2,0.0,1,1,100.0,2,1,3,1,0,0,2,2,-5
Sarah Ashlee Barker,POR,POR vs. NY,05/15/2026,2026,L,21,6,2,4,50.0,2,3,66.7,0,0,0.0,1,2,3,2,1,0,3,1,+1
Haley Jones,POR,POR vs. NY,05/15/2026,2026,L,15,10,3,6,50.0,0,1,0.0,4,6,66.7,1,2,3,2,1,0,2,2,-6
Serah Williams,POR,POR vs. NY,05/15/2026,2026,L,4,1,0,0,0.0,0,0,0.0,1,2,50.0,0,2,2,1,1,1,0,0,+3
Frieda Buhner,POR,POR vs. NY,05/15/2026,2026,L,14,0,0,3,0.0,0,3,0.0,0,0,0.0,0,0,0,0,0,0,2,2,0
Nyadiew Puoch,POR,POR vs. NY,05/15/2026,2026,L,31,13,5,9,55.6,2,5,40.0,1,1,100.0,1,1,2,2,2,0,1,5,-5
Rebecca Allen,NY,NY @ POR,05/15/2026,2026,W,14,3,1,3,33.3,1,2,50.0,0,0,0.0,0,0,0,1,1,0,0,2,-11
Julie Vanloo,NY,NY @ POR,05/15/2026,2026,W,18,9,3,5,60.0,3,5,60.0,0,0,0.0,0,0,0,4,1,0,2,1,+2
Rebekah Gardner,NY,NY @ POR,05/15/2026,2026,W,20,14,4,7,57.1,2,4,50.0,4,4,100.0,1,4,5,5,0,0,1,1,+5
Gabby Williams,GS,GS vs. CHI,05/14/2026,2026,L,32,18,6,17,35.3,3,6,50.0,3,4,75.0,1,4,5,1,1,1,2,1,-4
Kierstan Bell,LV,LV @ CON,05/14/2026,2026,W,9,0,0,2,0.0,0,1,0.0,0,0,0.0,0,1,1,0,0,0,0,0,-1
Brianna Turner,LV,LV @ CON,05/14/2026,2026,W,18,0,0,0,0.0,0,0,0.0,0,0,0.0,0,5,5,0,0,1,2,2,-3
NaLyssa Smith,LV,LV @ CON,05/14/2026,2026,W,18,6,2,4,50.0,0,0,0.0,2,4,50.0,2,3,5,2,2,0,2,5,+5
Janelle Salaun,GS,GS vs. CHI,05/14/2026,2026,L,17,6,1,5,20.0,1,4,25.0,3,4,75.0,0,1,1,0,0,0,0,1,-9
Laeticia Amihere,GS,GS vs. CHI,05/14/2026,2026,L,11,3,1,2,50.0,0,0,0.0,1,2,50.0,0,1,1,1,1,2,1,0,-4
Veronica Burton,GS,GS vs. CHI,05/14/2026,2026,L,36,16,5,15,33.3,2,6,33.3,4,4,100.0,0,3,3,4,1,0,5,5,+5
Chennedy Carter,LV,LV @ CON,05/14/2026,2026,W,25,27,13,16,81.2,1,2,50.0,0,0,0.0,3,5,8,4,2,0,4,3,+16
Kayla Thornton,GS,GS vs. CHI,05/14/2026,2026,L,30,0,0,11,0.0,0,3,0.0,0,0,0.0,3,3,6,0,0,1,0,1,-2
Elizabeth Williams,CHI,CHI @ GS,05/14/2026,2026,W,13,2,1,2,50.0,0,0,0.0,0,2,0.0,3,3,6,0,0,1,1,1,-1
Gabriela Jaquez,CHI,CHI @ GS,05/14/2026,2026,W,26,7,3,7,42.9,1,2,50.0,0,0,0.0,0,5,5,2,0,0,1,2,+10
Jacy Sheldon,CHI,CHI @ GS,05/14/2026,2026,W,31,12,4,8,50.0,2,5,40.0,2,2,100.0,1,6,7,4,3,1,1,3,+7
Skylar Diggins,CHI,CHI @ GS,05/14/2026,2026,W,34,15,5,16,31.2,1,4,25.0,4,6,66.7,0,5,5,7,1,2,0,2,+8
Rickea Jackson,CHI,CHI @ GS,05/14/2026,2026,W,39,18,6,18,33.3,1,5,20.0,5,6,83.3,2,3,5,5,1,2,1,3,+3
Jewell Loyd,LV,LV @ CON,05/14/2026,2026,W,28,11,4,11,36.4,3,8,37.5,0,0,0.0,0,2,2,1,1,0,2,1,+22
Cameron Brink,LA,LA vs. IND,05/14/2026,2026,L,19,11,4,6,66.7,0,2,0.0,3,4,75.0,1,4,5,1,1,3,3,3,+2
Olivia Nelson-Ododa,CON,CON vs. LV,05/14/2026,2026,L,22,14,5,7,71.4,0,0,0.0,4,4,100.0,0,6,6,3,1,0,2,4,-13
Caitlin Clark,IND,IND @ LA,05/14/2026,2026,W,31,24,9,17,52.9,1,7,14.3,5,5,100.0,0,4,4,9,2,1,6,2,+5
Erica Wheeler,LA,LA vs. IND,05/14/2026,2026,L,21,2,1,5,20.0,0,1,0.0,0,0,0.0,0,1,1,4,2,0,0,5,+3
Charlisse Leger-Walker,CON,CON vs. LV,05/14/2026,2026,L,16,2,1,2,50.0,0,0,0.0,0,0,0.0,0,2,2,2,0,0,2,2,-16
Rae Burrell,LA,LA vs. IND,05/14/2026,2026,L,29,10,4,10,40.0,0,2,0.0,2,2,100.0,1,0,1,1,2,0,1,1,-7
Nneka Ogwumike,LA,LA vs. IND,05/14/2026,2026,L,32,10,3,5,60.0,1,2,50.0,3,4,75.0,0,5,5,0,3,1,3,2,-10
Makayla Timpson,IND,IND @ LA,05/14/2026,2026,W,9,2,1,2,50.0,0,0,0.0,0,0,0.0,0,1,1,1,0,0,0,0,-3
Kelsey Plum,LA,LA vs. IND,05/14/2026,2026,L,37,25,9,16,56.2,1,5,20.0,6,8,75.0,0,1,1,4,1,0,5,3,-10
Sophie Cunningham,IND,IND @ LA,05/14/2026,2026,W,27,12,5,9,55.6,2,5,40.0,0,0,0.0,1,6,7,1,1,0,0,0,+14
Kelsey Mitchell,IND,IND @ LA,05/14/2026,2026,W,27,23,9,17,52.9,3,9,33.3,2,2,100.0,0,0,0,0,1,0,2,3,+14
Monique Billings,IND,IND @ LA,05/14/2026,2026,W,27,9,2,4,50.0,1,1,100.0,4,6,66.7,2,6,8,2,1,0,3,3,+7
Gianna Kneepkens,CON,CON vs. LV,05/14/2026,2026,L,16,4,2,4,50.0,0,1,0.0,0,0,0.0,2,1,3,0,1,0,0,1,-7
Hailey Van Lith,CON,CON vs. LV,05/14/2026,2026,L,22,9,3,5,60.0,1,2,50.0,2,2,100.0,0,0,0,1,2,1,2,1,-14
Raegan Beers,CON,CON vs. LV,05/14/2026,2026,L,14,7,3,8,37.5,0,0,0.0,1,2,50.0,2,1,3,0,1,0,0,4,-5
Paige Bueckers,DAL,DAL vs. ATL,05/13/2026,2026,L,32,15,5,12,41.7,2,4,50.0,3,3,100.0,0,2,2,3,0,1,0,2,-7
Angel Reese,ATL,ATL @ DAL,05/13/2026,2026,W,34,12,4,8,50.0,0,1,0.0,4,4,100.0,8,8,16,2,1,1,3,3,+1
Allisha Gray,ATL,ATL @ DAL,05/13/2026,2026,W,34,26,9,20,45.0,4,9,44.4,4,4,100.0,0,4,4,0,0,1,0,2,+9
Jordin Canada,ATL,ATL @ DAL,05/13/2026,2026,W,31,19,8,15,53.3,3,7,42.9,0,0,0.0,1,6,7,5,3,0,1,3,+3
Rhyne Howard,ATL,ATL @ DAL,05/13/2026,2026,W,37,14,3,14,21.4,1,9,11.1,7,7,100.0,2,1,3,4,1,0,0,4,+4
Jessica Shepard,DAL,DAL vs. ATL,05/13/2026,2026,L,31,12,6,11,54.5,0,0,0.0,0,0,0.0,3,5,8,3,0,0,2,2,-15
Alanna Smith,DAL,DAL vs. ATL,05/13/2026,2026,L,27,2,1,8,12.5,0,6,0.0,0,0,0.0,2,4,6,3,0,1,3,2,-9
Arike Ogunbowale,DAL,DAL vs. ATL,05/13/2026,2026,L,36,20,7,15,46.7,0,4,0.0,6,7,85.7,0,4,4,1,1,0,2,2,-1
DeWanna Bonner,PHX,PHX vs. MIN,05/13/2026,2026,L,30,16,6,16,37.5,2,8,25.0,2,2,100.0,1,6,7,2,0,1,1,3,-8
Alysha Clark,DAL,DAL vs. ATL,05/13/2026,2026,L,14,2,1,2,50.0,0,1,0.0,0,0,0.0,0,4,4,0,0,0,0,2,+5
Natasha Howard,MIN,MIN @ PHX,05/13/2026,2026,W,29,14,6,9,66.7,0,0,0.0,2,6,33.3,4,7,11,2,1,0,4,4,+8
Kiana Williams,PHX,PHX vs. MIN,05/13/2026,2026,L,14,3,1,6,16.7,1,5,20.0,0,0,0.0,0,0,0,1,1,0,0,3,-4
Kahleah Copper,PHX,PHX vs. MIN,05/13/2026,2026,L,35,30,9,21,42.9,2,7,28.6,10,13,76.9,1,0,1,2,2,0,3,2,-1
Natasha Mack,PHX,PHX vs. MIN,05/13/2026,2026,L,28,9,4,5,80.0,0,1,0.0,1,1,100.0,3,7,10,0,1,3,0,2,-5
Alyssa Thomas,PHX,PHX vs. MIN,05/13/2026,2026,L,34,10,2,10,20.0,0,0,0.0,6,13,46.2,0,4,4,8,2,0,4,2,-9
Breanna Stewart,NY,NY @ POR,05/13/2026,2026,L,38,16,4,12,33.3,0,2,0.0,8,8,100.0,1,9,10,4,2,3,2,5,-2
Emma Cechova,MIN,MIN @ PHX,05/13/2026,2026,W,22,11,4,8,50.0,0,1,0.0,3,4,75.0,3,3,6,0,1,1,2,4,-3
Olivia Miles,MIN,MIN @ PHX,05/13/2026,2026,W,26,13,5,10,50.0,0,2,0.0,3,4,75.0,0,6,6,7,0,0,2,4,+6
Naz Hillmon,ATL,ATL @ DAL,05/13/2026,2026,W,36,1,0,5,0.0,0,3,0.0,1,2,50.0,0,3,3,1,0,0,1,4,+12
Marine Johannes,NY,NY @ POR,05/13/2026,2026,L,33,18,6,11,54.5,3,7,42.9,3,3,100.0,2,2,4,4,2,0,2,1,-4
Jonquel Jones,NY,NY @ POR,05/13/2026,2026,L,34,17,6,11,54.5,3,6,50.0,2,2,100.0,1,6,7,3,1,0,4,3,-3
Carla Leite,POR,POR vs. NY,05/13/2026,2026,W,26,21,8,14,57.1,0,1,0.0,5,5,100.0,1,3,4,6,1,0,2,1,+14
Kayla McBride,MIN,MIN @ PHX,05/13/2026,2026,W,33,14,4,10,40.0,2,6,33.3,4,4,100.0,0,2,2,3,1,0,3,1,+4
Maria Conde,TOR,TOR vs. SEA,05/13/2026,2026,W,29,16,6,13,46.2,4,8,50.0,0,0,0.0,2,6,8,0,1,0,1,5,+11
Julie Allemand,TOR,TOR vs. SEA,05/13/2026,2026,W,29,2,1,5,20.0,0,2,0.0,0,0,0.0,0,3,3,6,3,0,3,0,+19
Marina Mabrey,TOR,TOR vs. SEA,05/13/2026,2026,W,29,26,9,20,45.0,6,11,54.5,2,2,100.0,0,4,4,3,4,0,1,0,+14
Brittney Sykes,TOR,TOR vs. SEA,05/13/2026,2026,W,33,18,5,14,35.7,0,2,0.0,8,9,88.9,4,4,8,6,1,1,4,2,+11
Nyara Sabally,TOR,TOR vs. SEA,05/13/2026,2026,W,26,8,2,4,50.0,0,1,0.0,4,6,66.7,2,3,5,3,2,2,2,2,+8
Jade Melbourne,SEA,SEA @ TOR,05/13/2026,2026,L,28,14,5,9,55.6,1,3,33.3,3,3,100.0,1,0,1,6,3,0,4,4,-5
Zia Cooke,SEA,SEA @ TOR,05/13/2026,2026,L,16,7,3,8,37.5,1,5,20.0,0,0,0.0,0,3,3,2,0,0,1,1,0
Flau'jae Johnson,SEA,SEA @ TOR,05/13/2026,2026,L,29,7,2,7,28.6,0,1,0.0,3,4,75.0,1,5,6,2,1,1,3,3,-13
Natisha Hiedeman,SEA,SEA @ TOR,05/13/2026,2026,L,22,5,2,6,33.3,1,4,25.0,0,0,0.0,0,0,0,5,0,0,2,3,-11
Dominique Malonga,SEA,SEA @ TOR,05/13/2026,2026,L,32,21,9,19,47.4,2,3,66.7,1,4,25.0,1,6,7,1,1,1,1,1,-10
Sarah Ashlee Barker,POR,POR vs. NY,05/13/2026,2026,W,22,5,2,5,40.0,1,2,50.0,0,0,0.0,1,1,2,3,0,0,2,1,-1
Luisa Geiselsoder,POR,POR vs. NY,05/13/2026,2026,W,25,13,4,10,40.0,3,6,50.0,2,2,100.0,1,4,5,2,1,1,1,3,+13
Emily Engstler,POR,POR vs. NY,05/13/2026,2026,W,24,6,2,3,66.7,2,3,66.7,0,0,0.0,0,3,3,1,2,3,3,3,-1
Bridget Carleton,POR,POR vs. NY,05/13/2026,2026,W,33,26,9,16,56.2,5,11,45.5,3,3,100.0,0,1,1,0,4,0,0,2,+12
Pauline Astier,NY,NY @ POR,05/13/2026,2026,L,30,24,10,14,71.4,2,3,66.7,2,3,66.7,3,2,5,3,2,0,5,3,-2
Betnijah Laney-Hamilton,NY,NY @ POR,05/13/2026,2026,L,25,10,3,7,42.9,2,6,33.3,2,2,100.0,0,3,3,3,0,0,4,1,-11
Courtney Williams,MIN,MIN @ PHX,05/13/2026,2026,W,30,11,4,13,30.8,1,4,25.0,2,3,66.7,0,3,3,5,2,2,1,2,+7
Alyssa Thomas,PHX,PHX @ GS,05/11/2026,2026,L,38,19,5,9,55.6,0,0,0.0,9,12,75.0,1,8,9,11,0,0,6,5,-9
Janelle Salaun,GS,GS vs. PHX,05/11/2026,2026,W,26,21,7,10,70.0,4,5,80.0,3,3,100.0,1,2,3,2,1,0,0,1,+27
DeWanna Bonner,PHX,PHX @ GS,05/11/2026,2026,L,32,5,2,9,22.2,0,3,0.0,1,1,100.0,1,7,8,3,0,1,1,1,-1
Veronica Burton,GS,GS vs. PHX,05/11/2026,2026,W,32,13,3,9,33.3,1,5,20.0,6,6,100.0,1,2,3,12,3,0,0,3,+12
Kaila Charles,GS,GS vs. PHX,05/11/2026,2026,W,33,7,2,8,25.0,1,5,20.0,2,2,100.0,0,4,4,1,1,0,1,4,-3
Gabby Williams,GS,GS vs. PHX,05/11/2026,2026,W,32,19,7,13,53.8,4,9,44.4,1,1,100.0,1,4,5,3,4,1,4,2,+12
Noemie Brochant,PHX,PHX @ GS,05/11/2026,2026,L,16,9,3,5,60.0,3,5,60.0,0,0,0.0,0,1,1,0,0,0,1,2,-11
Kahleah Copper,PHX,PHX @ GS,05/11/2026,2026,L,36,11,4,15,26.7,1,4,25.0,2,2,100.0,0,1,1,4,1,0,3,2,-16
Natasha Mack,PHX,PHX @ GS,05/11/2026,2026,L,29,11,4,5,80.0,1,1,100.0,2,2,100.0,1,1,2,1,0,1,1,3,-11
Laeticia Amihere,GS,GS vs. PHX,05/11/2026,2026,W,24,13,5,7,71.4,0,0,0.0,3,4,75.0,1,5,6,5,0,3,2,4,+33
Bridget Carleton,POR,POR vs. CHI,05/10/2026,2026,L,30,13,4,10,40.0,3,7,42.9,2,3,66.7,0,1,1,4,1,1,0,1,-6
Stefanie Dolson,SEA,SEA @ CON,05/10/2026,2026,W,21,6,1,3,33.3,0,2,0.0,4,4,100.0,1,3,4,0,0,0,1,5,+11
Sonia Citron,WSH,WSH vs. NY,05/10/2026,2026,L,36,17,4,12,33.3,0,6,0.0,9,10,90.0,3,2,5,2,2,0,2,2,-6
Shakira Austin,WSH,WSH vs. NY,05/10/2026,2026,L,33,16,6,13,46.2,0,1,0.0,4,8,50.0,2,8,10,4,0,0,1,2,+2
Kiki Iriafen,WSH,WSH vs. NY,05/10/2026,2026,L,28,20,7,13,53.8,0,1,0.0,6,7,85.7,6,6,12,3,1,0,2,5,-8
Rebekah Gardner,NY,NY @ WSH,05/10/2026,2026,W,25,9,4,5,80.0,0,1,0.0,1,1,100.0,1,2,3,2,0,0,1,1,-5
Pauline Astier,NY,NY @ WSH,05/10/2026,2026,W,35,18,6,10,60.0,0,2,0.0,6,7,85.7,1,4,5,7,2,0,2,5,-1
Marine Johannes,NY,NY @ WSH,05/10/2026,2026,W,37,25,8,15,53.3,6,13,46.2,3,5,60.0,1,0,1,2,2,0,3,3,+10
Betnijah Laney-Hamilton,NY,NY @ WSH,05/10/2026,2026,W,25,3,0,0,0.0,0,0,0.0,3,4,75.0,1,1,2,0,0,1,0,2,+12
Breanna Stewart,NY,NY @ WSH,05/10/2026,2026,W,39,23,9,23,39.1,1,4,25.0,4,4,100.0,1,8,9,4,2,2,4,5,+9
Sarah Ashlee Barker,POR,POR vs. CHI,05/10/2026,2026,L,24,13,6,9,66.7,1,2,50.0,0,0,0.0,0,4,4,0,1,1,1,4,-15
Carla Leite,POR,POR vs. CHI,05/10/2026,2026,L,29,18,3,11,27.3,1,5,20.0,11,12,91.7,1,2,3,3,0,0,1,3,-2
Luisa Geiselsoder,POR,POR vs. CHI,05/10/2026,2026,L,25,8,2,10,20.0,1,6,16.7,3,3,100.0,1,6,7,3,0,2,0,3,-2
Emily Engstler,POR,POR vs. CHI,05/10/2026,2026,L,23,4,2,6,33.3,0,2,0.0,0,0,0.0,0,2,2,2,1,3,3,5,-3
Gabriela Jaquez,CHI,CHI @ POR,05/10/2026,2026,W,32,10,3,7,42.9,1,1,100.0,3,4,75.0,2,5,7,2,2,0,0,3,+14
Naz Hillmon,ATL,ATL @ MIN,05/10/2026,2026,W,33,15,6,10,60.0,2,5,40.0,1,2,50.0,3,4,7,2,1,0,0,0,+11
Jacy Sheldon,CHI,CHI @ POR,05/10/2026,2026,W,34,13,4,7,57.1,1,3,33.3,4,4,100.0,0,4,4,4,1,3,0,3,+17
Skylar Diggins,CHI,CHI @ POR,05/10/2026,2026,W,33,21,8,12,66.7,2,3,66.7,3,5,60.0,2,9,11,7,1,2,2,2,+10
Kamilla Cardoso,CHI,CHI @ POR,05/10/2026,2026,W,25,22,8,15,53.3,0,0,0.0,6,8,75.0,8,6,14,1,0,1,2,3,+3
Rickea Jackson,CHI,CHI @ POR,05/10/2026,2026,W,36,19,5,14,35.7,1,4,25.0,8,10,80.0,1,6,7,3,0,1,3,4,+10
Dominique Malonga,SEA,SEA @ CON,05/10/2026,2026,W,20,6,2,6,33.3,0,0,0.0,2,2,100.0,0,7,7,0,2,3,2,4,+15
Flau'jae Johnson,SEA,SEA @ CON,05/10/2026,2026,W,30,16,3,10,30.0,1,3,33.3,9,10,90.0,1,5,6,1,3,1,1,2,+11
Jade Melbourne,SEA,SEA @ CON,05/10/2026,2026,W,23,15,4,7,57.1,1,2,50.0,6,11,54.5,0,1,1,6,1,1,1,3,+4
Brittney Griner,CON,CON vs. SEA,05/10/2026,2026,L,28,16,6,11,54.5,0,1,0.0,4,4,100.0,3,3,6,0,2,0,2,5,-9
Kennedy Burke,CON,CON vs. SEA,05/10/2026,2026,L,34,12,3,11,27.3,2,6,33.3,4,6,66.7,1,5,6,5,0,2,5,3,+5
Charlisse Leger-Walker,CON,CON vs. SEA,05/10/2026,2026,L,20,6,2,6,33.3,0,2,0.0,2,2,100.0,1,1,2,2,1,0,1,4,-11
Aneesah Morrow,CON,CON vs. SEA,05/10/2026,2026,L,31,17,7,15,46.7,3,6,50.0,0,2,0.0,3,13,16,1,1,0,2,1,-1
Hailey Van Lith,CON,CON vs. SEA,05/10/2026,2026,L,20,9,4,8,50.0,1,2,50.0,0,0,0.0,0,3,3,4,1,0,1,4,+4
Alex Wilson,WSH,WSH vs. NY,05/10/2026,2026,L,24,5,2,9,22.2,1,6,16.7,0,0,0.0,4,0,4,2,0,0,2,3,0
Lucy Olsen,WSH,WSH vs. NY,05/10/2026,2026,L,5,5,2,2,100.0,1,1,100.0,0,0,0.0,0,0,0,1,0,0,0,1,+4
Angel Reese,ATL,ATL @ MIN,05/10/2026,2026,W,32,11,4,11,36.4,0,0,0.0,3,6,50.0,9,5,14,2,2,3,5,5,-3
Chance Gray,LA,LA vs. LV,05/10/2026,2026,L,8,0,0,2,0.0,0,1,0.0,0,0,0.0,0,1,1,1,0,0,0,0,-5
Stephanie Talbot,LV,LV @ LA,05/10/2026,2026,W,18,8,4,5,80.0,0,1,0.0,0,0,0.0,0,2,2,3,3,0,1,0,+5
Cheyenne Parker-Tyus,LV,LV @ LA,05/10/2026,2026,W,3,2,1,1,100.0,0,0,0.0,0,0,0.0,0,0,0,1,1,1,0,0,+4
Brianna Turner,LV,LV @ LA,05/10/2026,2026,W,16,4,2,3,66.7,0,0,0.0,0,0,0.0,2,4,6,1,2,2,0,1,+16
Allisha Gray,ATL,ATL @ MIN,05/10/2026,2026,W,33,24,7,18,38.9,1,8,12.5,9,11,81.8,2,6,8,3,2,1,4,2,+13
Chennedy Carter,LV,LV @ LA,05/10/2026,2026,W,20,22,9,13,69.2,1,3,33.3,3,5,60.0,1,0,1,0,2,0,2,3,+28
Emma Cannon,LA,LA vs. LV,05/10/2026,2026,L,2,3,1,1,100.0,1,1,100.0,0,0,0.0,0,0,0,0,0,0,2,1,+1
Sania Feagin,LA,LA vs. LV,05/10/2026,2026,L,3,0,0,0,0.0,0,0,0.0,0,0,0.0,0,0,0,0,0,0,0,1,-4
Jihyun Park,LA,LA vs. LV,05/10/2026,2026,L,2,0,0,1,0.0,0,0,0.0,0,0,0.0,0,0,0,0,0,0,0,0,+1
Ta'Niya Latson,LA,LA vs. LV,05/10/2026,2026,L,5,2,1,1,100.0,0,0,0.0,0,0,0.0,0,1,1,0,0,0,1,0,-2
Kierstan Bell,LV,LV @ LA,05/10/2026,2026,W,8,0,0,1,0.0,0,1,0.0,0,0,0.0,0,0,0,1,0,1,0,0,+8
Jordan Horston,SEA,SEA @ CON,05/10/2026,2026,W,15,4,1,4,25.0,0,1,0.0,2,2,100.0,1,2,3,1,1,1,3,0,-4
Olivia Miles,MIN,MIN vs. ATL,05/10/2026,2026,L,34,21,6,14,42.9,1,2,50.0,8,8,100.0,0,3,3,8,2,2,3,3,0
Courtney Williams,MIN,MIN vs. ATL,05/10/2026,2026,L,32,14,7,18,38.9,0,4,0.0,0,0,0.0,0,6,6,6,3,0,2,1,-8
Kayla McBride,MIN,MIN vs. ATL,05/10/2026,2026,L,33,20,7,13,53.8,2,6,33.3,4,5,80.0,0,2,2,2,1,0,1,0,-6
Nia Coffey,MIN,MIN vs. ATL,05/10/2026,2026,L,31,3,1,4,25.0,1,3,33.3,0,0,0.0,0,3,3,1,1,3,0,2,-8
Rhyne Howard,ATL,ATL @ MIN,05/10/2026,2026,W,38,15,4,10,40.0,3,7,42.9,4,5,80.0,1,5,6,5,3,1,3,4,+5
Jordin Canada,ATL,ATL @ MIN,05/10/2026,2026,W,27,12,4,7,57.1,1,3,33.3,3,4,75.0,1,1,2,6,0,0,4,0,+2
Emese Hof,MIN,MIN vs. ATL,05/10/2026,2026,L,4,2,1,2,50.0,0,0,0.0,0,0,0.0,0,0,0,0,0,0,0,1,-4
Arike Ogunbowale,DAL,DAL @ IND,05/09/2026,2026,W,29,22,8,15,53.3,3,7,42.9,3,3,100.0,0,1,1,5,0,0,3,5,+6
Kiana Williams,PHX,PHX @ LV,05/09/2026,2026,W,21,11,4,9,44.4,3,7,42.9,0,0,0.0,0,1,1,1,2,0,1,0,+9
Noemie Brochant,PHX,PHX @ LV,05/09/2026,2026,W,18,8,3,6,50.0,1,1,100.0,1,1,100.0,0,3,3,0,0,0,0,0,+9
Anneli Maley,PHX,PHX @ LV,05/09/2026,2026,W,6,1,0,2,0.0,0,0,0.0,1,2,50.0,0,2,2,0,0,0,0,1,-1
Peyton Williams,PHX,PHX @ LV,05/09/2026,2026,W,6,0,0,1,0.0,0,0,0.0,0,0,0.0,0,0,0,2,0,1,0,0,-1
Odyssey Sims,DAL,DAL @ IND,05/09/2026,2026,W,26,20,8,11,72.7,2,3,66.7,2,3,66.7,0,2,2,2,2,0,4,5,-10
Sophie Cunningham,IND,IND vs. DAL,05/09/2026,2026,L,26,3,1,2,50.0,1,1,100.0,0,0,0.0,1,3,4,3,0,0,0,3,-5
Paige Bueckers,DAL,DAL @ IND,05/09/2026,2026,W,32,20,8,10,80.0,1,3,33.3,3,6,50.0,0,3,3,4,1,0,1,2,+8
Aliyah Boston,IND,IND vs. DAL,05/09/2026,2026,L,26,23,9,14,64.3,1,2,50.0,4,6,66.7,2,2,4,3,3,1,1,2,0
Kelsey Mitchell,IND,IND vs. DAL,05/09/2026,2026,L,33,30,11,22,50.0,2,9,22.2,6,7,85.7,3,0,3,4,0,0,2,4,-5
Caitlin Clark,IND,IND vs. DAL,05/09/2026,2026,L,31,20,7,18,38.9,2,9,22.2,4,4,100.0,0,5,5,7,0,0,5,4,+2
Lexie Hull,IND,IND vs. DAL,05/09/2026,2026,L,15,0,0,2,0.0,0,0,0.0,0,0,0.0,0,1,1,0,0,0,1,2,-1
Stephanie Talbot,LV,LV vs. PHX,05/09/2026,2026,L,19,2,1,6,16.7,0,4,0.0,0,0,0.0,0,2,2,0,0,0,1,0,-19
Quionche Carter,PHX,PHX @ LV,05/09/2026,2026,W,12,2,1,2,50.0,0,1,0.0,0,0,0.0,0,1,1,1,0,0,0,1,-1
Alanna Smith,DAL,DAL @ IND,05/09/2026,2026,W,20,6,2,6,33.3,0,1,0.0,2,2,100.0,1,2,3,2,2,1,2,4,-7
NaLyssa Smith,LV,LV vs. PHX,05/09/2026,2026,L,21,11,4,7,57.1,0,0,0.0,3,6,50.0,2,4,6,1,0,2,0,3,-16
Ndjakalenga Mwenentanda,GS,GS @ SEA,05/09/2026,2026,W,1,0,0,0,0.0,0,0,0.0,0,0,0.0,0,0,0,0,0,0,0,0,-2
Jessica Shepard,DAL,DAL @ IND,05/09/2026,2026,W,32,13,5,8,62.5,0,0,0.0,3,5,60.0,1,8,9,9,2,0,2,5,+5
Zia Cooke,SEA,SEA vs. GS,05/09/2026,2026,L,23,15,5,12,41.7,2,3,66.7,3,5,60.0,3,4,7,2,1,0,1,1,+3
Brianna Turner,LV,LV vs. PHX,05/09/2026,2026,L,14,0,0,0,0.0,0,0,0.0,0,0,0.0,2,1,3,0,0,1,1,0,-7
Natisha Hiedeman,SEA,SEA vs. GS,05/09/2026,2026,L,23,6,2,7,28.6,0,4,0.0,2,3,66.7,0,5,5,3,1,0,1,5,-1
Dominique Malonga,SEA,SEA vs. GS,05/09/2026,2026,L,29,21,8,15,53.3,0,2,0.0,5,9,55.6,4,4,8,0,0,2,3,3,-4
Stefanie Dolson,SEA,SEA vs. GS,05/09/2026,2026,L,27,6,2,3,66.7,1,2,50.0,1,2,50.0,1,4,5,3,0,2,2,3,-5
Flau'jae Johnson,SEA,SEA vs. GS,05/09/2026,2026,L,26,12,3,12,25.0,3,7,42.9,3,3,100.0,0,2,2,2,1,0,2,2,-6
Kaitlyn Chen,GS,GS @ SEA,05/09/2026,2026,W,16,14,5,10,50.0,2,3,66.7,2,2,100.0,0,1,1,2,0,0,0,0,+6
Miela Sowah,GS,GS @ SEA,05/09/2026,2026,W,3,0,0,1,0.0,0,1,0.0,0,0,0.0,0,0,0,0,0,0,0,0,-6
Janelle Salaun,GS,GS @ SEA,05/09/2026,2026,W,27,20,7,16,43.8,5,11,45.5,1,3,33.3,0,2,2,1,0,1,1,4,+10
Laeticia Amihere,GS,GS @ SEA,05/09/2026,2026,W,16,3,1,3,33.3,0,1,0.0,1,3,33.3,3,1,4,1,0,0,1,4,+1
Chennedy Carter,LV,LV vs. PHX,05/09/2026,2026,L,19,10,5,8,62.5,0,0,0.0,0,0,0.0,0,2,2,2,2,0,3,5,-9
Kierstan Bell,LV,LV vs. PHX,05/09/2026,2026,L,19,0,0,4,0.0,0,1,0.0,0,0,0.0,0,6,6,1,1,0,2,1,-14
Rebekah Gardner,NY,NY vs. CON,05/08/2026,2026,W,22,9,3,6,50.0,0,1,0.0,3,4,75.0,2,2,4,0,1,0,2,5,+26
Han Xu,NY,NY vs. CON,05/08/2026,2026,W,22,8,3,8,37.5,2,6,33.3,0,0,0.0,0,2,2,1,0,1,1,2,+25
Aubrey Griffin,NY,NY vs. CON,05/08/2026,2026,W,5,2,1,1,100.0,0,0,0.0,0,0,0.0,0,0,0,0,0,0,1,0,+6
Betnijah Laney-Hamilton,NY,NY vs. CON,05/08/2026,2026,W,28,12,4,7,57.1,0,3,0.0,4,4,100.0,0,2,2,4,0,0,2,0,+15
Saniya Rivers,CON,CON @ NY,05/08/2026,2026,L,26,5,2,6,33.3,0,1,0.0,1,2,50.0,0,2,2,6,0,1,4,2,-27
Kennedy Burke,CON,CON @ NY,05/08/2026,2026,L,24,4,2,8,25.0,0,1,0.0,0,0,0.0,2,1,3,3,0,1,0,4,-22
Brittney Griner,CON,CON @ NY,05/08/2026,2026,L,27,13,6,11,54.5,0,1,0.0,1,1,100.0,3,3,6,2,0,0,2,2,-21
Aneesah Morrow,CON,CON @ NY,05/08/2026,2026,L,24,15,7,15,46.7,1,5,20.0,0,0,0.0,3,3,6,0,1,0,5,5,-15
Diamond Miller,CON,CON @ NY,05/08/2026,2026,L,25,16,6,16,37.5,1,6,16.7,3,5,60.0,1,2,3,1,2,0,2,3,-15
Julie Vanloo,NY,NY vs. CON,05/08/2026,2026,W,22,12,3,4,75.0,2,3,66.7,4,4,100.0,1,6,7,11,1,0,3,2,+31
Kiki Iriafen,WSH,WSH @ TOR,05/08/2026,2026,W,28,12,5,9,55.6,0,2,0.0,2,4,50.0,4,12,16,2,0,1,2,5,+13
Shakira Austin,WSH,WSH @ TOR,05/08/2026,2026,W,28,18,6,13,46.2,0,1,0.0,6,10,60.0,0,11,11,2,2,2,2,4,+13
Brittney Sykes,TOR,TOR vs. WSH,05/08/2026,2026,L,28,14,4,18,22.2,0,5,0.0,6,9,66.7,0,3,3,2,3,0,2,4,-4
Rori Harmon,WSH,WSH @ TOR,05/08/2026,2026,W,20,0,0,2,0.0,0,0,0.0,0,0,0.0,0,2,2,2,3,0,3,4,-13
Lucy Olsen,WSH,WSH @ TOR,05/08/2026,2026,W,10,0,0,3,0.0,0,1,0.0,0,0,0.0,0,0,0,1,0,0,2,0,-7
Nyara Sabally,TOR,TOR vs. WSH,05/08/2026,2026,L,26,8,3,8,37.5,0,2,0.0,2,4,50.0,3,3,6,0,3,1,1,5,-4
Sonia Citron,WSH,WSH @ TOR,05/08/2026,2026,W,34,26,9,12,75.0,3,6,50.0,5,8,62.5,0,2,2,0,2,2,2,2,+13
Marina Mabrey,TOR,TOR vs. WSH,05/08/2026,2026,L,30,27,6,18,33.3,3,9,33.3,12,14,85.7,0,7,7,2,1,0,4,3,-7
Julie Allemand,TOR,TOR vs. WSH,05/08/2026,2026,L,30,3,1,2,50.0,1,2,50.0,0,0,0.0,0,3,3,2,1,0,0,1,-6
Laura Juskaite,TOR,TOR vs. WSH,05/08/2026,2026,L,15,7,2,6,33.3,1,2,50.0,2,2,100.0,1,5,6,0,1,0,2,5,+1
Maddy Westbeld,CHI,CHI vs. NY,09/12/2025,2025,L,28,25,8,12,66.7,5,6,83.3,4,4,100.0,1,6,7,3,1,0,0,3,+12
Natisha Hiedeman,MIN,MIN vs. GS,09/12/2025,2025,W,24,21,8,12,66.7,3,5,60.0,2,2,100.0,1,1,2,1,1,1,3,2,+12
Anastasiia Olairi Kosu,MIN,MIN vs. GS,09/12/2025,2025,W,5,0,0,0,0.0,0,0,0.0,0,0,0.0,1,1,2,1,0,0,1,0,0
Camryn Taylor,MIN,MIN vs. GS,09/12/2025,2025,W,2,0,0,3,0.0,0,1,0.0,0,0,0.0,0,0,0,0,0,0,0,0,0
Carla Leite,GS,GS @ MIN,09/12/2025,2025,L,12,1,0,3,0.0,0,1,0.0,1,2,50.0,0,1,1,2,0,0,1,1,0
Kaitlyn Chen,GS,GS @ MIN,09/12/2025,2025,L,5,0,0,0,0.0,0,0,0.0,0,0,0.0,0,0,0,0,0,0,0,0,0
Kate Martin,GS,GS @ MIN,09/12/2025,2025,L,5,0,0,3,0.0,0,2,0.0,0,0,0.0,0,0,0,0,0,0,0,0,0
Laeticia Amihere,GS,GS @ MIN,09/12/2025,2025,L,5,3,1,1,100.0,1,1,100.0,0,0,0.0,0,1,1,0,0,0,2,0,0
Monique Billings,GS,GS @ MIN,09/12/2025,2025,L,15,6,2,3,66.7,0,0,0.0,2,2,100.0,1,0,1,1,1,1,0,2,-9
Marine Johannes,NY,NY @ CHI,09/12/2025,2025,W,11,3,1,3,33.3,1,3,33.3,0,0,0.0,0,0,0,2,1,0,0,1,-10
Kia Nurse,CHI,CHI vs. NY,09/12/2025,2025,L,32,10,4,10,40.0,2,7,28.6,0,0,0.0,0,3,3,2,0,0,1,1,+6
Rachel Banham,CHI,CHI vs. NY,09/12/2025,2025,L,33,13,4,11,36.4,2,7,28.6,3,5,60.0,0,3,3,10,1,0,3,2,-5
Kamilla Cardoso,CHI,CHI vs. NY,09/12/2025,2025,L,36,21,10,15,66.7,0,0,0.0,1,1,100.0,1,4,5,2,1,4,1,1,+1
Michaela Onyenwere,CHI,CHI vs. NY,09/12/2025,2025,L,32,11,4,8,50.0,1,4,25.0,2,2,100.0,1,5,6,1,0,0,4,4,+5
Kathryn Westbeld,PHX,PHX @ DAL,09/12/2025,2025,L,20,9,1,2,50.0,0,0,0.0,7,8,87.5,1,2,3,1,1,0,2,0,-11
Rebekah Gardner,NY,NY @ CHI,09/12/2025,2025,W,16,15,5,5,100.0,3,3,100.0,2,3,66.7,2,0,2,0,3,0,1,2,-21
Nyara Sabally,NY,NY @ CHI,09/12/2025,2025,W,11,4,2,4,50.0,0,0,0.0,0,0,0.0,1,2,3,0,0,1,0,1,-11
Stephanie Talbot,NY,NY @ CHI,09/12/2025,2025,W,10,2,1,3,33.3,0,1,0.0,0,0,0.0,0,0,0,0,0,0,2,1,-15
Isabelle Harrison,NY,NY @ CHI,09/12/2025,2025,W,15,0,0,6,0.0,0,1,0.0,0,0,0.0,2,3,5,2,0,0,2,1,-10
Jaylyn Sherrod,MIN,MIN vs. GS,09/12/2025,2025,W,2,2,1,1,100.0,0,0,0.0,0,0,0.0,0,1,1,0,1,0,0,0,0
Maria Kliundikova,MIN,MIN vs. GS,09/12/2025,2025,W,9,2,1,1,100.0,0,0,0.0,0,0,0.0,1,3,4,0,1,0,0,2,-2
Julie Vanloo,LA,LA vs. LV,09/12/2025,2025,L,21,2,1,7,14.3,0,5,0.0,0,0,0.0,0,2,2,4,0,0,1,2,-9
Haley Jones,DAL,DAL vs. PHX,09/12/2025,2025,W,22,6,3,7,42.9,0,1,0.0,0,2,0.0,0,2,2,3,1,2,3,2,-7
Sania Feagin,LA,LA vs. LV,09/12/2025,2025,L,10,4,2,2,100.0,0,0,0.0,0,0,0.0,0,0,0,2,0,0,0,3,-3
Emma Cannon,LA,LA vs. LV,09/12/2025,2025,L,7,0,0,1,0.0,0,1,0.0,0,0,0.0,0,1,1,1,1,0,1,0,-1
Sarah Ashlee Barker,LA,LA vs. LV,09/12/2025,2025,L,38,15,7,12,58.3,1,5,20.0,0,0,0.0,0,2,2,2,1,0,1,1,-30
Rae Burrell,LA,LA vs. LV,09/12/2025,2025,L,27,10,4,11,36.4,1,4,25.0,1,1,100.0,1,1,2,1,0,0,3,0,-21
Dana Evans,LV,LV @ LA,09/12/2025,2025,W,17,0,0,4,0.0,0,1,0.0,0,0,0.0,2,1,3,5,0,0,5,2,-6
Megan DiLeo,LV,LV @ LA,09/12/2025,2025,W,6,3,1,1,100.0,1,1,100.0,0,0,0.0,0,1,1,0,1,0,0,0,-6
Kiah Stokes,LV,LV @ LA,09/12/2025,2025,W,5,0,0,0,0.0,0,0,0.0,0,0,0.0,1,0,1,0,0,0,0,0,-7
Cheyenne Parker-Tyus,LV,LV @ LA,09/12/2025,2025,W,6,8,2,3,66.7,1,1,100.0,3,4,75.0,0,2,2,0,0,0,0,1,-5
Aaliyah Nye,LV,LV @ LA,09/12/2025,2025,W,19,6,2,7,28.6,2,7,28.6,0,0,0.0,0,2,2,2,0,0,0,1,+5
Christyn Williams,DAL,DAL vs. PHX,09/12/2025,2025,W,4,2,1,2,50.0,0,0,0.0,0,0,0.0,0,0,0,0,0,0,0,1,-3
Ajae Petty,DAL,DAL vs. PHX,09/12/2025,2025,W,3,0,0,0,0.0,0,0,0.0,0,0,0.0,0,0,0,0,0,0,0,0,-4
Diamond Miller,DAL,DAL vs. PHX,09/12/2025,2025,W,21,4,1,6,16.7,0,3,0.0,2,2,100.0,1,6,7,2,1,1,0,3,+14
Aziaha James,DAL,DAL vs. PHX,09/12/2025,2025,W,31,20,9,17,52.9,2,7,28.6,0,1,0.0,4,5,9,1,2,0,3,1,+29
Kiana Williams,PHX,PHX @ DAL,09/12/2025,2025,L,19,8,3,7,42.9,2,5,40.0,0,0,0.0,0,1,1,2,2,0,3,3,-14
Kitija Laksa,PHX,PHX @ DAL,09/12/2025,2025,L,24,8,3,5,60.0,2,4,50.0,0,0,0.0,0,1,1,1,0,0,1,4,-25
Kalani Brown,PHX,PHX @ DAL,09/12/2025,2025,L,24,12,5,7,71.4,1,1,100.0,1,2,50.0,1,4,5,0,0,1,2,2,-22
Lexi Held,PHX,PHX @ DAL,09/12/2025,2025,L,18,5,2,5,40.0,1,3,33.3,0,0,0.0,0,2,2,2,0,0,2,1,-15
Azura Stevens,LA,LA @ PHX,09/10/2025,2025,W,27,8,1,9,11.1,1,8,12.5,5,6,83.3,2,7,9,3,1,0,0,1,+15
Kelsey Plum,LA,LA @ PHX,09/10/2025,2025,W,33,17,6,15,40.0,4,8,50.0,1,3,33.3,0,1,1,5,1,0,1,3,+5
Lexi Held,PHX,PHX vs. LA,09/10/2025,2025,L,15,4,2,4,50.0,0,0,0.0,0,0,0.0,0,0,0,3,0,0,1,1,-7
Kiana Williams,PHX,PHX vs. LA,09/10/2025,2025,L,10,7,2,8,25.0,2,6,33.3,1,2,50.0,0,2,2,1,0,0,1,0,-6
Kitija Laksa,PHX,PHX vs. LA,09/10/2025,2025,L,16,3,0,2,0.0,0,1,0.0,3,3,100.0,0,1,1,1,0,0,1,2,-2
Kalani Brown,PHX,PHX vs. LA,09/10/2025,2025,L,14,7,1,2,50.0,0,0,0.0,5,6,83.3,4,1,5,0,0,1,0,3,-7
Kathryn Westbeld,PHX,PHX vs. LA,09/10/2025,2025,L,21,2,1,5,20.0,0,3,0.0,0,0,0.0,3,3,6,1,2,2,1,3,+3
Sarah Ashlee Barker,LA,LA @ PHX,09/10/2025,2025,W,7,0,0,0,0.0,0,0,0.0,0,0,0.0,1,0,1,1,0,0,2,0,0
Julie Allemand,LA,LA @ PHX,09/10/2025,2025,W,29,7,3,5,60.0,1,3,33.3,0,0,0.0,1,2,3,4,1,1,1,0,+14
Aaliyah Nye,LV,LV vs. CHI,09/10/2025,2025,W,26,2,1,5,20.0,0,2,0.0,0,0,0.0,0,1,1,2,0,0,1,4,+27
Maddy Westbeld,CHI,CHI @ LV,09/10/2025,2025,L,28,7,1,5,20.0,1,4,25.0,4,4,100.0,0,2,2,2,3,1,0,2,-23
Kia Nurse,CHI,CHI @ LV,09/10/2025,2025,L,24,9,3,9,33.3,1,4,25.0,2,2,100.0,1,1,2,0,0,0,1,0,-37
Kiah Stokes,LV,LV vs. CHI,09/10/2025,2025,W,8,0,0,0,0.0,0,0,0.0,0,0,0.0,0,1,1,0,0,1,0,0,+7
Megan DiLeo,LV,LV vs. CHI,09/10/2025,2025,W,3,5,2,4,50.0,1,3,33.3,0,0,0.0,0,2,2,0,0,0,0,0,+1
Jewell Loyd,LV,LV vs. CHI,09/10/2025,2025,W,30,15,5,9,55.6,5,7,71.4,0,0,0.0,1,2,3,1,2,2,0,2,+28
Dana Evans,LV,LV vs. CHI,09/10/2025,2025,W,22,13,5,7,71.4,3,5,60.0,0,0,0.0,0,1,1,6,0,0,0,2,+20
Dearica Hamby,LA,LA @ PHX,09/10/2025,2025,W,29,25,8,15,53.3,0,1,0.0,9,10,90.0,4,5,9,5,1,0,2,1,+1
Temi Fagbenle,GS,GS @ SEA,09/10/2025,2025,L,38,14,6,13,46.2,1,4,25.0,1,2,50.0,2,4,6,1,2,3,1,3,-1
Janelle Salaun,GS,GS @ SEA,09/10/2025,2025,L,35,22,8,13,61.5,5,7,71.4,1,2,50.0,2,4,6,0,1,0,1,0,+5
Rayah Marshall,CON,CON vs. ATL,09/10/2025,2025,L,4,2,0,1,0.0,0,0,0.0,2,2,100.0,1,0,1,0,0,1,1,2,-8
Iliana Rupert,GS,GS @ SEA,09/10/2025,2025,L,17,6,2,6,33.3,2,4,50.0,0,0,0.0,1,2,3,2,1,1,1,2,+9
Te-Hina Paopao,ATL,ATL @ CON,09/10/2025,2025,W,31,6,3,9,33.3,0,5,0.0,0,0,0.0,0,3,3,6,2,1,2,2,+18
Saniya Rivers,CON,CON vs. ATL,09/10/2025,2025,L,36,16,7,16,43.8,1,5,20.0,1,1,100.0,1,2,3,5,1,0,2,3,-14
Lindsay Allen,CON,CON vs. ATL,09/10/2025,2025,L,33,4,1,5,20.0,0,1,0.0,2,2,100.0,1,7,8,1,0,0,0,1,-12
Aneesah Morrow,CON,CON vs. ATL,09/10/2025,2025,L,32,11,3,14,21.4,0,4,0.0,5,8,62.5,4,6,10,0,1,0,1,2,-4
Maya Caldwell,ATL,ATL @ CON,09/10/2025,2025,W,29,3,1,4,25.0,1,3,33.3,0,0,0.0,1,8,9,2,0,0,2,4,+16
Shatori Walker-Kimbrough,ATL,ATL @ CON,09/10/2025,2025,W,4,0,0,0,0.0,0,0,0.0,0,0,0.0,0,0,0,1,0,0,0,0,+2
Sika Kone,ATL,ATL @ CON,09/10/2025,2025,W,1,0,0,0,0.0,0,0,0.0,0,0,0.0,0,0,0,0,0,0,0,0,0
Nia Coffey,ATL,ATL @ CON,09/10/2025,2025,W,15,10,4,9,44.4,2,5,40.0,0,0,0.0,1,2,3,1,0,2,1,2,+6
Rachel Banham,CHI,CHI @ LV,09/10/2025,2025,L,34,4,0,7,0.0,0,7,0.0,4,4,100.0,0,3,3,2,0,1,4,2,-36
Veronica Burton,GS,GS @ SEA,09/10/2025,2025,L,34,14,5,14,35.7,0,5,0.0,4,5,80.0,0,2,2,11,1,0,3,5,+4
Haley Peters,CON,CON vs. ATL,09/10/2025,2025,L,4,0,0,2,0.0,0,0,0.0,0,0,0.0,1,0,1,0,0,0,0,0,+1
Erica Wheeler,SEA,SEA vs. GS,09/10/2025,2025,W,32,17,6,13,46.2,5,7,71.4,0,0,0.0,1,4,5,2,0,0,1,4,+3
Brittney Sykes,SEA,SEA vs. GS,09/10/2025,2025,W,37,14,3,9,33.3,0,2,0.0,8,8,100.0,2,1,3,3,1,0,1,2,-1
Ezi Magbegor,SEA,SEA vs. GS,09/10/2025,2025,W,26,6,2,5,40.0,2,2,100.0,0,0,0.0,3,6,9,0,1,3,4,3,+3
Gabby Williams,SEA,SEA vs. GS,09/10/2025,2025,W,23,2,1,5,20.0,0,0,0.0,0,0,0.0,0,1,1,6,1,0,2,1,+10
Nneka Ogwumike,SEA,SEA vs. GS,09/10/2025,2025,W,32,16,7,13,53.8,0,4,0.0,2,4,50.0,2,6,8,0,1,1,1,0,+1
Kate Martin,GS,GS @ SEA,09/10/2025,2025,L,13,0,0,4,0.0,0,2,0.0,0,0,0.0,2,1,3,0,0,0,0,1,-7
Rebecca Allen,CHI,CHI @ LV,09/10/2025,2025,L,23,7,3,9,33.3,1,5,20.0,0,0,0.0,0,2,2,1,1,1,1,1,-3
Michaela Onyenwere,CHI,CHI @ LV,09/10/2025,2025,L,30,13,4,8,50.0,1,1,100.0,4,4,100.0,1,0,1,1,1,0,2,4,-18
Camryn Taylor,MIN,MIN @ IND,09/09/2025,2025,L,11,3,1,4,25.0,1,2,50.0,0,2,0.0,2,2,4,1,0,0,2,2,+6
Marine Johannes,NY,NY vs. WSH,09/09/2025,2025,W,2,0,0,0,0.0,0,0,0.0,0,0,0.0,0,0,0,0,0,0,0,0,-6
Kiki Iriafen,WSH,WSH @ NY,09/09/2025,2025,L,30,16,6,16,37.5,0,0,0.0,4,7,57.1,1,5,6,2,0,0,1,1,-8
Emily Engstler,WSH,WSH @ NY,09/09/2025,2025,L,5,0,0,0,0.0,0,0,0.0,0,0,0.0,0,3,3,3,0,1,0,1,+4
Madison Scott,WSH,WSH @ NY,09/09/2025,2025,L,2,2,0,0,0.0,0,0,0.0,2,2,100.0,0,0,0,0,0,0,0,0,+6
Lucy Olsen,WSH,WSH @ NY,09/09/2025,2025,L,14,6,3,4,75.0,0,1,0.0,0,0,0.0,0,2,2,2,1,0,0,0,0
Isabelle Harrison,NY,NY vs. WSH,09/09/2025,2025,W,2,2,1,2,50.0,0,1,0.0,0,0,0.0,0,0,0,0,0,0,0,0,-6
Stephanie Talbot,NY,NY vs. WSH,09/09/2025,2025,W,3,0,0,0,0.0,0,0,0.0,0,0,0.0,0,0,0,0,0,0,0,1,-8
Nyara Sabally,NY,NY vs. WSH,09/09/2025,2025,W,2,0,0,1,0.0,0,0,0.0,0,0,0.0,0,0,0,0,0,0,0,0,-6
Rebekah Gardner,NY,NY vs. WSH,09/09/2025,2025,W,15,3,1,4,25.0,1,2,50.0,0,0,0.0,0,0,0,0,0,0,0,1,+6
Jade Melbourne,WSH,WSH @ NY,09/09/2025,2025,L,20,6,3,4,75.0,0,1,0.0,0,0,0.0,0,0,0,3,0,1,2,0,+5
Maria Kliundikova,MIN,MIN @ IND,09/09/2025,2025,L,16,12,6,11,54.5,0,2,0.0,0,0,0.0,2,5,7,0,0,1,1,3,+13
Aerial Powers,IND,IND vs. MIN,09/09/2025,2025,W,20,8,3,5,60.0,2,2,100.0,0,0,0.0,0,1,1,0,0,0,3,2,+10
Shey Peddy,IND,IND vs. MIN,09/09/2025,2025,W,15,3,1,3,33.3,1,1,100.0,0,0,0.0,0,0,0,3,2,0,2,0,-5
Damiris Dantas,IND,IND vs. MIN,09/09/2025,2025,W,17,10,3,6,50.0,2,4,50.0,2,2,100.0,2,4,6,0,0,0,0,0,0
Makayla Timpson,IND,IND vs. MIN,09/09/2025,2025,W,2,0,0,0,0.0,0,0,0.0,0,0,0.0,0,0,0,0,0,1,0,0,-4
Odyssey Sims,IND,IND vs. MIN,09/09/2025,2025,W,33,15,6,14,42.9,0,1,0.0,3,4,75.0,1,0,1,1,1,0,1,0,+4
Jaylyn Sherrod,MIN,MIN @ IND,09/09/2025,2025,L,12,2,1,1,100.0,0,0,0.0,0,0,0.0,0,1,1,0,0,0,0,0,+2
Natisha Hiedeman,MIN,MIN @ IND,09/09/2025,2025,L,25,6,3,9,33.3,0,3,0.0,0,1,0.0,1,1,2,4,2,0,2,0,-3
Anastasiia Olairi Kosu,MIN,MIN @ IND,09/09/2025,2025,L,12,6,3,5,60.0,0,1,0.0,0,2,0.0,3,0,3,1,0,2,1,3,+9
Elizabeth Williams,CHI,CHI @ LV,09/08/2025,2025,L,24,10,5,11,45.5,0,0,0.0,0,0,0.0,3,4,7,3,2,2,4,1,-10
Kierstan Bell,LV,LV vs. CHI,09/08/2025,2025,W,12,0,0,1,0.0,0,1,0.0,0,0,0.0,0,1,1,0,1,0,3,4,+4
Rebecca Allen,CHI,CHI @ LV,09/08/2025,2025,L,19,2,1,5,20.0,0,3,0.0,0,0,0.0,1,2,3,2,0,0,0,0,+1
Maddy Westbeld,CHI,CHI @ LV,09/08/2025,2025,L,19,2,1,7,14.3,0,2,0.0,0,0,0.0,1,2,3,2,0,0,1,1,+2
Sevgi Uzun,CHI,CHI @ LV,09/08/2025,2025,L,32,10,4,9,44.4,0,2,0.0,2,2,100.0,0,3,3,6,1,0,2,0,-2
Rachel Banham,CHI,CHI @ LV,09/08/2025,2025,L,31,12,5,12,41.7,2,6,33.3,0,0,0.0,0,4,4,3,2,0,3,1,-19
Sika Kone,ATL,ATL vs. CON,09/08/2025,2025,W,3,0,0,3,0.0,0,1,0.0,0,0,0.0,0,1,1,1,0,0,0,0,+1
Te-Hina Paopao,ATL,ATL vs. CON,09/08/2025,2025,W,15,5,2,5,40.0,1,4,25.0,0,0,0.0,0,2,2,4,0,0,2,1,+4
Maya Caldwell,ATL,ATL vs. CON,09/08/2025,2025,W,24,11,4,8,50.0,1,4,25.0,2,2,100.0,0,3,3,1,3,0,0,3,+18
Shatori Walker-Kimbrough,ATL,ATL vs. CON,09/08/2025,2025,W,5,0,0,1,0.0,0,1,0.0,0,0,0.0,0,5,5,0,0,0,0,0,-3
Nia Coffey,ATL,ATL vs. CON,09/08/2025,2025,W,10,0,0,1,0.0,0,1,0.0,0,0,0.0,0,3,3,0,0,1,0,0,-6
Kiah Stokes,LV,LV vs. CHI,09/08/2025,2025,W,14,2,1,3,33.3,0,2,0.0,0,0,0.0,1,1,2,1,1,1,0,0,+3
Megan DiLeo,LV,LV vs. CHI,09/08/2025,2025,W,17,4,2,5,40.0,0,2,0.0,0,0,0.0,1,1,2,0,0,1,1,3,+15
Mamignan Toure,CON,CON @ ATL,09/08/2025,2025,L,20,3,1,5,20.0,1,3,33.3,0,0,0.0,1,1,2,3,0,0,1,2,-6
Dana Evans,LV,LV vs. CHI,09/08/2025,2025,W,23,4,2,7,28.6,0,3,0.0,0,0,0.0,0,1,1,3,0,0,0,1,-11
Aaliyah Nye,LV,LV vs. CHI,09/08/2025,2025,W,11,0,0,3,0.0,0,3,0.0,0,0,0.0,0,1,1,1,0,0,0,1,-4
Saniya Rivers,CON,CON @ ATL,09/08/2025,2025,L,29,16,7,17,41.2,2,5,40.0,0,0,0.0,1,3,4,2,0,1,2,3,-22
Lindsay Allen,CON,CON @ ATL,09/08/2025,2025,L,28,4,2,5,40.0,0,2,0.0,0,0,0.0,0,1,1,3,0,0,1,0,-26
Aneesah Morrow,CON,CON @ ATL,09/08/2025,2025,L,31,13,5,12,41.7,2,4,50.0,1,3,33.3,3,11,14,0,1,1,4,1,-23
Rayah Marshall,CON,CON @ ATL,09/08/2025,2025,L,5,0,0,1,0.0,0,0,0.0,0,0,0.0,0,1,1,0,0,1,0,1,-2
Lucy Olsen,WSH,WSH vs. IND,09/07/2025,2025,L,15,4,2,5,40.0,0,1,0.0,0,0,0.0,1,1,2,1,0,1,0,1,-7
Madison Scott,WSH,WSH vs. IND,09/07/2025,2025,L,3,0,0,0,0.0,0,0,0.0,0,0,0.0,0,0,0,0,0,0,0,2,-1
Emily Engstler,WSH,WSH vs. IND,09/07/2025,2025,L,14,4,1,3,33.3,0,1,0.0,2,2,100.0,3,4,7,1,0,1,1,0,-5
Sug Sutton,WSH,WSH vs. IND,09/07/2025,2025,L,25,4,2,8,25.0,0,1,0.0,0,0,0.0,0,3,3,2,2,0,1,0,-10
Aerial Powers,IND,IND @ WSH,09/07/2025,2025,W,26,15,5,10,50.0,2,3,66.7,3,4,75.0,1,5,6,4,2,1,0,5,+21
Shey Peddy,IND,IND @ WSH,09/07/2025,2025,W,20,13,5,5,100.0,3,3,100.0,0,0,0.0,0,2,2,0,1,0,0,0,+12
Bree Hall,IND,IND @ WSH,09/07/2025,2025,W,5,0,0,2,0.0,0,0,0.0,0,0,0.0,0,1,1,0,0,0,0,1,+1
Veronica Burton,GS,GS vs. MIN,09/07/2025,2025,L,32,14,5,10,50.0,1,3,33.3,3,6,50.0,1,5,6,6,0,0,4,3,+2
Jade Melbourne,WSH,WSH vs. IND,09/07/2025,2025,L,22,4,2,5,40.0,0,1,0.0,0,0,0.0,0,0,0,5,1,0,2,4,-18
Makayla Timpson,IND,IND @ WSH,09/07/2025,2025,W,5,3,0,0,0.0,0,0,0.0,3,4,75.0,0,0,0,0,0,0,0,0,+1
Kaila Charles,GS,GS vs. MIN,09/07/2025,2025,L,29,15,7,17,41.2,1,5,20.0,0,0,0.0,0,8,8,3,1,1,2,2,+2
Iliana Rupert,GS,GS vs. MIN,09/07/2025,2025,L,34,15,4,10,40.0,3,9,33.3,4,4,100.0,1,5,6,2,2,0,0,0,-5
Janelle Salaun,GS,GS vs. MIN,09/07/2025,2025,L,34,15,5,14,35.7,3,8,37.5,2,2,100.0,3,5,8,2,1,0,4,3,-7
Natisha Hiedeman,MIN,MIN @ GS,09/07/2025,2025,W,28,24,6,10,60.0,6,10,60.0,6,7,85.7,0,1,1,2,3,1,2,5,+2
Kayla McBride,MIN,MIN @ GS,09/07/2025,2025,W,32,4,1,11,9.1,0,5,0.0,2,2,100.0,0,1,1,3,2,1,2,3,+8
Napheesa Collier,MIN,MIN @ GS,09/07/2025,2025,W,36,20,6,16,37.5,4,8,50.0,4,4,100.0,0,5,5,2,1,1,1,3,+5
Bridget Carleton,MIN,MIN @ GS,09/07/2025,2025,W,27,4,1,5,20.0,1,4,25.0,1,2,50.0,2,2,4,2,1,0,0,1,+1
Jessica Shepard,MIN,MIN @ GS,09/07/2025,2025,W,38,12,6,9,66.7,0,0,0.0,0,0,0.0,4,9,13,3,2,1,1,2,+7
Damiris Dantas,IND,IND @ WSH,09/07/2025,2025,W,11,9,3,5,60.0,3,4,75.0,0,0,0.0,0,2,2,0,0,0,0,1,0
Temi Fagbenle,GS,GS vs. MIN,09/07/2025,2025,L,24,6,3,7,42.9,0,2,0.0,0,0,0.0,3,0,3,0,0,0,1,3,-2
Aziaha James,DAL,DAL @ LA,09/07/2025,2025,L,10,2,0,4,0.0,0,2,0.0,2,2,100.0,0,3,3,0,0,0,1,1,-6
Rae Burrell,LA,LA vs. DAL,09/07/2025,2025,W,23,13,4,12,33.3,2,6,33.3,3,3,100.0,2,0,2,3,3,0,1,1,+13
Grace Berger,DAL,DAL @ LA,09/07/2025,2025,L,28,7,3,7,42.9,1,2,50.0,0,0,0.0,3,3,6,4,0,0,1,1,-13
Ajae Petty,DAL,DAL @ LA,09/07/2025,2025,L,3,0,0,0,0.0,0,0,0.0,0,0,0.0,0,1,1,0,0,0,0,1,+1
Christyn Williams,DAL,DAL @ LA,09/07/2025,2025,L,9,4,2,4,50.0,0,1,0.0,0,0,0.0,0,2,2,0,0,0,0,1,-1
Sania Feagin,LA,LA vs. DAL,09/07/2025,2025,W,2,0,0,1,0.0,0,0,0.0,0,0,0.0,0,1,1,1,0,0,0,0,-1
Alissa Pili,LA,LA vs. DAL,09/07/2025,2025,W,1,0,0,0,0.0,0,0,0.0,0,0,0.0,0,0,0,0,0,0,0,0,0
Julie Vanloo,LA,LA vs. DAL,09/07/2025,2025,W,5,0,0,2,0.0,0,2,0.0,0,0,0.0,0,1,1,0,0,0,1,0,-2
Sarah Ashlee Barker,LA,LA vs. DAL,09/07/2025,2025,W,16,0,0,4,0.0,0,3,0.0,0,2,0.0,0,4,4,3,0,0,1,2,+18
Diamond Miller,DAL,DAL @ LA,09/07/2025,2025,L,8,3,1,3,33.3,1,3,33.3,0,0,0.0,0,1,1,0,0,0,2,2,-5
Erica Wheeler,SEA,SEA vs. NY,09/06/2025,2025,L,22,12,4,9,44.4,2,6,33.3,2,2,100.0,0,1,1,4,1,0,0,3,-5
Alyssa Thomas,PHX,PHX @ CON,09/06/2025,2025,L,32,14,6,15,40.0,0,0,0.0,2,5,40.0,0,8,8,10,2,0,3,4,-5
Saniya Rivers,CON,CON vs. PHX,09/06/2025,2025,W,30,6,2,8,25.0,2,4,50.0,0,0,0.0,1,5,6,5,1,2,3,0,+1
Ezi Magbegor,SEA,SEA vs. NY,09/06/2025,2025,L,31,2,1,6,16.7,0,1,0.0,0,0,0.0,2,4,6,0,0,3,1,3,-15
Gabby Williams,SEA,SEA vs. NY,09/06/2025,2025,L,31,7,3,9,33.3,1,2,50.0,0,0,0.0,0,5,5,3,2,0,1,3,-14
Nneka Ogwumike,SEA,SEA vs. NY,09/06/2025,2025,L,33,20,8,15,53.3,0,2,0.0,4,4,100.0,4,5,9,1,1,0,1,1,+1
Breanna Stewart,NY,NY @ SEA,09/06/2025,2025,W,36,24,5,11,45.5,1,1,100.0,13,14,92.9,1,6,7,4,0,5,2,2,+14
Kennedy Burke,NY,NY @ SEA,09/06/2025,2025,W,24,13,5,9,55.6,1,4,25.0,2,2,100.0,0,2,2,2,1,0,0,2,+17
Natasha Cloud,NY,NY @ SEA,09/06/2025,2025,W,31,10,4,6,66.7,2,4,50.0,0,0,0.0,0,7,7,6,0,3,2,2,0
Jonquel Jones,NY,NY @ SEA,09/06/2025,2025,W,18,2,1,4,25.0,0,1,0.0,0,0,0.0,1,1,2,3,0,1,1,5,+4
Skylar Diggins,SEA,SEA vs. NY,09/06/2025,2025,L,35,14,5,12,41.7,1,6,16.7,3,4,75.0,0,2,2,7,3,1,2,1,-2
Natasha Mack,PHX,PHX @ CON,09/06/2025,2025,L,22,7,3,6,50.0,0,0,0.0,1,2,50.0,4,5,9,1,0,1,1,0,-1
Kahleah Copper,PHX,PHX @ CON,09/06/2025,2025,L,30,18,5,14,35.7,2,9,22.2,6,7,85.7,0,0,0,2,1,0,3,3,-6
Leila Lacan,CON,CON vs. PHX,09/06/2025,2025,W,25,14,4,9,44.4,0,2,0.0,6,6,100.0,0,1,1,0,1,0,3,5,+1
Marina Mabrey,CON,CON vs. PHX,09/06/2025,2025,W,38,23,8,16,50.0,1,5,20.0,6,7,85.7,0,5,5,4,2,0,4,5,+5
Tina Charles,CON,CON vs. PHX,09/06/2025,2025,W,35,22,8,15,53.3,0,0,0.0,6,8,75.0,1,9,10,2,0,2,3,1,-2
Aneesah Morrow,CON,CON vs. PHX,09/06/2025,2025,W,22,9,2,6,33.3,0,3,0.0,5,8,62.5,3,10,13,1,0,0,0,4,+11
Sami Whitcomb,PHX,PHX @ CON,09/06/2025,2025,L,26,13,3,10,30.0,3,8,37.5,4,4,100.0,0,1,1,1,1,0,1,5,-7
DeWanna Bonner,PHX,PHX @ CON,09/06/2025,2025,L,30,9,3,7,42.9,3,6,50.0,0,0,0.0,2,4,6,2,0,0,1,2,0
Leonie Fiebich,NY,NY @ SEA,09/06/2025,2025,W,31,21,6,10,60.0,4,6,66.7,5,5,100.0,1,4,5,1,2,0,2,2,+9
Camryn Taylor,MIN,MIN @ LV,09/05/2025,2025,L,3,0,0,0,0.0,0,0,0.0,0,0,0.0,0,1,1,0,0,0,0,0,+1
Myisha Hines-Allen,DAL,DAL @ GS,09/05/2025,2025,L,37,12,4,9,44.4,0,3,0.0,4,6,66.7,5,6,11,4,1,0,4,2,+5
Jackie Young,LV,LV vs. MIN,09/05/2025,2025,W,33,20,8,12,66.7,4,6,66.7,0,0,0.0,0,2,2,5,1,0,1,2,+8
Aaliyah Nye,LV,LV vs. MIN,09/05/2025,2025,W,16,6,2,4,50.0,2,4,50.0,0,0,0.0,0,2,2,0,1,1,0,1,+6
Chelsea Gray,LV,LV vs. MIN,09/05/2025,2025,W,34,13,5,13,38.5,1,5,20.0,2,2,100.0,0,2,2,10,0,0,4,1,+2
A'ja Wilson,LV,LV vs. MIN,09/05/2025,2025,W,35,31,12,15,80.0,1,1,100.0,6,7,85.7,1,7,8,2,1,2,1,1,+13
Jaylyn Sherrod,MIN,MIN @ LV,09/05/2025,2025,L,5,0,0,1,0.0,0,0,0.0,0,0,0.0,0,0,0,0,0,0,0,0,+3
Natisha Hiedeman,MIN,MIN @ LV,09/05/2025,2025,L,28,22,8,10,80.0,2,3,66.7,4,5,80.0,2,4,6,5,4,0,2,1,-10
Anastasiia Olairi Kosu,MIN,MIN @ LV,09/05/2025,2025,L,5,2,1,1,100.0,0,0,0.0,0,0,0.0,0,0,0,0,0,0,0,0,+3
Maria Kliundikova,MIN,MIN @ LV,09/05/2025,2025,L,7,3,1,1,100.0,0,0,0.0,1,2,50.0,0,0,0,3,0,0,0,2,+5
Monique Billings,GS,GS vs. DAL,09/05/2025,2025,W,23,11,4,10,40.0,0,0,0.0,3,4,75.0,1,6,7,3,1,3,3,2,+17
Veronica Burton,GS,GS vs. DAL,09/05/2025,2025,W,24,15,5,10,50.0,0,3,0.0,5,5,100.0,1,2,3,5,0,1,2,2,-13
Kaila Charles,GS,GS vs. DAL,09/05/2025,2025,W,19,0,0,3,0.0,0,1,0.0,0,0,0.0,2,5,7,3,1,0,1,3,-9
Iliana Rupert,GS,GS vs. DAL,09/05/2025,2025,W,30,10,4,10,40.0,2,4,50.0,0,0,0.0,1,0,1,4,1,3,1,1,-10
Janelle Salaun,GS,GS vs. DAL,09/05/2025,2025,W,37,19,6,10,60.0,3,4,75.0,4,5,80.0,0,6,6,1,0,0,2,2,-2
Jewell Loyd,LV,LV vs. MIN,09/05/2025,2025,W,25,6,2,5,40.0,2,4,50.0,0,0,0.0,2,3,5,3,1,0,2,0,+12
Paige Bueckers,DAL,DAL @ GS,09/05/2025,2025,L,34,27,11,20,55.0,0,3,0.0,5,5,100.0,0,4,4,6,4,0,2,3,+5
Grace Berger,DAL,DAL @ GS,09/05/2025,2025,L,29,0,0,4,0.0,0,2,0.0,0,0,0.0,2,4,6,2,1,2,0,4,-2
Maddy Siegrist,DAL,DAL @ GS,09/05/2025,2025,L,34,16,6,16,37.5,3,8,37.5,1,4,25.0,0,1,1,1,2,0,0,2,+8
Haley Jones,DAL,DAL @ GS,09/05/2025,2025,L,34,18,7,10,70.0,1,3,33.3,3,3,100.0,1,4,5,7,3,3,3,2,+4
Sania Feagin,LA,LA @ ATL,09/05/2025,2025,L,1,0,0,1,0.0,0,0,0.0,0,0,0.0,0,0,0,0,0,0,0,1,-2
Makayla Timpson,IND,IND vs. CHI,09/05/2025,2025,W,3,4,2,3,66.7,0,0,0.0,0,0,0.0,1,0,1,0,0,0,0,0,+3
Rachel Banham,CHI,CHI @ IND,09/05/2025,2025,L,26,0,0,3,0.0,0,2,0.0,0,0,0.0,0,0,0,2,1,0,0,2,-16
Aerial Powers,IND,IND vs. CHI,09/05/2025,2025,W,22,10,4,9,44.4,0,2,0.0,2,3,66.7,0,1,1,3,2,0,0,2,+20
Shey Peddy,IND,IND vs. CHI,09/05/2025,2025,W,14,3,1,2,50.0,1,2,50.0,0,0,0.0,0,1,1,2,1,0,3,1,+8
Damiris Dantas,IND,IND vs. CHI,09/05/2025,2025,W,21,7,3,9,33.3,1,6,16.7,0,0,0.0,0,1,1,1,0,0,1,4,+11
Sika Kone,ATL,ATL vs. LA,09/05/2025,2025,W,1,4,0,0,0.0,0,0,0.0,4,4,100.0,0,0,0,0,0,0,0,1,+2
Brianna Turner,IND,IND vs. CHI,09/05/2025,2025,W,18,2,1,3,33.3,0,0,0.0,0,0,0.0,1,4,5,1,0,0,0,3,+6
Sevgi Uzun,CHI,CHI @ IND,09/05/2025,2025,L,19,5,1,2,50.0,0,0,0.0,3,4,75.0,0,1,1,2,0,0,2,0,-6
Rebecca Allen,CHI,CHI @ IND,09/05/2025,2025,L,15,3,1,4,25.0,1,2,50.0,0,0,0.0,1,2,3,2,0,1,2,1,-5
Elizabeth Williams,CHI,CHI @ IND,09/05/2025,2025,L,32,13,4,5,80.0,0,0,0.0,5,8,62.5,0,11,11,4,0,1,3,1,-18
Maddy Westbeld,CHI,CHI @ IND,09/05/2025,2025,L,15,7,3,5,60.0,1,2,50.0,0,0,0.0,2,2,4,1,0,0,1,3,-11
Maya Caldwell,ATL,ATL vs. LA,09/05/2025,2025,W,31,19,7,11,63.6,5,7,71.4,0,0,0.0,0,7,7,3,1,0,3,1,+28
Nia Coffey,ATL,ATL vs. LA,09/05/2025,2025,W,6,5,2,3,66.7,1,2,50.0,0,0,0.0,1,1,2,1,0,0,0,1,+7
Te-Hina Paopao,ATL,ATL vs. LA,09/05/2025,2025,W,21,7,3,6,50.0,1,3,33.3,0,0,0.0,0,1,1,4,0,0,0,2,+7
Sarah Ashlee Barker,LA,LA @ ATL,09/05/2025,2025,L,3,0,0,2,0.0,0,0,0.0,0,0,0.0,0,0,0,0,0,0,0,0,-8
Rae Burrell,LA,LA @ ATL,09/05/2025,2025,L,13,3,1,4,25.0,1,2,50.0,0,0,0.0,1,2,3,1,0,1,0,1,-10
Julie Vanloo,LA,LA @ ATL,09/05/2025,2025,L,6,0,0,0,0.0,0,0,0.0,0,0,0.0,0,2,2,1,0,0,0,0,-7
Alissa Pili,LA,LA @ ATL,09/05/2025,2025,L,5,6,0,0,0.0,0,0,0.0,6,6,100.0,0,0,0,0,0,0,1,2,-8
Shatori Walker-Kimbrough,ATL,ATL vs. LA,09/05/2025,2025,W,1,0,0,0,0.0,0,0,0.0,0,0,0.0,0,0,0,0,0,0,0,0,+2
Kahleah Copper,PHX,PHX @ WSH,09/04/2025,2025,W,32,18,7,21,33.3,3,11,27.3,1,1,100.0,0,5,5,2,2,2,2,2,+4
DeWanna Bonner,PHX,PHX @ WSH,09/04/2025,2025,W,27,9,3,8,37.5,2,6,33.3,1,2,50.0,1,3,4,0,2,2,0,1,+5
Mamignan Toure,CON,CON @ CHI,09/04/2025,2025,L,17,0,0,3,0.0,0,1,0.0,0,0,0.0,0,0,0,1,0,0,1,2,-8
Saniya Rivers,CON,CON @ CHI,09/04/2025,2025,L,26,16,5,13,38.5,4,7,57.1,2,2,100.0,1,1,2,1,1,1,1,1,-14
Angel Reese,CHI,CHI vs. CON,09/04/2025,2025,W,31,18,4,12,33.3,0,2,0.0,10,12,83.3,7,6,13,4,4,0,4,5,+18
Satou Sabally,PHX,PHX @ WSH,09/04/2025,2025,W,28,10,3,10,30.0,3,7,42.9,1,2,50.0,0,6,6,4,0,0,0,1,0
Alyssa Thomas,PHX,PHX @ WSH,09/04/2025,2025,W,33,12,5,10,50.0,0,0,0.0,2,2,100.0,1,10,11,9,2,0,6,0,+8
Lindsay Allen,CON,CON @ CHI,09/04/2025,2025,L,29,8,3,5,60.0,0,0,0.0,2,2,100.0,4,0,4,1,1,1,3,3,-14
Sevgi Uzun,CHI,CHI vs. CON,09/04/2025,2025,W,18,2,1,5,20.0,0,1,0.0,0,0,0.0,0,0,0,4,0,0,0,0,+8
Kia Nurse,CHI,CHI vs. CON,09/04/2025,2025,W,15,12,3,5,60.0,2,3,66.7,4,4,100.0,1,2,3,0,0,0,2,3,+12
Rebecca Allen,CHI,CHI vs. CON,09/04/2025,2025,W,19,5,2,4,50.0,1,2,50.0,0,0,0.0,1,2,3,1,1,1,0,1,+10
Alysha Clark,WSH,WSH vs. PHX,09/04/2025,2025,L,33,9,4,9,44.4,1,6,16.7,0,0,0.0,0,0,0,4,2,0,1,2,-4
Maddy Westbeld,CHI,CHI vs. CON,09/04/2025,2025,W,9,4,1,3,33.3,1,1,100.0,1,2,50.0,0,1,1,1,0,0,1,0,+5
Sami Whitcomb,PHX,PHX @ WSH,09/04/2025,2025,W,24,12,4,7,57.1,4,7,57.1,0,0,0.0,0,2,2,2,0,0,1,5,+12
Rayah Marshall,CON,CON @ CHI,09/04/2025,2025,L,12,4,2,5,40.0,0,0,0.0,0,1,0.0,1,3,4,1,1,0,1,2,+1
Kiki Iriafen,WSH,WSH vs. PHX,09/04/2025,2025,L,29,18,8,19,42.1,0,2,0.0,2,2,100.0,2,11,13,0,1,0,2,0,-8
Sug Sutton,WSH,WSH vs. PHX,09/04/2025,2025,L,29,9,3,10,30.0,1,3,33.3,2,3,66.7,0,3,3,8,0,0,1,3,-1
Sonia Citron,WSH,WSH vs. PHX,09/04/2025,2025,L,31,7,2,9,22.2,1,3,33.3,2,3,66.7,1,3,4,1,1,1,3,1,-1
Aaliyah Edwards,CON,CON @ CHI,09/04/2025,2025,L,28,4,2,6,33.3,0,0,0.0,0,0,0.0,4,4,8,1,1,1,3,3,-14
Shakira Austin,WSH,WSH vs. PHX,09/04/2025,2025,L,27,15,6,12,50.0,0,0,0.0,3,6,50.0,3,7,10,3,1,2,1,1,+2
Maya Caldwell,ATL,ATL vs. LA,09/03/2025,2025,W,27,14,6,9,66.7,2,4,50.0,0,0,0.0,3,5,8,4,1,0,3,2,+8
Leonie Fiebich,NY,NY @ GS,09/03/2025,2025,L,26,3,1,6,16.7,1,5,20.0,0,0,0.0,0,0,0,4,1,0,1,0,-17
Jonquel Jones,NY,NY @ GS,09/03/2025,2025,L,25,5,2,4,50.0,0,2,0.0,1,2,50.0,1,3,4,1,1,1,3,2,-14
Emma Meesseman,NY,NY @ GS,09/03/2025,2025,L,23,9,4,8,50.0,1,1,100.0,0,0,0.0,1,4,5,1,1,1,3,2,+5
Marine Johannes,NY,NY @ GS,09/03/2025,2025,L,22,3,1,6,16.7,1,4,25.0,0,0,0.0,0,4,4,1,1,1,0,4,+5
Kaila Charles,GS,GS vs. NY,09/03/2025,2025,W,31,10,4,6,66.7,1,2,50.0,1,2,50.0,1,4,5,0,1,0,1,1,+16
Veronica Burton,GS,GS vs. NY,09/03/2025,2025,W,33,6,1,9,11.1,0,4,0.0,4,5,80.0,2,7,9,9,2,0,4,4,+16
Monique Billings,GS,GS vs. NY,09/03/2025,2025,W,20,5,1,7,14.3,0,4,0.0,3,3,100.0,3,0,3,0,0,0,0,1,-7
Sika Kone,ATL,ATL vs. LA,09/03/2025,2025,W,1,0,0,0,0.0,0,0,0.0,0,0,0.0,0,0,0,0,0,0,0,0,0
Shatori Walker-Kimbrough,ATL,ATL vs. LA,09/03/2025,2025,W,4,0,0,1,0.0,0,0,0.0,0,0,0.0,0,0,0,0,0,0,1,1,-5
Nia Coffey,ATL,ATL vs. LA,09/03/2025,2025,W,6,3,1,2,50.0,1,2,50.0,0,0,0.0,0,1,1,0,0,0,1,2,+3
Te-Hina Paopao,ATL,ATL vs. LA,09/03/2025,2025,W,16,5,2,5,40.0,1,2,50.0,0,0,0.0,0,1,1,1,2,1,0,2,+7
Sarah Ashlee Barker,LA,LA @ ATL,09/03/2025,2025,L,11,3,1,2,50.0,0,1,0.0,1,2,50.0,1,3,4,0,0,0,0,0,-3
Rae Burrell,LA,LA @ ATL,09/03/2025,2025,L,21,3,1,8,12.5,0,4,0.0,1,2,50.0,2,0,2,1,0,0,0,0,-9
Julie Vanloo,LA,LA @ ATL,09/03/2025,2025,L,3,0,0,1,0.0,0,0,0.0,0,0,0.0,0,0,0,0,1,0,0,0,+3
Alissa Pili,LA,LA @ ATL,09/03/2025,2025,L,3,2,0,0,0.0,0,0,0.0,2,2,100.0,0,1,1,0,0,0,0,0,+3
Carla Leite,GS,GS vs. NY,09/03/2025,2025,W,16,6,2,5,40.0,0,1,0.0,2,3,66.7,0,0,0,3,0,0,4,0,-10
Cameron Brink,LA,LA @ ATL,09/03/2025,2025,L,11,3,1,1,100.0,1,1,100.0,0,0,0.0,1,2,3,0,1,0,4,2,-13
Rebekah Gardner,NY,NY @ GS,09/03/2025,2025,L,15,0,0,1,0.0,0,0,0.0,0,0,0.0,0,1,1,1,2,0,0,2,+16
Temi Fagbenle,GS,GS vs. NY,09/03/2025,2025,W,38,16,7,10,70.0,1,2,50.0,1,1,100.0,1,4,5,2,2,0,1,3,+14
Aliyah Boston,IND,IND @ PHX,09/03/2025,2025,L,36,11,5,15,33.3,0,1,0.0,1,2,50.0,2,6,8,7,1,2,4,1,-9
Natasha Mack,PHX,PHX vs. IND,09/03/2025,2025,W,23,4,2,5,40.0,0,0,0.0,0,0,0.0,5,5,10,0,1,1,0,1,+10
Odyssey Sims,IND,IND @ PHX,09/03/2025,2025,L,26,5,2,9,22.2,1,4,25.0,0,0,0.0,0,1,1,2,0,0,0,0,+5
DeWanna Bonner,PHX,PHX vs. IND,09/03/2025,2025,W,25,19,6,11,54.5,1,4,25.0,6,6,100.0,1,3,4,1,0,0,1,2,-7
Kahleah Copper,PHX,PHX vs. IND,09/03/2025,2025,W,28,11,4,10,40.0,1,5,20.0,2,3,66.7,0,3,3,0,1,0,2,1,0
Sami Whitcomb,PHX,PHX vs. IND,09/03/2025,2025,W,24,10,3,3,100.0,2,2,100.0,2,2,100.0,0,2,2,7,1,0,0,1,+11
Alyssa Thomas,PHX,PHX vs. IND,09/03/2025,2025,W,34,23,9,17,52.9,0,0,0.0,5,8,62.5,0,9,9,9,0,0,6,1,+8
Damiris Dantas,IND,IND @ PHX,09/03/2025,2025,L,8,2,1,3,33.3,0,1,0.0,0,0,0.0,1,5,6,2,0,0,0,0,+6
Lexie Hull,IND,IND @ PHX,09/03/2025,2025,L,35,18,6,13,46.2,3,7,42.9,3,3,100.0,2,3,5,1,1,0,2,3,-7
Kelsey Mitchell,IND,IND @ PHX,09/03/2025,2025,L,34,29,11,20,55.0,5,9,55.6,2,2,100.0,1,3,4,4,3,0,3,3,-7
Jaylyn Sherrod,MIN,MIN vs. DAL,09/02/2025,2025,W,12,2,1,3,33.3,0,2,0.0,0,0,0.0,0,1,1,0,0,0,1,1,+14
Anastasiia Olairi Kosu,MIN,MIN vs. DAL,09/02/2025,2025,W,6,2,1,2,50.0,0,0,0.0,0,0,0.0,0,2,2,2,0,0,1,1,+5
Camryn Taylor,MIN,MIN vs. DAL,09/02/2025,2025,W,3,0,0,0,0.0,0,0,0.0,0,0,0.0,0,0,0,0,0,0,1,1,+4
Maria Kliundikova,MIN,MIN vs. DAL,09/02/2025,2025,W,20,4,2,4,50.0,0,0,0.0,0,0,0.0,0,7,7,0,2,1,2,3,+15
Serena Sundell,DAL,DAL @ MIN,09/02/2025,2025,L,7,0,0,1,0.0,0,1,0.0,0,0,0.0,0,0,0,0,0,0,1,0,-7
Christyn Williams,DAL,DAL @ MIN,09/02/2025,2025,L,18,9,2,7,28.6,1,2,50.0,4,6,66.7,2,0,2,2,0,0,1,1,-21
Diamond Miller,DAL,DAL @ MIN,09/02/2025,2025,L,29,12,6,16,37.5,0,3,0.0,0,2,0.0,4,0,4,2,2,0,2,4,-29
Grace Berger,DAL,DAL @ MIN,09/02/2025,2025,L,30,2,1,5,20.0,0,1,0.0,0,0,0.0,1,3,4,4,2,0,2,1,-15
Amy Okonkwo,DAL,DAL @ MIN,09/02/2025,2025,L,27,12,3,6,50.0,0,1,0.0,6,8,75.0,0,4,4,1,3,0,2,3,-17
Erica Wheeler,SEA,SEA vs. LA,09/02/2025,2025,L,23,6,2,6,33.3,2,6,33.3,0,0,0.0,0,4,4,1,1,1,1,2,-2
Skylar Diggins,SEA,SEA vs. LA,09/02/2025,2025,L,30,21,8,16,50.0,3,6,50.0,2,3,66.7,2,0,2,6,1,1,1,0,0
Ezi Magbegor,SEA,SEA vs. LA,09/02/2025,2025,L,31,11,4,5,80.0,2,2,100.0,1,1,100.0,1,4,5,6,0,3,2,2,-15
Dearica Hamby,LA,LA @ SEA,09/02/2025,2025,W,35,27,13,18,72.2,0,0,0.0,1,1,100.0,4,7,11,2,3,0,2,3,+9
Rickea Jackson,LA,LA @ SEA,09/02/2025,2025,W,32,23,7,14,50.0,1,5,20.0,8,9,88.9,0,2,2,1,0,1,3,0,+3
Kelsey Plum,LA,LA @ SEA,09/02/2025,2025,W,35,14,5,18,27.8,1,7,14.3,3,3,100.0,0,3,3,7,3,0,5,0,+10
Julie Allemand,LA,LA @ SEA,09/02/2025,2025,W,31,2,0,1,0.0,0,1,0.0,2,2,100.0,0,3,3,6,0,0,3,3,+6
Rae Burrell,LA,LA @ SEA,09/02/2025,2025,W,20,11,5,6,83.3,1,1,100.0,0,0,0.0,1,3,4,3,0,0,2,3,+6
Nneka Ogwumike,SEA,SEA vs. LA,09/02/2025,2025,L,34,21,7,17,41.2,5,11,45.5,2,2,100.0,0,3,3,4,3,0,4,3,-11
Gabby Williams,SEA,SEA vs. LA,09/02/2025,2025,L,33,8,4,12,33.3,0,4,0.0,0,0,0.0,1,2,3,2,2,0,2,3,-9
Natisha Hiedeman,MIN,MIN vs. DAL,09/02/2025,2025,W,30,20,7,13,53.8,4,5,80.0,2,2,100.0,0,3,3,10,0,0,1,1,+28
Kiki Iriafen,WSH,WSH @ LA,09/01/2025,2025,L,27,22,8,20,40.0,1,1,100.0,5,6,83.3,6,7,13,1,0,0,1,2,+2
Julie Allemand,LA,LA vs. WSH,09/01/2025,2025,W,30,4,2,5,40.0,0,2,0.0,0,0,0.0,0,6,6,3,3,0,2,1,+17
Kelsey Plum,LA,LA vs. WSH,09/01/2025,2025,W,33,18,4,9,44.4,3,6,50.0,7,8,87.5,0,4,4,7,0,0,3,3,+22
Azura Stevens,LA,LA vs. WSH,09/01/2025,2025,W,29,9,3,9,33.3,1,5,20.0,2,2,100.0,1,11,12,4,1,1,2,4,+12
Dearica Hamby,LA,LA vs. WSH,09/01/2025,2025,W,35,20,8,15,53.3,0,1,0.0,4,6,66.7,4,8,12,0,2,1,2,3,+15
Jade Melbourne,WSH,WSH @ LA,09/01/2025,2025,L,21,9,3,8,37.5,2,6,33.3,1,2,50.0,1,1,2,5,1,0,3,1,+3
Lucy Olsen,WSH,WSH @ LA,09/01/2025,2025,L,25,6,3,10,30.0,0,5,0.0,0,0,0.0,0,6,6,2,4,1,3,4,+8
Sonia Citron,WSH,WSH @ LA,09/01/2025,2025,L,26,12,4,7,57.1,3,4,75.0,1,2,50.0,0,2,2,3,2,0,1,3,-12
Shakira Austin,WSH,WSH @ LA,09/01/2025,2025,L,22,11,3,9,33.3,1,1,100.0,4,6,66.7,0,7,7,0,0,1,0,2,-6
Rae Burrell,LA,LA vs. WSH,09/01/2025,2025,W,16,6,3,6,50.0,0,3,0.0,0,0,0.0,0,1,1,2,0,0,0,0,-13
Lexie Hull,IND,IND @ GS,09/01/2025,2025,L,33,8,2,5,40.0,2,5,40.0,2,2,100.0,2,4,6,1,0,0,2,2,-9
Odyssey Sims,IND,IND @ GS,09/01/2025,2025,L,30,5,1,10,10.0,1,5,20.0,2,2,100.0,0,2,2,5,1,0,0,3,-11
Marina Mabrey,CON,CON vs. ATL,09/01/2025,2025,L,30,12,5,14,35.7,1,7,14.3,1,1,100.0,0,1,1,3,1,0,1,3,-21
Shatori Walker-Kimbrough,ATL,ATL @ CON,09/01/2025,2025,W,1,0,0,0,0.0,0,0,0.0,0,0,0.0,0,0,0,0,0,0,0,0,-2
Sika Kone,ATL,ATL @ CON,09/01/2025,2025,W,1,0,0,0,0.0,0,0,0.0,0,0,0.0,0,0,0,0,0,0,0,0,-2
Nia Coffey,ATL,ATL @ CON,09/01/2025,2025,W,3,1,0,0,0.0,0,0,0.0,1,2,50.0,0,0,0,0,0,0,0,0,0
Te-Hina Paopao,ATL,ATL @ CON,09/01/2025,2025,W,20,3,1,6,16.7,1,5,20.0,0,0,0.0,0,2,2,2,0,0,2,2,-7
Rhyne Howard,ATL,ATL @ CON,09/01/2025,2025,W,38,23,8,16,50.0,4,11,36.4,3,3,100.0,2,2,4,3,2,0,0,4,+25
Leila Lacan,CON,CON vs. ATL,09/01/2025,2025,L,31,17,6,9,66.7,1,2,50.0,4,4,100.0,0,3,3,4,2,1,4,5,-7
Aaliyah Edwards,CON,CON vs. ATL,09/01/2025,2025,L,21,4,2,2,100.0,0,0,0.0,0,0,0.0,1,3,4,1,0,2,2,2,-16
Saniya Rivers,CON,CON vs. ATL,09/01/2025,2025,L,28,10,4,7,57.1,0,2,0.0,2,2,100.0,0,2,2,2,2,0,0,2,-9
Aneesah Morrow,CON,CON vs. ATL,09/01/2025,2025,L,20,6,3,8,37.5,0,4,0.0,0,1,0.0,1,4,5,1,1,1,0,1,+1
Carla Leite,GS,GS vs. IND,09/01/2025,2025,W,21,7,3,7,42.9,0,0,0.0,1,2,50.0,0,2,2,1,1,0,2,2,+8
Veronica Burton,GS,GS vs. IND,09/01/2025,2025,W,35,8,3,9,33.3,0,1,0.0,2,2,100.0,0,7,7,13,1,2,5,3,+13
Kaila Charles,GS,GS vs. IND,09/01/2025,2025,W,28,9,4,7,57.1,1,2,50.0,0,0,0.0,0,7,7,0,3,0,3,2,+5
Iliana Rupert,GS,GS vs. IND,09/01/2025,2025,W,32,21,8,12,66.7,5,8,62.5,0,0,0.0,1,0,1,1,0,1,1,3,+15
Temi Fagbenle,GS,GS vs. IND,09/01/2025,2025,W,31,6,3,5,60.0,0,0,0.0,0,0,0.0,2,4,6,2,1,0,5,5,+10
Aerial Powers,IND,IND @ GS,09/01/2025,2025,L,19,17,6,13,46.2,1,5,20.0,4,6,66.7,2,2,4,1,1,0,0,3,-7
Shey Peddy,IND,IND @ GS,09/01/2025,2025,L,10,0,0,3,0.0,0,3,0.0,0,0,0.0,1,0,1,2,0,0,0,0,+3
Brianna Turner,IND,IND @ GS,09/01/2025,2025,L,18,2,1,1,100.0,0,0,0.0,0,0,0.0,1,1,2,0,0,1,1,1,-16
Ezi Magbegor,SEA,SEA vs. CHI,08/31/2025,2025,W,35,13,3,9,33.3,1,1,100.0,6,6,100.0,5,1,6,2,2,2,2,5,+15
Gabby Williams,SEA,SEA vs. CHI,08/31/2025,2025,W,33,12,4,10,40.0,0,2,0.0,4,4,100.0,0,8,8,3,2,0,3,0,+11
Brittney Sykes,SEA,SEA vs. CHI,08/31/2025,2025,W,25,11,4,8,50.0,0,0,0.0,3,3,100.0,0,3,3,3,2,0,3,1,-1
Ariel Atkins,CHI,CHI @ SEA,08/31/2025,2025,L,29,7,3,6,50.0,0,0,0.0,1,1,100.0,2,0,2,8,2,1,2,1,-9
Rachel Banham,CHI,CHI @ SEA,08/31/2025,2025,L,26,5,1,4,25.0,1,4,25.0,2,2,100.0,0,1,1,4,1,0,3,1,-9
Kamilla Cardoso,CHI,CHI @ SEA,08/31/2025,2025,L,32,9,4,10,40.0,0,0,0.0,1,4,25.0,3,7,10,2,0,2,3,4,-10
Kia Nurse,CHI,CHI @ SEA,08/31/2025,2025,L,14,4,1,6,16.7,0,4,0.0,2,2,100.0,0,1,1,1,1,0,0,2,0
Angel Reese,CHI,CHI @ SEA,08/31/2025,2025,L,32,20,7,12,58.3,0,0,0.0,6,12,50.0,4,6,10,2,2,1,6,3,-6
Erica Wheeler,SEA,SEA vs. CHI,08/31/2025,2025,W,26,11,4,9,44.4,3,7,42.9,0,0,0.0,0,1,1,3,0,0,2,4,+8
Kaitlyn Chen,GS,GS vs. WSH,08/31/2025,2025,W,9,0,0,3,0.0,0,1,0.0,0,0,0.0,0,0,0,1,0,0,0,1,+3
Bree Hall,GS,GS vs. WSH,08/31/2025,2025,W,5,0,0,1,0.0,0,1,0.0,0,0,0.0,0,0,0,0,0,0,1,2,+2
Kate Martin,GS,GS vs. WSH,08/31/2025,2025,W,21,6,2,6,33.3,0,4,0.0,2,3,66.7,1,1,2,5,1,0,0,1,+22
Laeticia Amihere,GS,GS vs. WSH,08/31/2025,2025,W,24,11,4,7,57.1,1,2,50.0,2,2,100.0,0,6,6,1,4,0,0,0,+17
Kaila Charles,GS,GS vs. WSH,08/31/2025,2025,W,25,16,7,12,58.3,2,6,33.3,0,1,0.0,0,4,4,1,1,0,0,3,+19
Jade Melbourne,WSH,WSH @ GS,08/31/2025,2025,L,19,2,1,6,16.7,0,4,0.0,0,0,0.0,0,1,1,4,2,0,1,3,-26
Lucy Olsen,WSH,WSH @ GS,08/31/2025,2025,L,20,13,5,12,41.7,1,5,20.0,2,2,100.0,1,1,2,1,2,0,2,2,-15
Madison Scott,WSH,WSH @ GS,08/31/2025,2025,L,10,2,1,3,33.3,0,0,0.0,0,0,0.0,0,0,0,0,0,0,0,0,-2
Emily Engstler,WSH,WSH @ GS,08/31/2025,2025,L,18,0,0,4,0.0,0,2,0.0,0,0,0.0,0,3,3,2,0,0,2,3,-9
Mackenzie Holmes,SEA,SEA vs. CHI,08/31/2025,2025,W,12,0,0,0,0.0,0,0,0.0,0,0,0.0,0,1,1,1,0,0,0,2,-6
Alysha Clark,WSH,WSH @ GS,08/31/2025,2025,L,26,0,0,4,0.0,0,3,0.0,0,0,0.0,0,6,6,2,0,0,0,2,-24
Kathryn Westbeld,PHX,PHX vs. NY,08/31/2025,2025,W,9,6,2,3,66.7,2,2,100.0,0,0,0.0,0,0,0,1,1,0,1,0,+5
Lexi Held,PHX,PHX vs. NY,08/31/2025,2025,W,2,2,1,1,100.0,0,0,0.0,0,0,0.0,0,0,0,0,0,0,0,0,-1
Sami Whitcomb,PHX,PHX vs. NY,08/31/2025,2025,W,19,0,0,2,0.0,0,2,0.0,0,0,0.0,1,2,3,3,1,0,2,0,+15
Monique Akoa Makani,PHX,PHX vs. NY,08/31/2025,2025,W,27,5,2,7,28.6,1,3,33.3,0,0,0.0,0,0,0,4,1,0,0,1,+3
Marine Johannes,NY,NY @ PHX,08/31/2025,2025,L,16,4,2,5,40.0,0,3,0.0,0,0,0.0,0,0,0,0,0,1,3,2,-16
Kennedy Burke,NY,NY @ PHX,08/31/2025,2025,L,14,1,0,2,0.0,0,1,0.0,1,2,50.0,0,0,0,1,0,1,1,0,-9
Rebekah Gardner,NY,NY @ PHX,08/31/2025,2025,L,8,2,1,2,50.0,0,0,0.0,0,0,0.0,0,1,1,1,1,0,1,1,-13
Stephanie Talbot,NY,NY @ PHX,08/31/2025,2025,L,7,0,0,0,0.0,0,0,0.0,0,0,0.0,0,0,0,1,0,0,1,0,-8
Isabelle Harrison,NY,NY @ PHX,08/31/2025,2025,L,7,2,1,2,50.0,0,1,0.0,0,0,0.0,0,1,1,0,0,0,0,1,-9
Kiana Williams,PHX,PHX vs. NY,08/31/2025,2025,W,2,0,0,0,0.0,0,0,0.0,0,0,0.0,0,1,1,0,0,0,0,1,-1
Anastasiia Olairi Kosu,MIN,MIN @ CON,08/30/2025,2025,W,3,0,0,0,0.0,0,0,0.0,0,0,0.0,0,1,1,0,0,0,0,0,+1
Natisha Hiedeman,MIN,MIN @ CON,08/30/2025,2025,W,18,5,2,6,33.3,0,2,0.0,1,2,50.0,1,0,1,3,0,1,1,1,+6
DiJonai Carrington,MIN,MIN @ CON,08/30/2025,2025,W,17,18,6,10,60.0,2,4,50.0,4,4,100.0,0,1,1,3,3,0,0,2,+1
Jaylyn Sherrod,MIN,MIN @ CON,08/30/2025,2025,W,3,2,0,0,0.0,0,0,0.0,2,4,50.0,0,1,1,1,0,0,0,1,+1
Aneesah Morrow,CON,CON vs. MIN,08/30/2025,2025,L,22,6,2,9,22.2,0,0,0.0,2,3,66.7,4,7,11,0,0,0,1,2,-25
Lindsay Allen,CON,CON vs. MIN,08/30/2025,2025,L,22,2,1,3,33.3,0,0,0.0,0,0,0.0,2,0,2,3,2,1,2,1,-9
Aliyah Boston,IND,IND @ LA,08/30/2025,2025,W,37,22,11,18,61.1,0,0,0.0,0,0,0.0,7,4,11,4,6,1,4,4,0
Mamignan Toure,CON,CON vs. MIN,08/30/2025,2025,L,15,8,3,4,75.0,2,2,100.0,0,0,0.0,1,0,1,0,0,0,1,2,-10
Maria Kliundikova,MIN,MIN @ CON,08/30/2025,2025,W,10,0,0,2,0.0,0,1,0.0,0,0,0.0,1,1,2,1,1,1,0,3,+5
Natasha Howard,IND,IND @ LA,08/30/2025,2025,W,29,5,1,8,12.5,0,1,0.0,3,4,75.0,4,3,7,2,3,0,3,3,+4
Haley Peters,CON,CON vs. MIN,08/30/2025,2025,L,9,2,0,2,0.0,0,1,0.0,2,2,100.0,3,3,6,0,0,0,0,0,-7
Rae Burrell,LA,LA vs. IND,08/30/2025,2025,L,19,12,4,9,44.4,1,3,33.3,3,4,75.0,0,2,2,1,1,0,3,0,+1
Julie Allemand,LA,LA vs. IND,08/30/2025,2025,L,23,9,4,6,66.7,1,3,33.3,0,0,0.0,0,3,3,4,0,0,0,1,-2
Kelsey Plum,LA,LA vs. IND,08/30/2025,2025,L,34,12,5,10,50.0,1,5,20.0,1,1,100.0,0,3,3,3,1,0,6,2,-4
Azura Stevens,LA,LA vs. IND,08/30/2025,2025,L,31,17,6,9,66.7,3,5,60.0,2,3,66.7,2,4,6,5,2,2,1,1,+1
Dearica Hamby,LA,LA vs. IND,08/30/2025,2025,L,27,11,4,9,44.4,0,2,0.0,3,4,75.0,1,6,7,2,0,0,6,3,-2
Brianna Turner,IND,IND @ LA,08/30/2025,2025,W,13,2,1,1,100.0,0,0,0.0,0,0,0.0,1,2,3,1,0,0,0,1,0
Lexie Hull,IND,IND @ LA,08/30/2025,2025,W,27,5,2,7,28.6,1,1,100.0,0,0,0.0,1,4,5,4,2,2,0,4,+1
Kelsey Mitchell,IND,IND @ LA,08/30/2025,2025,W,35,12,5,14,35.7,1,6,16.7,1,4,25.0,1,1,2,3,0,0,4,3,+2
Rayah Marshall,CON,CON vs. MIN,08/30/2025,2025,L,2,1,0,1,0.0,0,0,0.0,1,2,50.0,0,0,0,0,0,0,0,1,0
Skylar Diggins,SEA,SEA @ MIN,08/29/2025,2025,W,29,23,8,14,57.1,4,8,50.0,3,4,75.0,1,2,3,5,4,0,2,1,+16
Ezi Magbegor,SEA,SEA @ MIN,08/29/2025,2025,W,31,8,3,6,50.0,1,1,100.0,1,1,100.0,2,5,7,2,0,5,0,2,+10
Gabby Williams,SEA,SEA @ MIN,08/29/2025,2025,W,30,16,5,13,38.5,4,5,80.0,2,2,100.0,1,3,4,3,1,2,2,3,-1
Amy Okonkwo,DAL,DAL @ ATL,08/29/2025,2025,L,25,11,4,9,44.4,1,4,25.0,2,2,100.0,2,4,6,1,1,0,1,3,-19
Nneka Ogwumike,SEA,SEA @ MIN,08/29/2025,2025,W,27,12,3,12,25.0,2,7,28.6,4,4,100.0,3,6,9,1,1,0,2,1,+2
Maya Caldwell,ATL,ATL vs. DAL,08/29/2025,2025,W,19,6,2,3,66.7,2,2,100.0,0,0,0.0,1,1,2,4,1,0,1,2,+5
Shatori Walker-Kimbrough,ATL,ATL vs. DAL,08/29/2025,2025,W,2,0,0,0,0.0,0,0,0.0,0,0,0.0,0,1,1,0,0,1,0,0,+4
Sika Kone,ATL,ATL vs. DAL,08/29/2025,2025,W,2,0,0,0,0.0,0,0,0.0,0,0,0.0,0,0,0,0,0,0,0,0,+4
Nia Coffey,ATL,ATL vs. DAL,08/29/2025,2025,W,10,6,2,4,50.0,2,3,66.7,0,0,0.0,0,3,3,3,1,0,1,0,+8
Te-Hina Paopao,ATL,ATL vs. DAL,08/29/2025,2025,W,27,14,5,8,62.5,4,7,57.1,0,0,0.0,2,4,6,8,2,1,2,1,+19
Serena Sundell,DAL,DAL @ ATL,08/29/2025,2025,L,12,0,0,0,0.0,0,0,0.0,0,0,0.0,0,1,1,0,0,0,0,2,-9
Christyn Williams,DAL,DAL @ ATL,08/29/2025,2025,L,14,2,1,3,33.3,0,1,0.0,0,0,0.0,0,0,0,1,0,0,0,1,-31
Maria Kliundikova,MIN,MIN vs. SEA,08/29/2025,2025,L,10,0,0,0,0.0,0,0,0.0,0,0,0.0,0,1,1,0,1,1,1,0,-10
Grace Berger,DAL,DAL @ ATL,08/29/2025,2025,L,33,9,3,5,60.0,0,0,0.0,3,3,100.0,0,3,3,5,0,0,1,0,-20
Brittney Sykes,SEA,SEA @ MIN,08/29/2025,2025,W,33,8,2,7,28.6,0,3,0.0,4,8,50.0,0,3,3,5,1,1,0,2,+15
Diamond Miller,DAL,DAL @ ATL,08/29/2025,2025,L,21,6,3,10,30.0,0,3,0.0,0,1,0.0,1,3,4,1,0,1,1,1,-6
Camryn Taylor,MIN,MIN vs. SEA,08/29/2025,2025,L,1,0,0,0,0.0,0,0,0.0,0,0,0.0,0,1,1,0,0,0,0,1,-2
Kia Nurse,CHI,CHI @ PHX,08/29/2025,2025,L,29,17,6,8,75.0,5,7,71.4,0,0,0.0,0,1,1,4,2,0,3,1,-7
Anastasiia Olairi Kosu,MIN,MIN vs. SEA,08/29/2025,2025,L,1,0,0,1,0.0,0,0,0.0,0,0,0.0,0,0,0,0,0,0,0,0,-2
DeWanna Bonner,PHX,PHX vs. CHI,08/29/2025,2025,W,29,8,2,8,25.0,0,3,0.0,4,4,100.0,1,1,2,2,5,0,1,1,+6
Satou Sabally,PHX,PHX vs. CHI,08/29/2025,2025,W,27,9,3,13,23.1,1,4,25.0,2,2,100.0,2,1,3,3,1,2,3,3,+3
Natasha Mack,PHX,PHX vs. CHI,08/29/2025,2025,W,28,10,5,9,55.6,0,1,0.0,0,1,0.0,7,5,12,3,2,5,0,1,+14
Alyssa Thomas,PHX,PHX vs. CHI,08/29/2025,2025,W,33,15,4,6,66.7,0,0,0.0,7,8,87.5,2,7,9,6,3,1,1,3,-3
Kahleah Copper,PHX,PHX vs. CHI,08/29/2025,2025,W,32,28,9,16,56.2,4,7,57.1,6,7,85.7,0,3,3,1,3,1,2,1,+1
Ariel Atkins,CHI,CHI @ PHX,08/29/2025,2025,L,32,9,4,11,36.4,1,3,33.3,0,0,0.0,1,3,4,2,0,0,3,4,0
Rachel Banham,CHI,CHI @ PHX,08/29/2025,2025,L,25,13,4,6,66.7,3,5,60.0,2,2,100.0,0,3,3,1,1,1,4,3,+6
Kamilla Cardoso,CHI,CHI @ PHX,08/29/2025,2025,L,32,15,7,15,46.7,0,0,0.0,1,2,50.0,1,6,7,4,1,2,2,4,-4
Angel Reese,CHI,CHI @ PHX,08/29/2025,2025,L,32,15,5,11,45.5,0,0,0.0,5,7,71.4,8,12,20,4,0,2,4,4,0
Jaylyn Sherrod,MIN,MIN vs. SEA,08/29/2025,2025,L,1,0,0,0,0.0,0,0,0.0,0,0,0.0,0,0,0,0,0,0,0,0,-2
DiJonai Carrington,MIN,MIN vs. SEA,08/29/2025,2025,L,13,6,3,4,75.0,0,0,0.0,0,0,0.0,1,2,3,0,1,0,0,3,-4
Diamond Miller,DAL,DAL vs. CON,08/28/2025,2025,L,14,5,2,4,50.0,0,1,0.0,1,2,50.0,0,2,2,1,0,0,2,2,-7
Aneesah Morrow,CON,CON @ DAL,08/28/2025,2025,W,30,11,4,7,57.1,0,0,0.0,3,3,100.0,1,10,11,3,2,0,0,1,+18
Tina Charles,CON,CON @ DAL,08/28/2025,2025,W,27,18,6,13,46.2,0,0,0.0,6,6,100.0,0,5,5,3,0,1,1,2,+11
Bria Hartley,CON,CON @ DAL,08/28/2025,2025,W,26,8,2,5,40.0,0,2,0.0,4,4,100.0,1,2,3,6,1,0,2,1,+3
Marina Mabrey,CON,CON @ DAL,08/28/2025,2025,W,30,18,4,11,36.4,2,5,40.0,8,9,88.9,0,4,4,2,1,0,2,3,+7
Leila Lacan,CON,CON @ DAL,08/28/2025,2025,W,32,22,9,14,64.3,2,4,50.0,2,3,66.7,1,2,3,6,4,0,2,2,+5
Maddy Siegrist,DAL,DAL vs. CON,08/28/2025,2025,L,34,15,6,9,66.7,0,1,0.0,3,5,60.0,0,2,2,3,0,0,2,3,-4
Grace Berger,DAL,DAL vs. CON,08/28/2025,2025,L,29,5,2,6,33.3,0,1,0.0,1,1,100.0,0,7,7,6,1,0,0,3,+4
Myisha Hines-Allen,DAL,DAL vs. CON,08/28/2025,2025,L,23,18,6,12,50.0,1,3,33.3,5,6,83.3,1,6,7,0,1,2,2,2,+5
Amy Okonkwo,DAL,DAL vs. CON,08/28/2025,2025,L,23,14,5,10,50.0,2,6,33.3,2,2,100.0,0,1,1,2,2,1,1,2,-2
Emily Engstler,WSH,WSH @ NY,08/28/2025,2025,L,15,5,2,7,28.6,0,3,0.0,1,2,50.0,0,1,1,4,0,0,0,3,-14
Kiki Iriafen,WSH,WSH @ NY,08/28/2025,2025,L,33,16,7,11,63.6,0,1,0.0,2,2,100.0,2,2,4,0,1,0,1,0,-28
Marine Johannes,NY,NY vs. WSH,08/28/2025,2025,W,29,14,4,10,40.0,3,8,37.5,3,3,100.0,0,1,1,5,0,0,1,0,+26
Sonia Citron,WSH,WSH @ NY,08/28/2025,2025,L,32,18,7,14,50.0,4,7,57.1,0,0,0.0,2,1,3,1,1,2,1,2,-16
Stephanie Talbot,NY,NY vs. WSH,08/28/2025,2025,W,26,11,3,4,75.0,2,3,66.7,3,5,60.0,1,6,7,6,2,0,2,2,+19
Isabelle Harrison,NY,NY vs. WSH,08/28/2025,2025,W,20,16,6,13,46.2,2,2,100.0,2,2,100.0,2,3,5,2,1,0,0,1,+15
Rebekah Gardner,NY,NY vs. WSH,08/28/2025,2025,W,18,8,3,3,100.0,1,1,100.0,1,2,50.0,0,3,3,0,1,0,1,1,+13
Kennedy Burke,NY,NY vs. WSH,08/28/2025,2025,W,28,7,1,5,20.0,0,2,0.0,5,6,83.3,1,1,2,3,0,0,1,2,+4
Jade Melbourne,WSH,WSH @ NY,08/28/2025,2025,L,20,2,1,4,25.0,0,2,0.0,0,0,0.0,0,0,0,0,0,0,2,0,-15
Madison Scott,WSH,WSH @ NY,08/28/2025,2025,L,3,2,1,1,100.0,0,0,0.0,0,0,0.0,0,0,0,1,0,0,0,0,-4
Te-Hina Paopao,ATL,ATL vs. LV,08/27/2025,2025,L,24,5,2,6,33.3,1,5,20.0,0,0,0.0,0,2,2,3,0,0,1,0,+1
Chelsea Gray,LV,LV @ ATL,08/27/2025,2025,W,33,14,5,11,45.5,3,5,60.0,1,1,100.0,0,3,3,5,1,0,2,2,-4
Jackie Young,LV,LV @ ATL,08/27/2025,2025,W,35,10,5,10,50.0,0,2,0.0,0,0,0.0,2,9,11,10,0,0,1,2,+4
A'ja Wilson,LV,LV @ ATL,08/27/2025,2025,W,35,34,13,21,61.9,2,3,66.7,6,8,75.0,0,9,9,1,1,4,1,1,+13
Jewell Loyd,LV,LV @ ATL,08/27/2025,2025,W,33,14,5,9,55.6,2,5,40.0,2,2,100.0,1,1,2,3,1,0,2,2,+6
Dana Evans,LV,LV @ ATL,08/27/2025,2025,W,18,2,1,4,25.0,0,2,0.0,0,0,0.0,0,0,0,4,0,0,0,0,+8
Brionna Jones,ATL,ATL vs. LV,08/27/2025,2025,L,30,19,9,13,69.2,0,0,0.0,1,1,100.0,4,2,6,1,2,1,1,3,-2
Naz Hillmon,ATL,ATL vs. LV,08/27/2025,2025,L,34,7,2,5,40.0,0,1,0.0,3,4,75.0,4,11,15,3,0,1,0,1,-5
Allisha Gray,ATL,ATL vs. LV,08/27/2025,2025,L,37,15,6,17,35.3,1,7,14.3,2,2,100.0,2,3,5,2,0,0,2,3,+2
Rhyne Howard,ATL,ATL vs. LV,08/27/2025,2025,L,38,19,7,22,31.8,2,10,20.0,3,4,75.0,0,4,4,7,2,0,0,2,-11
Kelsey Plum,LA,LA vs. PHX,08/27/2025,2025,L,37,20,7,14,50.0,2,7,28.6,4,4,100.0,0,0,0,4,1,0,2,3,-12
Sami Whitcomb,PHX,PHX @ LA,08/27/2025,2025,W,29,17,5,9,55.6,5,7,71.4,2,3,66.7,0,2,2,4,4,0,2,4,+12
Rae Burrell,LA,LA vs. PHX,08/27/2025,2025,L,23,9,4,11,36.4,0,3,0.0,1,1,100.0,1,4,5,0,1,1,2,3,-4
Azura Stevens,LA,LA vs. PHX,08/27/2025,2025,L,25,5,2,5,40.0,1,2,50.0,0,0,0.0,0,4,4,3,0,0,2,1,-4
Dearica Hamby,LA,LA vs. PHX,08/27/2025,2025,L,31,25,9,12,75.0,0,0,0.0,7,9,77.8,0,8,8,2,5,0,3,2,-2
DeWanna Bonner,PHX,PHX @ LA,08/27/2025,2025,W,26,14,5,13,38.5,2,4,50.0,2,2,100.0,3,2,5,3,1,0,1,2,+1
Kahleah Copper,PHX,PHX @ LA,08/27/2025,2025,W,28,18,8,15,53.3,0,4,0.0,2,2,100.0,0,1,1,3,0,0,3,4,+1
Satou Sabally,PHX,PHX @ LA,08/27/2025,2025,W,34,19,5,11,45.5,2,4,50.0,7,7,100.0,0,3,3,2,1,0,0,2,+11
Alyssa Thomas,PHX,PHX @ LA,08/27/2025,2025,W,35,12,5,9,55.6,0,0,0.0,2,4,50.0,3,13,16,15,3,0,5,0,+15
Julie Allemand,LA,LA vs. PHX,08/27/2025,2025,L,34,0,0,6,0.0,0,3,0.0,0,0,0.0,0,4,4,6,0,0,2,2,-6
A'ja Wilson,LV,LV @ CHI,08/26/2025,2025,W,35,18,7,18,38.9,1,2,50.0,3,4,75.0,1,8,9,3,1,2,4,3,+2
Chelsea Gray,LV,LV @ CHI,08/26/2025,2025,W,36,14,5,10,50.0,4,5,80.0,0,0,0.0,1,3,4,7,1,0,4,3,+10
Jackie Young,LV,LV @ CHI,08/26/2025,2025,W,35,22,9,13,69.2,4,6,66.7,0,1,0.0,1,2,3,7,3,2,2,0,0
Jewell Loyd,LV,LV @ CHI,08/26/2025,2025,W,29,2,0,5,0.0,0,4,0.0,2,2,100.0,1,1,2,1,3,1,0,1,+12
Angel Reese,CHI,CHI vs. LV,08/26/2025,2025,L,37,10,3,10,30.0,0,0,0.0,4,6,66.7,5,12,17,4,3,1,3,3,0
Kia Nurse,CHI,CHI vs. LV,08/26/2025,2025,L,20,1,0,7,0.0,0,4,0.0,1,2,50.0,0,1,1,2,0,0,0,1,-4
Kamilla Cardoso,CHI,CHI vs. LV,08/26/2025,2025,L,26,19,6,12,50.0,0,0,0.0,7,7,100.0,3,7,10,2,0,1,3,4,+7
Rachel Banham,CHI,CHI vs. LV,08/26/2025,2025,L,26,3,1,8,12.5,1,7,14.3,0,1,0.0,0,3,3,3,0,1,1,2,-6
NaLyssa Smith,LV,LV @ CHI,08/26/2025,2025,W,28,10,4,7,57.1,0,0,0.0,2,2,100.0,0,3,3,0,0,2,1,4,+9
Aerial Powers,IND,IND vs. SEA,08/26/2025,2025,W,20,2,1,3,33.3,0,0,0.0,0,0,0.0,2,7,9,1,1,0,2,1,-2
Shey Peddy,IND,IND vs. SEA,08/26/2025,2025,W,15,2,1,4,25.0,0,3,0.0,0,0,0.0,0,1,1,1,0,0,0,1,-10
Mackenzie Holmes,SEA,SEA @ IND,08/26/2025,2025,L,6,4,2,2,100.0,0,0,0.0,0,0,0.0,0,1,1,0,3,0,0,1,+7
Dominique Malonga,SEA,SEA @ IND,08/26/2025,2025,L,24,8,4,10,40.0,0,1,0.0,0,0,0.0,0,6,6,2,0,2,1,2,-7
Tiffany Mitchell,SEA,SEA @ IND,08/26/2025,2025,L,17,5,1,2,50.0,1,1,100.0,2,2,100.0,0,1,1,0,0,0,0,0,-1
Lexie Brown,SEA,SEA @ IND,08/26/2025,2025,L,6,2,1,1,100.0,0,0,0.0,0,0,0.0,0,0,0,3,1,0,0,0,+7
Zia Cooke,SEA,SEA @ IND,08/26/2025,2025,L,5,5,2,2,100.0,1,1,100.0,0,0,0.0,0,1,1,1,0,0,1,0,+10
Brianna Turner,IND,IND vs. SEA,08/26/2025,2025,W,18,4,1,3,33.3,0,0,0.0,2,2,100.0,1,3,4,1,0,1,0,2,-9
Makayla Timpson,IND,IND vs. SEA,08/26/2025,2025,W,4,2,1,1,100.0,0,0,0.0,0,0,0.0,0,0,0,0,0,0,0,1,-7
Damiris Dantas,IND,IND vs. SEA,08/26/2025,2025,W,13,4,2,6,33.3,0,3,0.0,0,0,0.0,1,1,2,1,0,0,2,1,-7
Ariel Atkins,CHI,CHI vs. LV,08/26/2025,2025,L,34,30,10,18,55.6,3,5,60.0,7,7,100.0,1,3,4,7,0,1,3,4,-2
Tina Charles,CON,CON @ NY,08/25/2025,2025,L,28,13,6,12,50.0,0,0,0.0,1,2,50.0,1,2,3,1,1,0,0,2,-5
Bria Hartley,CON,CON @ NY,08/25/2025,2025,L,33,3,1,6,16.7,0,3,0.0,1,2,50.0,1,3,4,4,1,0,2,2,+3
Breanna Stewart,NY,NY vs. CON,08/25/2025,2025,W,21,19,4,12,33.3,0,2,0.0,11,13,84.6,1,4,5,0,0,1,2,2,-10
Kennedy Burke,NY,NY vs. CON,08/25/2025,2025,W,30,14,5,9,55.6,3,4,75.0,1,2,50.0,1,1,2,2,0,0,1,1,+2
Jonquel Jones,NY,NY vs. CON,08/25/2025,2025,W,33,18,8,10,80.0,2,4,50.0,0,0,0.0,3,8,11,6,1,0,1,3,+13
Leonie Fiebich,NY,NY vs. CON,08/25/2025,2025,W,31,7,3,6,50.0,1,2,50.0,0,0,0.0,0,1,1,2,2,0,1,5,0
Sabrina Ionescu,NY,NY vs. CON,08/25/2025,2025,W,34,11,3,7,42.9,1,4,25.0,4,4,100.0,0,7,7,9,1,1,4,1,+7
Leila Lacan,CON,CON @ NY,08/25/2025,2025,L,31,22,9,15,60.0,2,3,66.7,2,2,100.0,1,2,3,3,2,0,4,5,+3
Aaliyah Edwards,CON,CON @ NY,08/25/2025,2025,L,15,2,0,2,0.0,0,0,0.0,2,2,100.0,2,2,4,2,0,0,1,2,-2
Marina Mabrey,CON,CON @ NY,08/25/2025,2025,L,36,16,6,18,33.3,4,10,40.0,0,0,0.0,1,1,2,5,1,0,2,5,-4
Nneka Ogwumike,SEA,SEA @ WSH,08/24/2025,2025,W,32,30,11,15,73.3,6,7,85.7,2,2,100.0,1,5,6,2,0,0,2,0,+12
Sonia Citron,WSH,WSH vs. SEA,08/24/2025,2025,L,36,14,6,12,50.0,0,1,0.0,2,2,100.0,0,6,6,1,4,0,5,0,-1
Sug Sutton,WSH,WSH vs. SEA,08/24/2025,2025,L,35,8,3,7,42.9,2,2,100.0,0,0,0.0,0,3,3,9,0,0,3,1,-6
Shakira Austin,WSH,WSH vs. SEA,08/24/2025,2025,L,26,30,10,15,66.7,0,0,0.0,10,10,100.0,0,5,5,1,1,4,5,1,-13
Kiki Iriafen,WSH,WSH vs. SEA,08/24/2025,2025,L,27,12,6,15,40.0,0,1,0.0,0,0,0.0,2,4,6,0,0,0,3,0,-10
Dominique Malonga,SEA,SEA @ WSH,08/24/2025,2025,W,28,17,8,17,47.1,0,0,0.0,1,2,50.0,5,5,10,1,3,1,1,4,-1
Brittney Sykes,SEA,SEA @ WSH,08/24/2025,2025,W,30,10,3,10,30.0,2,3,66.7,2,2,100.0,1,2,3,1,2,1,3,2,-4
Skylar Diggins,SEA,SEA @ WSH,08/24/2025,2025,W,34,10,4,11,36.4,1,4,25.0,1,2,50.0,1,1,2,11,2,0,1,3,+13
Gabby Williams,SEA,SEA @ WSH,08/24/2025,2025,W,32,10,3,12,25.0,1,4,25.0,3,4,75.0,1,1,2,3,5,1,2,1,-1
Camryn Taylor,MIN,MIN vs. IND,08/24/2025,2025,W,1,0,0,0,0.0,0,0,0.0,0,0,0.0,0,0,0,0,0,0,0,0,-2
Odyssey Sims,IND,IND @ MIN,08/24/2025,2025,L,20,3,1,5,20.0,1,3,33.3,0,0,0.0,0,0,0,2,1,0,1,0,-11
Jaylyn Sherrod,MIN,MIN vs. IND,08/24/2025,2025,W,1,0,0,1,0.0,0,0,0.0,0,0,0.0,0,0,0,1,0,0,0,0,-2
Anastasiia Olairi Kosu,MIN,MIN vs. IND,08/24/2025,2025,W,1,0,0,1,0.0,0,0,0.0,0,0,0.0,0,0,0,0,0,0,0,0,-2
Brianna Turner,IND,IND @ MIN,08/24/2025,2025,L,13,2,1,3,33.3,0,1,0.0,0,0,0.0,0,1,1,0,0,1,0,2,-1
Jessica Shepard,MIN,MIN vs. IND,08/24/2025,2025,W,10,0,0,0,0.0,0,0,0.0,0,0,0.0,0,1,1,3,0,0,2,1,-6
Bridget Carleton,MIN,MIN vs. IND,08/24/2025,2025,W,31,7,3,5,60.0,1,2,50.0,0,0,0.0,2,2,4,1,0,0,1,3,+20
Aerial Powers,IND,IND @ MIN,08/24/2025,2025,L,18,5,2,6,33.3,0,0,0.0,1,1,100.0,2,3,5,3,0,0,3,2,0
Shey Peddy,IND,IND @ MIN,08/24/2025,2025,L,18,16,6,7,85.7,3,3,100.0,1,1,100.0,0,0,0,1,0,0,1,3,+1
Jade Melbourne,WSH,WSH vs. SEA,08/24/2025,2025,L,30,4,0,1,0.0,0,1,0.0,4,4,100.0,0,4,4,5,0,0,2,3,+6
Makayla Timpson,IND,IND @ MIN,08/24/2025,2025,L,2,2,1,1,100.0,0,0,0.0,0,0,0.0,0,0,0,0,0,0,0,0,+2
Myisha Hines-Allen,DAL,DAL vs. GS,08/24/2025,2025,L,29,15,7,14,50.0,1,4,25.0,0,0,0.0,4,4,8,1,0,0,1,4,-2
Haley Jones,DAL,DAL vs. GS,08/24/2025,2025,L,18,15,6,9,66.7,2,3,66.7,1,4,25.0,1,2,3,1,1,2,0,1,-11
Paige Bueckers,DAL,DAL vs. GS,08/24/2025,2025,L,34,9,3,12,25.0,1,3,33.3,2,2,100.0,1,0,1,9,1,0,1,5,-17
Luisa Geiselsoder,DAL,DAL vs. GS,08/24/2025,2025,L,19,3,1,5,20.0,1,4,25.0,0,0,0.0,0,4,4,0,2,0,1,1,-6
Maddy Siegrist,DAL,DAL vs. GS,08/24/2025,2025,L,36,16,5,12,41.7,1,4,25.0,5,5,100.0,3,2,5,1,3,1,0,1,-8
Kate Martin,GS,GS @ DAL,08/24/2025,2025,W,17,12,4,8,50.0,4,7,57.1,0,0,0.0,1,4,5,2,1,0,2,1,-6
Veronica Burton,GS,GS @ DAL,08/24/2025,2025,W,39,25,7,17,41.2,3,10,30.0,8,8,100.0,1,4,5,13,0,4,3,3,+13
Temi Fagbenle,GS,GS @ DAL,08/24/2025,2025,W,36,9,3,5,60.0,1,3,33.3,2,2,100.0,3,6,9,3,1,1,4,3,+11
Iliana Rupert,GS,GS @ DAL,08/24/2025,2025,W,36,17,5,12,41.7,5,9,55.6,2,2,100.0,0,6,6,2,0,1,0,3,+17
Kaila Charles,GS,GS @ DAL,08/24/2025,2025,W,34,16,5,10,50.0,2,5,40.0,4,4,100.0,2,4,6,2,0,0,3,3,+17
Kiana Williams,PHX,PHX vs. GS,08/23/2025,2025,W,2,0,0,1,0.0,0,1,0.0,0,0,0.0,0,0,0,0,0,0,0,0,-10
Kamilla Cardoso,CHI,CHI vs. CON,08/23/2025,2025,L,34,18,7,14,50.0,0,0,0.0,4,6,66.7,1,6,7,5,0,0,6,3,-18
Sevgi Uzun,CHI,CHI vs. CON,08/23/2025,2025,L,22,6,3,6,50.0,0,2,0.0,0,0,0.0,0,3,3,3,0,0,3,4,+6
Kia Nurse,CHI,CHI vs. CON,08/23/2025,2025,L,18,19,6,10,60.0,5,9,55.6,2,2,100.0,0,2,2,0,0,0,0,0,+6
Ariel Atkins,CHI,CHI vs. CON,08/23/2025,2025,L,29,12,4,8,50.0,1,2,50.0,3,4,75.0,2,4,6,3,1,0,2,3,-22
Aaliyah Edwards,CON,CON @ CHI,08/23/2025,2025,W,16,0,0,1,0.0,0,0,0.0,0,0,0.0,1,2,3,1,1,2,0,0,0
Saniya Rivers,CON,CON @ CHI,08/23/2025,2025,W,27,13,4,10,40.0,2,4,50.0,3,4,75.0,1,2,3,3,3,0,0,1,+2
Kitija Laksa,PHX,PHX vs. GS,08/23/2025,2025,W,2,0,0,1,0.0,0,1,0.0,0,0,0.0,0,0,0,0,0,1,0,0,-10
Marina Mabrey,CON,CON @ CHI,08/23/2025,2025,W,37,20,7,17,41.2,2,9,22.2,4,4,100.0,0,4,4,8,2,0,2,3,+6
Bria Hartley,CON,CON @ CHI,08/23/2025,2025,W,32,23,8,9,88.9,3,3,100.0,4,6,66.7,1,1,2,4,0,0,3,4,+9
Aneesah Morrow,CON,CON @ CHI,08/23/2025,2025,W,24,7,2,4,50.0,1,1,100.0,2,2,100.0,1,4,5,1,2,1,2,2,+11
Iliana Rupert,GS,GS @ PHX,08/23/2025,2025,L,26,9,3,9,33.3,3,6,50.0,0,0,0.0,1,4,5,2,0,2,0,3,+7
Laeticia Amihere,GS,GS @ PHX,08/23/2025,2025,L,22,6,1,9,11.1,0,2,0.0,4,5,80.0,3,5,8,0,0,0,0,1,-12
Kaila Charles,GS,GS @ PHX,08/23/2025,2025,L,26,9,2,7,28.6,1,3,33.3,4,6,66.7,1,4,5,0,3,0,0,3,-9
Kate Martin,GS,GS @ PHX,08/23/2025,2025,L,12,7,3,6,50.0,1,4,25.0,0,0,0.0,1,3,4,2,0,0,0,1,+4
Kaitlyn Chen,GS,GS @ PHX,08/23/2025,2025,L,7,0,0,0,0.0,0,0,0.0,0,0,0.0,0,0,0,0,0,0,2,0,+5
Kathryn Westbeld,PHX,PHX vs. GS,08/23/2025,2025,W,13,3,1,4,25.0,1,4,25.0,0,0,0.0,0,0,0,1,0,0,0,0,+2
Kalani Brown,PHX,PHX vs. GS,08/23/2025,2025,W,2,0,0,0,0.0,0,0,0.0,0,0,0.0,0,0,0,0,0,0,0,0,-10
Lexi Held,PHX,PHX vs. GS,08/23/2025,2025,W,6,0,0,2,0.0,0,1,0.0,0,0,0.0,0,0,0,0,0,0,1,1,-6
Angel Reese,CHI,CHI vs. CON,08/23/2025,2025,L,31,11,5,10,50.0,0,0,0.0,1,4,25.0,6,5,11,5,0,0,2,3,-9
Kierstan Bell,LV,LV @ WSH,08/23/2025,2025,W,23,3,1,5,20.0,1,3,33.3,0,0,0.0,0,2,2,2,0,0,1,0,+4
Marine Johannes,NY,NY @ ATL,08/23/2025,2025,L,24,7,3,12,25.0,1,7,14.3,0,0,0.0,0,3,3,5,0,1,1,1,-8
Aaliyah Nye,LV,LV @ WSH,08/23/2025,2025,W,2,0,0,0,0.0,0,0,0.0,0,0,0.0,0,0,0,0,0,0,1,1,-8
Alysha Clark,WSH,WSH vs. LV,08/23/2025,2025,L,26,6,3,6,50.0,0,2,0.0,0,0,0.0,0,5,5,0,1,0,0,1,0
Emily Engstler,WSH,WSH vs. LV,08/23/2025,2025,L,18,8,3,8,37.5,0,3,0.0,2,2,100.0,0,3,3,2,1,0,1,0,-13
Madison Scott,WSH,WSH vs. LV,08/23/2025,2025,L,3,2,0,1,0.0,0,0,0.0,2,2,100.0,0,0,0,0,1,0,0,1,+2
Lucy Olsen,WSH,WSH vs. LV,08/23/2025,2025,L,13,6,3,5,60.0,0,1,0.0,0,0,0.0,0,0,0,1,1,0,0,0,+4
Jade Melbourne,WSH,WSH vs. LV,08/23/2025,2025,L,24,2,1,2,50.0,0,0,0.0,0,0,0.0,0,1,1,6,0,0,2,1,-12
Emma Meesseman,NY,NY @ ATL,08/23/2025,2025,L,26,10,5,10,50.0,0,0,0.0,0,0,0.0,0,4,4,4,0,0,2,0,-23
Stephanie Talbot,NY,NY @ ATL,08/23/2025,2025,L,22,2,1,2,50.0,0,0,0.0,0,0,0.0,1,1,2,3,0,0,1,1,-3
Megan DiLeo,LV,LV @ WSH,08/23/2025,2025,W,7,0,0,1,0.0,0,0,0.0,0,0,0.0,0,0,0,0,0,0,0,3,-4
Rebekah Gardner,NY,NY @ ATL,08/23/2025,2025,L,22,4,2,2,100.0,0,0,0.0,0,0,0.0,1,5,6,1,0,0,2,3,+3
Kennedy Burke,NY,NY @ ATL,08/23/2025,2025,L,27,13,5,8,62.5,1,3,33.3,2,2,100.0,1,4,5,1,0,0,0,1,0
Te-Hina Paopao,ATL,ATL vs. NY,08/23/2025,2025,W,24,9,3,8,37.5,3,6,50.0,0,0,0.0,1,0,1,3,1,0,1,0,+10
Nia Coffey,ATL,ATL vs. NY,08/23/2025,2025,W,13,2,1,6,16.7,0,3,0.0,0,0,0.0,2,0,2,1,0,0,1,1,-3
Sika Kone,ATL,ATL vs. NY,08/23/2025,2025,W,1,0,0,1,0.0,0,1,0.0,0,0,0.0,0,0,0,0,0,0,0,0,-3
Brittney Griner,ATL,ATL vs. NY,08/23/2025,2025,W,15,4,1,3,33.3,0,0,0.0,2,2,100.0,0,2,2,1,0,0,1,2,-3
Shatori Walker-Kimbrough,ATL,ATL vs. NY,08/23/2025,2025,W,2,0,0,0,0.0,0,0,0.0,0,0,0.0,0,2,2,1,0,0,0,0,-3
Dana Evans,LV,LV @ WSH,08/23/2025,2025,W,24,21,8,11,72.7,5,6,83.3,0,0,0.0,0,3,3,3,0,1,0,0,+27
Kiah Stokes,LV,LV @ WSH,08/23/2025,2025,W,2,0,0,0,0.0,0,0,0.0,0,0,0.0,0,0,0,0,0,0,0,0,-8
Mackenzie Holmes,SEA,SEA @ DAL,08/22/2025,2025,W,5,2,1,1,100.0,0,0,0.0,0,0,0.0,0,1,1,0,0,0,0,0,+7
Grace Berger,DAL,DAL vs. SEA,08/22/2025,2025,L,31,4,1,6,16.7,0,1,0.0,2,2,100.0,1,3,4,3,0,0,2,4,-29
Kathryn Westbeld,PHX,PHX @ LV,08/22/2025,2025,L,19,2,1,3,33.3,0,1,0.0,0,0,0.0,2,3,5,0,0,0,0,0,-11
Kalani Brown,PHX,PHX @ LV,08/22/2025,2025,L,5,2,1,2,50.0,0,0,0.0,0,0,0.0,0,3,3,0,0,1,0,0,-1
Kitija Laksa,PHX,PHX @ LV,08/22/2025,2025,L,7,0,0,2,0.0,0,2,0.0,0,0,0.0,0,0,0,0,0,0,0,0,-5
Kiana Williams,PHX,PHX @ LV,08/22/2025,2025,L,5,0,0,0,0.0,0,0,0.0,0,0,0.0,0,0,0,0,0,0,1,0,-1
Lexi Held,PHX,PHX @ LV,08/22/2025,2025,L,11,2,1,5,20.0,0,2,0.0,0,0,0.0,0,0,0,1,0,0,2,0,-5
Kiah Stokes,LV,LV vs. PHX,08/22/2025,2025,W,7,0,0,0,0.0,0,0,0.0,0,0,0.0,0,3,3,0,0,0,0,1,+10
Megan DiLeo,LV,LV vs. PHX,08/22/2025,2025,W,3,0,0,2,0.0,0,1,0.0,0,0,0.0,0,2,2,0,0,0,0,0,+3
Jewell Loyd,LV,LV vs. PHX,08/22/2025,2025,W,26,5,2,8,25.0,1,5,20.0,0,0,0.0,1,2,3,3,2,0,0,2,+19
Dana Evans,LV,LV vs. PHX,08/22/2025,2025,W,19,17,7,9,77.8,1,1,100.0,2,2,100.0,0,1,1,0,1,0,0,1,+22
Aaliyah Nye,LV,LV vs. PHX,08/22/2025,2025,W,10,0,0,0,0.0,0,0,0.0,0,0,0.0,0,1,1,0,1,0,0,0,+5
Shey Peddy,IND,IND vs. MIN,08/22/2025,2025,L,22,10,3,4,75.0,3,4,75.0,1,2,50.0,0,0,0,4,0,0,3,0,+8
Diamond Miller,DAL,DAL vs. SEA,08/22/2025,2025,L,23,8,2,7,28.6,1,4,25.0,3,4,75.0,1,1,2,1,0,0,1,3,-24
Amy Okonkwo,DAL,DAL vs. SEA,08/22/2025,2025,L,9,8,3,5,60.0,0,2,0.0,2,2,100.0,0,1,1,0,0,0,1,1,-10
Haley Jones,DAL,DAL vs. SEA,08/22/2025,2025,L,24,2,1,7,14.3,0,3,0.0,0,0,0.0,0,10,10,2,0,0,3,1,-23
Aziaha James,DAL,DAL vs. SEA,08/22/2025,2025,L,21,7,3,13,23.1,1,6,16.7,0,0,0.0,0,0,0,0,0,0,1,3,-24
Zia Cooke,SEA,SEA @ DAL,08/22/2025,2025,W,7,5,1,4,25.0,1,3,33.3,2,4,50.0,0,0,0,0,1,0,0,0,+8
Lexie Brown,SEA,SEA @ DAL,08/22/2025,2025,W,12,5,2,4,50.0,1,3,33.3,0,0,0.0,0,2,2,2,0,1,0,0,+14
Tiffany Mitchell,SEA,SEA @ DAL,08/22/2025,2025,W,21,11,5,7,71.4,0,1,0.0,1,1,100.0,0,0,0,1,1,1,1,1,+21
Dominique Malonga,SEA,SEA @ DAL,08/22/2025,2025,W,30,22,10,12,83.3,1,1,100.0,1,2,50.0,1,8,9,2,0,3,1,2,+28
Damiris Dantas,IND,IND vs. MIN,08/22/2025,2025,L,10,3,1,2,50.0,1,1,100.0,0,0,0.0,1,2,3,1,0,0,0,0,+14
Lexie Hull,IND,IND vs. MIN,08/22/2025,2025,L,38,23,9,16,56.2,4,7,57.1,1,1,100.0,0,4,4,2,2,0,1,4,-2
Kelsey Mitchell,IND,IND vs. MIN,08/22/2025,2025,L,35,27,9,20,45.0,5,7,71.4,4,6,66.7,0,0,0,5,0,0,2,4,-13
Aliyah Boston,IND,IND vs. MIN,08/22/2025,2025,L,32,15,7,9,77.8,0,0,0.0,1,2,50.0,2,4,6,2,2,0,2,2,-4
Natisha Hiedeman,MIN,MIN @ IND,08/22/2025,2025,W,27,17,6,10,60.0,2,2,100.0,3,3,100.0,0,2,2,0,1,0,2,2,+8
Kayla McBride,MIN,MIN @ IND,08/22/2025,2025,W,33,29,10,19,52.6,4,8,50.0,5,5,100.0,0,2,2,6,2,0,1,1,+9
Alanna Smith,MIN,MIN @ IND,08/22/2025,2025,W,25,8,3,6,50.0,2,4,50.0,0,2,0.0,2,1,3,5,0,1,2,3,+7
Bridget Carleton,MIN,MIN @ IND,08/22/2025,2025,W,33,7,3,7,42.9,1,4,25.0,0,0,0.0,2,3,5,0,2,0,0,1,+11
Jessica Shepard,MIN,MIN @ IND,08/22/2025,2025,W,40,22,10,11,90.9,0,0,0.0,2,6,33.3,5,6,11,10,0,0,0,0,+5
Paige Bueckers,DAL,DAL @ LA,08/21/2025,2025,L,36,44,17,21,81.0,4,4,100.0,6,6,100.0,0,4,4,3,1,0,3,3,+12
Alanna Smith,MIN,MIN @ ATL,08/21/2025,2025,L,37,10,4,7,57.1,2,2,100.0,0,0,0.0,1,5,6,1,3,2,2,4,+1
Kayla McBride,MIN,MIN @ ATL,08/21/2025,2025,L,33,15,6,12,50.0,3,5,60.0,0,0,0.0,0,0,0,4,2,0,4,2,+5
Aziaha James,DAL,DAL @ LA,08/21/2025,2025,L,17,4,2,5,40.0,0,1,0.0,0,1,0.0,0,3,3,1,0,0,1,1,-10
Bridget Carleton,MIN,MIN @ ATL,08/21/2025,2025,L,35,16,5,13,38.5,4,8,50.0,2,2,100.0,2,4,6,2,1,0,0,3,+4
Jessica Shepard,MIN,MIN @ ATL,08/21/2025,2025,L,32,15,7,9,77.8,0,0,0.0,1,2,50.0,1,15,16,4,1,0,3,0,+11
Rae Burrell,LA,LA vs. DAL,08/21/2025,2025,W,19,2,1,5,20.0,0,3,0.0,0,0,0.0,0,2,2,2,0,1,0,2,+13
Julie Allemand,LA,LA vs. DAL,08/21/2025,2025,W,37,0,0,1,0.0,0,1,0.0,0,0,0.0,1,2,3,8,2,0,2,3,-5
Kelsey Plum,LA,LA vs. DAL,08/21/2025,2025,W,33,20,9,23,39.1,1,9,11.1,1,3,33.3,2,2,4,1,1,0,2,1,+5
Rickea Jackson,LA,LA vs. DAL,08/21/2025,2025,W,33,25,9,15,60.0,6,7,85.7,1,1,100.0,2,3,5,0,2,0,4,1,-10
Dearica Hamby,LA,LA vs. DAL,08/21/2025,2025,W,30,13,6,13,46.2,0,0,0.0,1,2,50.0,0,9,9,2,0,1,2,1,-15
Myisha Hines-Allen,DAL,DAL @ LA,08/21/2025,2025,L,14,0,0,0,0.0,0,0,0.0,0,0,0.0,1,2,3,1,1,0,2,1,-18
Tina Charles,CON,CON vs. WSH,08/21/2025,2025,W,22,21,9,14,64.3,0,1,0.0,3,4,75.0,2,4,6,0,2,0,0,1,+5
Luisa Geiselsoder,DAL,DAL @ LA,08/21/2025,2025,L,36,9,3,9,33.3,3,6,50.0,0,0,0.0,0,6,6,2,3,0,1,3,+9
Saniya Rivers,CON,CON vs. WSH,08/21/2025,2025,W,28,7,3,10,30.0,1,4,25.0,0,0,0.0,1,0,1,4,1,1,1,1,+3
Leila Lacan,CON,CON vs. WSH,08/21/2025,2025,W,38,5,2,9,22.2,1,4,25.0,0,0,0.0,0,3,3,5,5,0,2,5,+11
Marina Mabrey,CON,CON vs. WSH,08/21/2025,2025,W,37,7,3,9,33.3,0,2,0.0,1,2,50.0,0,7,7,5,2,0,1,1,+7
Naz Hillmon,ATL,ATL vs. MIN,08/21/2025,2025,W,31,2,1,6,16.7,0,2,0.0,0,0,0.0,3,6,9,3,1,0,2,0,+4
Aneesah Morrow,CON,CON vs. WSH,08/21/2025,2025,W,24,6,3,9,33.3,0,1,0.0,0,0,0.0,4,4,8,1,2,0,2,3,+5
Lucy Olsen,WSH,WSH @ CON,08/21/2025,2025,L,13,2,1,3,33.3,0,2,0.0,0,0,0.0,0,2,2,2,1,0,1,0,-5
Madison Scott,WSH,WSH @ CON,08/21/2025,2025,L,2,0,0,0,0.0,0,0,0.0,0,0,0.0,0,0,0,0,0,0,0,0,0
Alysha Clark,WSH,WSH @ CON,08/21/2025,2025,L,25,0,0,4,0.0,0,4,0.0,0,0,0.0,0,3,3,1,0,0,0,2,-6
Jade Melbourne,WSH,WSH @ CON,08/21/2025,2025,L,22,4,1,7,14.3,0,3,0.0,2,2,100.0,1,1,2,1,1,0,2,1,-8
Sug Sutton,WSH,WSH @ CON,08/21/2025,2025,L,29,4,1,5,20.0,0,2,0.0,2,2,100.0,0,1,1,6,0,0,3,1,-8
Courtney Williams,MIN,MIN @ ATL,08/21/2025,2025,L,27,6,3,14,21.4,0,2,0.0,0,0,0.0,0,5,5,9,0,0,5,1,+15
Grace Berger,DAL,DAL @ LA,08/21/2025,2025,L,30,2,1,6,16.7,0,0,0.0,0,0,0.0,0,6,6,7,2,3,2,3,+8
Allisha Gray,ATL,ATL vs. MIN,08/21/2025,2025,W,31,27,10,21,47.6,3,8,37.5,4,5,80.0,0,4,4,2,3,2,0,2,-2
Leonie Fiebich,NY,NY vs. CHI,08/21/2025,2025,L,30,8,3,5,60.0,2,3,66.7,0,0,0.0,2,0,2,2,1,0,2,1,-11
Rhyne Howard,ATL,ATL vs. MIN,08/21/2025,2025,W,37,16,5,20,25.0,2,11,18.2,4,4,100.0,1,3,4,3,2,0,2,2,-1
Michaela Onyenwere,CHI,CHI @ NY,08/21/2025,2025,W,21,13,6,9,66.7,1,3,33.3,0,0,0.0,0,0,0,0,1,0,0,1,+6
Kamilla Cardoso,CHI,CHI @ NY,08/21/2025,2025,W,34,22,8,9,88.9,0,0,0.0,6,6,100.0,6,9,15,5,2,1,3,4,+7
Ariel Atkins,CHI,CHI @ NY,08/21/2025,2025,W,27,19,6,9,66.7,2,4,50.0,5,7,71.4,0,5,5,5,2,1,2,5,+10
Rebecca Allen,CHI,CHI @ NY,08/21/2025,2025,W,19,0,0,6,0.0,0,4,0.0,0,0,0.0,0,2,2,0,0,1,0,1,+7
Angel Reese,CHI,CHI @ NY,08/21/2025,2025,W,29,21,6,9,66.7,0,0,0.0,9,10,90.0,1,9,10,3,1,0,3,3,+7
Jonquel Jones,NY,NY vs. CHI,08/21/2025,2025,L,32,25,9,16,56.2,5,11,45.5,2,2,100.0,2,5,7,2,2,2,1,2,-13
Emma Meesseman,NY,NY vs. CHI,08/21/2025,2025,L,32,5,2,4,50.0,0,1,0.0,1,3,33.3,3,4,7,6,4,1,6,5,+3
Natasha Cloud,NY,NY vs. CHI,08/21/2025,2025,L,27,14,5,13,38.5,2,7,28.6,2,3,66.7,1,3,4,5,2,0,2,5,-5
Marine Johannes,NY,NY vs. CHI,08/21/2025,2025,L,17,9,3,9,33.3,3,6,50.0,0,0,0.0,0,1,1,1,0,1,1,1,-1
Maya Caldwell,ATL,ATL vs. MIN,08/21/2025,2025,W,18,8,2,3,66.7,2,3,66.7,2,2,100.0,0,2,2,2,0,0,1,0,0
Brittney Griner,ATL,ATL vs. MIN,08/21/2025,2025,W,17,6,2,5,40.0,0,0,0.0,2,2,100.0,1,7,8,0,1,0,2,3,-13
Nneka Ogwumike,SEA,SEA @ CHI,08/20/2025,2025,W,33,21,8,15,53.3,3,5,60.0,2,2,100.0,1,5,6,5,2,0,3,2,+9
Naz Hillmon,ATL,ATL @ LV,08/20/2025,2025,L,22,1,0,4,0.0,0,2,0.0,1,2,50.0,2,2,4,0,1,0,2,1,-1
Allisha Gray,ATL,ATL @ LV,08/20/2025,2025,L,36,16,6,14,42.9,2,6,33.3,2,2,100.0,1,5,6,2,2,0,0,3,-8
Rhyne Howard,ATL,ATL @ LV,08/20/2025,2025,L,35,19,6,16,37.5,4,11,36.4,3,3,100.0,0,3,3,6,1,0,1,1,+1
Brittney Griner,ATL,ATL @ LV,08/20/2025,2025,L,26,16,7,10,70.0,0,0,0.0,2,3,66.7,3,5,8,2,2,2,2,2,+1
Te-Hina Paopao,ATL,ATL @ LV,08/20/2025,2025,L,32,7,3,9,33.3,1,4,25.0,0,0,0.0,0,1,1,5,0,0,2,2,-3
Kierstan Bell,LV,LV vs. ATL,08/20/2025,2025,W,13,3,1,3,33.3,0,1,0.0,1,2,50.0,1,1,2,0,0,0,1,0,+1
A'ja Wilson,LV,LV vs. ATL,08/20/2025,2025,W,37,32,12,24,50.0,2,4,50.0,6,6,100.0,4,8,12,4,1,5,2,1,+8
Jackie Young,LV,LV vs. ATL,08/20/2025,2025,W,36,16,7,14,50.0,1,6,16.7,1,2,50.0,3,4,7,2,2,0,1,2,+12
Jewell Loyd,LV,LV vs. ATL,08/20/2025,2025,W,29,7,3,7,42.9,1,3,33.3,0,0,0.0,0,1,1,2,0,0,1,2,-2
Chelsea Gray,LV,LV vs. ATL,08/20/2025,2025,W,36,8,3,8,37.5,1,3,33.3,1,1,100.0,0,7,7,11,1,1,2,3,+1
Monique Akoa Makani,PHX,PHX @ GS,08/20/2025,2025,W,17,6,2,4,50.0,0,2,0.0,2,2,100.0,0,2,2,3,0,0,0,3,+9
Kahleah Copper,PHX,PHX @ GS,08/20/2025,2025,W,32,25,9,20,45.0,5,9,55.6,2,2,100.0,3,2,5,1,0,0,1,5,+8
Carla Leite,GS,GS vs. PHX,08/20/2025,2025,L,32,15,5,12,41.7,2,3,66.7,3,4,75.0,0,1,1,3,4,0,1,1,0
Veronica Burton,GS,GS vs. PHX,08/20/2025,2025,L,34,24,6,13,46.2,2,5,40.0,10,10,100.0,0,2,2,14,2,0,0,4,-10
Kate Martin,GS,GS vs. PHX,08/20/2025,2025,L,35,14,5,19,26.3,4,16,25.0,0,0,0.0,2,3,5,2,2,0,0,1,-4
Temi Fagbenle,GS,GS vs. PHX,08/20/2025,2025,L,17,7,3,6,50.0,1,3,33.3,0,0,0.0,1,1,2,0,0,0,0,5,-9
Janelle Salaun,GS,GS vs. PHX,08/20/2025,2025,L,37,13,5,11,45.5,2,4,50.0,1,1,100.0,0,6,6,0,1,0,2,2,-3
Gabby Williams,SEA,SEA @ CHI,08/20/2025,2025,W,35,9,4,11,36.4,0,4,0.0,1,1,100.0,1,3,4,5,1,2,5,1,+13
DeWanna Bonner,PHX,PHX @ GS,08/20/2025,2025,W,28,12,4,12,33.3,1,5,20.0,3,4,75.0,2,3,5,0,1,1,0,1,-2
Satou Sabally,PHX,PHX @ GS,08/20/2025,2025,W,31,17,4,11,36.4,2,6,33.3,7,8,87.5,1,3,4,6,0,0,2,2,+9
Alyssa Thomas,PHX,PHX @ GS,08/20/2025,2025,W,35,13,4,5,80.0,0,0,0.0,5,7,71.4,1,8,9,8,0,1,6,3,+11
Kia Nurse,CHI,CHI vs. SEA,08/20/2025,2025,L,14,13,4,6,66.7,3,4,75.0,2,2,100.0,0,0,0,2,1,0,1,0,+2
Elizabeth Williams,CHI,CHI vs. SEA,08/20/2025,2025,L,28,10,4,11,36.4,0,0,0.0,2,3,66.7,3,6,9,4,2,2,0,2,-5
Ariel Atkins,CHI,CHI vs. SEA,08/20/2025,2025,L,34,19,8,18,44.4,2,5,40.0,1,1,100.0,0,5,5,5,2,1,3,3,+4
Angel Reese,CHI,CHI vs. SEA,08/20/2025,2025,L,26,19,9,13,69.2,0,0,0.0,1,2,50.0,3,4,7,4,0,1,4,4,-2
Brittney Sykes,SEA,SEA @ CHI,08/20/2025,2025,W,30,12,3,6,50.0,2,3,66.7,4,5,80.0,0,4,4,5,1,0,1,3,-5
Skylar Diggins,SEA,SEA @ CHI,08/20/2025,2025,W,32,24,7,11,63.6,3,6,50.0,7,8,87.5,0,1,1,6,1,1,2,1,+8
Ezi Magbegor,SEA,SEA @ CHI,08/20/2025,2025,W,28,11,4,5,80.0,0,0,0.0,3,4,75.0,1,7,8,0,1,4,0,3,-2
Sevgi Uzun,CHI,CHI vs. SEA,08/20/2025,2025,L,25,7,3,8,37.5,1,2,50.0,0,0,0.0,0,1,1,4,1,0,1,1,+8
Jade Melbourne,WSH,WSH vs. CON,08/19/2025,2025,L,30,11,5,6,83.3,1,1,100.0,0,2,0.0,2,0,2,4,0,0,4,1,-6
Saniya Rivers,CON,CON @ WSH,08/19/2025,2025,W,26,17,6,9,66.7,1,3,33.3,4,4,100.0,0,4,4,1,1,0,2,2,+14
Sonia Citron,WSH,WSH vs. CON,08/19/2025,2025,L,34,19,7,17,41.2,3,7,42.9,2,2,100.0,1,2,3,3,0,0,2,0,-6
Kiki Iriafen,WSH,WSH vs. CON,08/19/2025,2025,L,33,9,3,8,37.5,0,0,0.0,3,3,100.0,2,10,12,4,0,0,3,3,-6
Tina Charles,CON,CON @ WSH,08/19/2025,2025,W,24,13,4,11,36.4,1,2,50.0,4,6,66.7,2,7,9,2,1,0,1,3,-6
Olivia Nelson-Ododa,CON,CON @ WSH,08/19/2025,2025,W,29,15,5,11,45.5,0,0,0.0,5,6,83.3,2,7,9,4,0,1,0,3,+15
Leila Lacan,CON,CON @ WSH,08/19/2025,2025,W,35,8,4,8,50.0,0,3,0.0,0,0,0.0,0,2,2,4,4,0,3,1,+13
Marina Mabrey,CON,CON @ WSH,08/19/2025,2025,W,35,9,4,10,40.0,0,3,0.0,1,1,100.0,0,6,6,2,1,1,3,3,+1
Lucy Olsen,WSH,WSH vs. CON,08/19/2025,2025,L,12,1,0,2,0.0,0,1,0.0,1,1,100.0,0,0,0,1,0,0,1,1,-3
Emily Engstler,WSH,WSH vs. CON,08/19/2025,2025,L,16,2,0,2,0.0,0,2,0.0,2,2,100.0,1,2,3,2,3,1,0,2,0
Leonie Fiebich,NY,NY vs. MIN,08/19/2025,2025,W,31,10,2,6,33.3,2,3,66.7,4,4,100.0,1,4,5,4,1,0,0,0,+10
Jessica Shepard,MIN,MIN @ NY,08/19/2025,2025,L,24,6,3,6,50.0,0,0,0.0,0,0,0.0,7,3,10,1,0,0,2,0,-12
Jonquel Jones,NY,NY vs. MIN,08/19/2025,2025,W,30,22,7,10,70.0,3,5,60.0,5,6,83.3,2,8,10,1,1,0,2,1,+16
Kennedy Burke,NY,NY vs. MIN,08/19/2025,2025,W,25,8,3,10,30.0,0,4,0.0,2,2,100.0,0,2,2,1,0,0,1,1,+6
Sabrina Ionescu,NY,NY vs. MIN,08/19/2025,2025,W,34,17,5,18,27.8,4,10,40.0,3,4,75.0,1,3,4,11,0,1,3,2,+16
Natasha Cloud,NY,NY vs. MIN,08/19/2025,2025,W,27,10,4,9,44.4,2,5,40.0,0,2,0.0,0,5,5,2,2,0,2,2,+8
Bridget Carleton,MIN,MIN @ NY,08/19/2025,2025,L,17,3,1,3,33.3,0,2,0.0,1,2,50.0,0,1,1,1,0,1,1,2,-15
Courtney Williams,MIN,MIN @ NY,08/19/2025,2025,L,32,17,7,19,36.8,1,3,33.3,2,2,100.0,1,4,5,2,2,0,3,3,-19
Kayla McBride,MIN,MIN @ NY,08/19/2025,2025,L,32,6,2,9,22.2,1,6,16.7,1,1,100.0,0,2,2,3,0,0,2,0,-12
Alanna Smith,MIN,MIN @ NY,08/19/2025,2025,L,32,5,2,6,33.3,0,2,0.0,1,1,100.0,1,8,9,2,3,2,1,2,-4
Carla Leite,GS,GS vs. ATL,08/18/2025,2025,L,16,2,0,1,0.0,0,1,0.0,2,2,100.0,0,2,2,2,0,0,1,2,-13
Taylor Thierry,ATL,ATL @ GS,08/18/2025,2025,W,2,0,0,1,0.0,0,0,0.0,0,0,0.0,0,0,0,0,0,0,0,0,-4
Sika Kone,ATL,ATL @ GS,08/18/2025,2025,W,2,0,0,0,0.0,0,0,0.0,0,0,0.0,0,0,0,0,0,0,0,1,-4
Shatori Walker-Kimbrough,ATL,ATL @ GS,08/18/2025,2025,W,2,0,0,1,0.0,0,1,0.0,0,0,0.0,0,1,1,0,0,0,0,0,-4
Te-Hina Paopao,ATL,ATL @ GS,08/18/2025,2025,W,29,10,4,8,50.0,2,5,40.0,0,0,0.0,1,1,2,4,1,0,0,4,+9
Laeticia Amihere,GS,GS vs. ATL,08/18/2025,2025,L,14,7,3,4,75.0,0,0,0.0,1,2,50.0,1,4,5,1,1,2,1,0,-7
Kaila Charles,GS,GS vs. ATL,08/18/2025,2025,L,2,0,0,0,0.0,0,0,0.0,0,0,0.0,0,0,0,0,0,0,0,0,+4
Kate Martin,GS,GS vs. ATL,08/18/2025,2025,L,21,7,3,6,50.0,1,3,33.3,0,0,0.0,2,1,3,0,0,0,2,1,-11
Kaitlyn Chen,GS,GS vs. ATL,08/18/2025,2025,L,2,0,0,0,0.0,0,0,0.0,0,0,0.0,0,1,1,0,0,0,0,0,+4
Nia Coffey,ATL,ATL @ GS,08/18/2025,2025,W,14,4,2,6,33.3,0,1,0.0,0,0,0.0,1,3,4,2,0,1,0,0,+2
Dearica Hamby,LA,LA @ WSH,08/17/2025,2025,L,30,26,12,17,70.6,1,1,100.0,1,3,33.3,3,1,4,7,1,1,2,5,-5
Nneka Ogwumike,SEA,SEA vs. PHX,08/17/2025,2025,L,34,24,10,17,58.8,1,6,16.7,3,3,100.0,1,7,8,2,2,0,1,1,-5
Kahleah Copper,PHX,PHX @ SEA,08/17/2025,2025,W,35,17,7,14,50.0,1,5,20.0,2,2,100.0,0,5,5,4,1,0,2,3,0
Sami Whitcomb,PHX,PHX @ SEA,08/17/2025,2025,W,27,15,3,7,42.9,3,7,42.9,6,6,100.0,0,2,2,1,0,0,3,4,+5
Satou Sabally,PHX,PHX @ SEA,08/17/2025,2025,W,23,11,4,12,33.3,1,5,20.0,2,2,100.0,1,9,10,2,1,0,4,4,-2
Aaliyah Nye,LV,LV vs. DAL,08/17/2025,2025,W,10,4,1,5,20.0,0,4,0.0,2,2,100.0,0,0,0,0,1,0,0,0,+5
Dana Evans,LV,LV vs. DAL,08/17/2025,2025,W,16,6,2,6,33.3,2,4,50.0,0,0,0.0,0,1,1,3,1,0,1,4,+5
Jewell Loyd,LV,LV vs. DAL,08/17/2025,2025,W,25,12,4,11,36.4,4,8,50.0,0,0,0.0,0,1,1,3,1,0,1,2,+10
Megan DiLeo,LV,LV vs. DAL,08/17/2025,2025,W,2,0,0,0,0.0,0,0,0.0,0,0,0.0,0,0,0,0,0,0,0,1,-4
Kiah Stokes,LV,LV vs. DAL,08/17/2025,2025,W,7,0,0,0,0.0,0,0,0.0,0,0,0.0,0,3,3,0,0,0,0,0,+1
JJ Quinerly,DAL,DAL @ LV,08/17/2025,2025,L,24,4,1,6,16.7,0,2,0.0,2,2,100.0,0,1,1,4,0,0,1,0,-12
Aziaha James,DAL,DAL @ LV,08/17/2025,2025,L,22,9,4,14,28.6,0,2,0.0,1,2,50.0,1,7,8,4,1,0,2,0,-14
Diamond Miller,DAL,DAL @ LV,08/17/2025,2025,L,11,4,2,5,40.0,0,2,0.0,0,0,0.0,0,2,2,0,0,0,0,1,-5
Myisha Hines-Allen,DAL,DAL @ LV,08/17/2025,2025,L,21,9,4,4,100.0,0,0,0.0,1,1,100.0,2,3,5,4,0,0,4,3,-11
Grace Berger,DAL,DAL @ LV,08/17/2025,2025,L,18,6,2,4,50.0,0,1,0.0,2,2,100.0,0,2,2,4,1,0,1,1,+1
Saniya Rivers,CON,CON vs. IND,08/17/2025,2025,L,36,15,6,10,60.0,3,4,75.0,0,0,0.0,0,2,2,2,0,5,2,3,-10
Leila Lacan,CON,CON vs. IND,08/17/2025,2025,L,38,7,3,6,50.0,1,1,100.0,0,0,0.0,0,4,4,14,3,0,0,4,+1
Marina Mabrey,CON,CON vs. IND,08/17/2025,2025,L,37,27,11,21,52.4,2,6,33.3,3,3,100.0,0,2,2,5,0,0,3,3,-16
Tina Charles,CON,CON vs. IND,08/17/2025,2025,L,30,21,8,18,44.4,1,3,33.3,4,5,80.0,3,3,6,3,1,0,3,4,-12
Aneesah Morrow,CON,CON vs. IND,08/17/2025,2025,L,34,10,4,9,44.4,0,2,0.0,2,4,50.0,3,8,11,1,2,0,0,4,-5
Kyra Lambert,IND,IND @ CON,08/17/2025,2025,W,0,0,0,0,0.0,0,0,0.0,0,0,0.0,0,0,0,0,0,0,0,0,0
Damiris Dantas,IND,IND @ CON,08/17/2025,2025,W,8,0,0,3,0.0,0,2,0.0,0,0,0.0,1,0,1,0,0,0,2,2,-6
Makayla Timpson,IND,IND @ CON,08/17/2025,2025,W,6,2,1,1,100.0,0,0,0.0,0,0,0.0,0,0,0,0,0,0,0,0,-7
DeWanna Bonner,PHX,PHX @ SEA,08/17/2025,2025,W,27,10,5,10,50.0,0,3,0.0,0,0,0.0,0,1,1,2,0,1,2,3,-1
Alyssa Thomas,PHX,PHX @ SEA,08/17/2025,2025,W,37,19,7,12,58.3,0,1,0.0,5,6,83.3,2,8,10,11,3,0,4,1,+6
Gabby Williams,SEA,SEA vs. PHX,08/17/2025,2025,L,34,13,6,14,42.9,1,4,25.0,0,0,0.0,0,3,3,7,1,0,2,3,+1
Alysha Clark,WSH,WSH vs. LA,08/17/2025,2025,W,23,7,3,4,75.0,1,2,50.0,0,0,0.0,2,5,7,6,1,1,1,2,+8
Skylar Diggins,SEA,SEA vs. PHX,08/17/2025,2025,L,29,14,5,10,50.0,0,2,0.0,4,6,66.7,0,0,0,2,2,1,3,4,-6
Azura Stevens,LA,LA @ WSH,08/17/2025,2025,L,29,6,3,9,33.3,0,5,0.0,0,0,0.0,0,2,2,0,1,0,0,2,-8
Rickea Jackson,LA,LA @ WSH,08/17/2025,2025,L,38,17,6,17,35.3,3,7,42.9,2,2,100.0,1,1,2,2,1,1,0,1,-4
Kelsey Plum,LA,LA @ WSH,08/17/2025,2025,L,38,25,10,15,66.7,2,5,40.0,3,4,75.0,0,3,3,6,3,1,3,1,-7
Julie Allemand,LA,LA @ WSH,08/17/2025,2025,L,25,2,1,4,25.0,0,3,0.0,0,0,0.0,0,2,2,4,1,0,0,0,-9
Sug Sutton,WSH,WSH vs. LA,08/17/2025,2025,W,29,8,3,4,75.0,2,2,100.0,0,0,0.0,0,3,3,7,0,0,4,1,+2
Chloe Bibby,IND,IND @ CON,08/17/2025,2025,W,7,0,0,2,0.0,0,2,0.0,0,0,0.0,0,1,1,0,0,0,0,0,0
Emily Engstler,WSH,WSH vs. LA,08/17/2025,2025,W,13,4,1,3,33.3,1,2,50.0,1,2,50.0,0,3,3,1,2,1,0,0,0
Lucy Olsen,WSH,WSH vs. LA,08/17/2025,2025,W,18,4,2,5,40.0,0,3,0.0,0,0,0.0,0,1,1,3,0,0,2,2,+3
Brianna Turner,IND,IND @ CON,08/17/2025,2025,W,14,0,0,0,0.0,0,0,0.0,0,0,0.0,0,1,1,1,0,1,0,2,+10
Erica Wheeler,SEA,SEA vs. PHX,08/17/2025,2025,L,21,8,3,8,37.5,2,6,33.3,0,0,0.0,0,2,2,1,1,0,2,4,0
Brittney Sykes,SEA,SEA vs. PHX,08/17/2025,2025,L,34,11,5,9,55.6,0,3,0.0,1,2,50.0,0,3,3,4,2,0,2,1,-5
Madison Scott,WSH,WSH vs. LA,08/17/2025,2025,W,10,2,1,2,50.0,0,1,0.0,0,0,0.0,1,0,1,0,0,0,1,1,-3
Courtney Williams,MIN,MIN vs. NY,08/16/2025,2025,W,35,26,10,18,55.6,3,6,50.0,3,4,75.0,0,5,5,5,0,0,3,2,+8
Jackie Young,LV,LV @ PHX,08/16/2025,2025,W,33,17,7,13,53.8,2,5,40.0,1,1,100.0,2,5,7,5,0,1,1,3,+9
Kiah Stokes,LV,LV @ PHX,08/16/2025,2025,W,6,0,0,0,0.0,0,0,0.0,0,0,0.0,0,0,0,0,0,0,0,1,-2
Jewell Loyd,LV,LV @ PHX,08/16/2025,2025,W,29,10,4,9,44.4,2,5,40.0,0,0,0.0,1,0,1,2,1,0,2,1,0
Alyssa Thomas,PHX,PHX vs. LV,08/16/2025,2025,L,34,15,6,11,54.5,0,0,0.0,3,5,60.0,0,6,6,9,3,1,3,4,-7
Satou Sabally,PHX,PHX vs. LV,08/16/2025,2025,L,30,26,10,16,62.5,3,7,42.9,3,4,75.0,4,1,5,4,2,1,2,3,-6
Kahleah Copper,PHX,PHX vs. LV,08/16/2025,2025,L,30,15,6,15,40.0,3,8,37.5,0,0,0.0,0,3,3,2,0,0,0,3,-5
Monique Akoa Makani,PHX,PHX vs. LV,08/16/2025,2025,L,32,8,3,9,33.3,2,5,40.0,0,0,0.0,0,4,4,6,0,0,2,2,0
DeWanna Bonner,PHX,PHX vs. LV,08/16/2025,2025,L,24,12,3,6,50.0,1,3,33.3,5,5,100.0,0,4,4,0,1,0,2,3,+5
Bridget Carleton,MIN,MIN vs. NY,08/16/2025,2025,W,19,0,0,2,0.0,0,2,0.0,0,0,0.0,0,2,2,3,1,0,0,2,+8
Kayla McBride,MIN,MIN vs. NY,08/16/2025,2025,W,34,17,3,14,21.4,2,7,28.6,9,13,69.2,1,3,4,2,0,0,0,1,+1
Alanna Smith,MIN,MIN vs. NY,08/16/2025,2025,W,35,14,6,11,54.5,0,2,0.0,2,2,100.0,3,4,7,2,1,4,3,3,-2
Jessica Shepard,MIN,MIN vs. NY,08/16/2025,2025,W,31,17,5,7,71.4,0,0,0.0,7,12,58.3,2,8,10,2,1,0,1,1,+14
Marine Johannes,NY,NY @ MIN,08/16/2025,2025,L,23,12,5,11,45.5,2,6,33.3,0,0,0.0,0,1,1,2,0,0,3,0,+2
A'ja Wilson,LV,LV @ PHX,08/16/2025,2025,W,34,30,8,16,50.0,0,0,0.0,14,15,93.3,5,11,16,1,0,2,2,1,+7
Sabrina Ionescu,NY,NY @ MIN,08/16/2025,2025,L,33,13,5,16,31.2,2,7,28.6,1,2,50.0,2,8,10,2,2,0,3,4,-6
Jonquel Jones,NY,NY @ MIN,08/16/2025,2025,L,30,17,7,11,63.6,2,4,50.0,1,1,100.0,0,6,6,2,0,1,3,2,-5
Leonie Fiebich,NY,NY @ MIN,08/16/2025,2025,L,32,7,3,8,37.5,1,3,33.3,0,0,0.0,3,4,7,4,1,0,1,4,-5
Chelsea Gray,LV,LV @ PHX,08/16/2025,2025,W,36,16,5,11,45.5,0,2,0.0,6,6,100.0,0,2,2,9,3,2,1,1,+8
Emma Meesseman,NY,NY @ MIN,08/16/2025,2025,L,28,10,4,8,50.0,2,3,66.7,0,0,0.0,0,3,3,3,1,1,0,5,-4
Allisha Gray,ATL,ATL vs. SEA,08/16/2025,2025,L,37,12,4,12,33.3,0,2,0.0,4,4,100.0,0,5,5,4,1,0,4,4,-3
Nneka Ogwumike,SEA,SEA @ ATL,08/16/2025,2025,W,35,16,6,14,42.9,2,6,33.3,2,4,50.0,1,7,8,0,0,0,2,3,+5
Ezi Magbegor,SEA,SEA @ ATL,08/16/2025,2025,W,27,7,3,7,42.9,0,1,0.0,1,2,50.0,0,6,6,3,2,3,1,3,-13
Skylar Diggins,SEA,SEA @ ATL,08/16/2025,2025,W,34,21,8,18,44.4,2,4,50.0,3,3,100.0,2,1,3,11,1,1,1,1,+6
Brittney Sykes,SEA,SEA @ ATL,08/16/2025,2025,W,34,13,5,12,41.7,1,2,50.0,2,3,66.7,1,0,1,2,2,1,1,4,+5
Brionna Jones,ATL,ATL vs. SEA,08/16/2025,2025,L,25,18,7,11,63.6,0,0,0.0,4,6,66.7,5,5,10,2,0,0,1,3,+5
Maya Caldwell,ATL,ATL vs. SEA,08/16/2025,2025,L,33,2,1,3,33.3,0,1,0.0,0,0,0.0,0,3,3,3,1,1,1,2,+5
Rhyne Howard,ATL,ATL vs. SEA,08/16/2025,2025,L,36,21,4,10,40.0,1,4,25.0,12,13,92.3,0,2,2,1,1,1,2,5,-3
Nia Coffey,ATL,ATL vs. SEA,08/16/2025,2025,L,13,4,1,2,50.0,0,0,0.0,2,2,100.0,0,7,7,3,0,1,0,0,+12
Gabby Williams,SEA,SEA @ ATL,08/16/2025,2025,W,25,11,5,9,55.6,1,4,25.0,0,0,0.0,0,2,2,2,1,1,0,1,0
Kiki Iriafen,WSH,WSH @ IND,08/15/2025,2025,W,31,18,6,8,75.0,1,1,100.0,5,6,83.3,1,11,12,1,0,1,4,5,-2
Carla Leite,GS,GS @ CHI,08/15/2025,2025,W,19,7,1,3,33.3,0,1,0.0,5,5,100.0,0,1,1,1,1,0,1,2,+26
Kaitlyn Chen,GS,GS @ CHI,08/15/2025,2025,W,3,2,1,1,100.0,0,0,0.0,0,0,0.0,0,0,0,1,0,0,0,0,+2
Kate Martin,GS,GS @ CHI,08/15/2025,2025,W,11,5,1,3,33.3,1,2,50.0,2,2,100.0,1,1,2,2,0,0,0,1,0
Kaila Charles,GS,GS @ CHI,08/15/2025,2025,W,8,0,0,1,0.0,0,0,0.0,0,0,0.0,0,1,1,1,2,0,1,1,+13
Laeticia Amihere,GS,GS @ CHI,08/15/2025,2025,W,3,0,0,0,0.0,0,0,0.0,0,0,0.0,0,0,0,0,0,0,0,0,+2
Aliyah Boston,IND,IND vs. WSH,08/15/2025,2025,L,27,20,8,13,61.5,0,0,0.0,4,6,66.7,4,5,9,1,0,0,1,2,-7
Sonia Citron,WSH,WSH @ IND,08/15/2025,2025,W,31,21,6,13,46.2,3,5,60.0,6,6,100.0,1,1,2,3,0,0,2,2,+19
Jade Melbourne,WSH,WSH @ IND,08/15/2025,2025,W,28,7,1,2,50.0,0,1,0.0,5,6,83.3,0,3,3,5,0,2,3,2,+7
Emily Engstler,WSH,WSH @ IND,08/15/2025,2025,W,26,7,3,9,33.3,0,3,0.0,1,2,50.0,1,6,7,4,3,3,1,5,-5
Madison Scott,WSH,WSH @ IND,08/15/2025,2025,W,7,0,0,1,0.0,0,0,0.0,0,0,0.0,0,0,0,1,1,0,0,1,0
Kelsey Mitchell,IND,IND vs. WSH,08/15/2025,2025,L,33,14,6,19,31.6,1,6,16.7,1,2,50.0,0,0,0,9,0,0,1,3,-12
Sophie Cunningham,IND,IND vs. WSH,08/15/2025,2025,L,28,8,2,6,33.3,2,4,50.0,2,2,100.0,0,2,2,6,3,0,0,5,+1
Elizabeth Williams,CHI,CHI vs. GS,08/15/2025,2025,L,29,10,5,12,41.7,0,0,0.0,0,0,0.0,4,1,5,4,0,2,1,0,-24
Rachel Banham,CHI,CHI vs. GS,08/15/2025,2025,L,33,15,5,13,38.5,3,9,33.3,2,2,100.0,1,4,5,2,0,0,3,3,-18
Sevgi Uzun,CHI,CHI vs. GS,08/15/2025,2025,L,25,6,2,7,28.6,2,5,40.0,0,0,0.0,0,2,2,4,1,0,1,4,-12
Maddy Westbeld,CHI,CHI vs. GS,08/15/2025,2025,L,8,0,0,2,0.0,0,0,0.0,0,0,0.0,1,1,2,1,1,0,1,1,-6
JJ Quinerly,DAL,DAL vs. LA,08/15/2025,2025,L,30,11,4,8,50.0,3,5,60.0,0,0,0.0,0,2,2,9,3,0,5,3,+16
Aziaha James,DAL,DAL vs. LA,08/15/2025,2025,L,19,10,5,9,55.6,0,3,0.0,0,0,0.0,0,3,3,3,2,0,0,0,+10
Myisha Hines-Allen,DAL,DAL vs. LA,08/15/2025,2025,L,19,9,4,5,80.0,1,1,100.0,0,0,0.0,2,5,7,3,0,0,1,1,+16
Paige Bueckers,DAL,DAL vs. LA,08/15/2025,2025,L,33,29,12,21,57.1,0,3,0.0,5,5,100.0,2,2,4,5,0,1,1,3,-1
Maddy Siegrist,DAL,DAL vs. LA,08/15/2025,2025,L,33,15,4,9,44.4,1,4,25.0,6,6,100.0,1,2,3,2,1,1,1,3,-2
Julie Allemand,LA,LA @ DAL,08/15/2025,2025,W,36,12,5,8,62.5,2,4,50.0,0,0,0.0,0,4,4,10,4,0,1,1,+4
Kelsey Plum,LA,LA @ DAL,08/15/2025,2025,W,34,28,9,17,52.9,3,5,60.0,7,10,70.0,1,2,3,5,2,0,5,4,0
Rickea Jackson,LA,LA @ DAL,08/15/2025,2025,W,35,15,5,17,29.4,3,7,42.9,2,2,100.0,4,1,5,2,1,0,1,5,+3
Lexie Hull,IND,IND vs. WSH,08/15/2025,2025,L,35,7,3,8,37.5,1,4,25.0,0,0,0.0,1,4,5,0,3,0,1,1,-1
Azura Stevens,LA,LA @ DAL,08/15/2025,2025,W,32,15,5,12,41.7,2,5,40.0,3,3,100.0,1,6,7,1,0,2,0,1,+5
Dearica Hamby,LA,LA @ DAL,08/15/2025,2025,W,28,20,7,13,53.8,1,1,100.0,5,6,83.3,5,5,10,4,1,0,3,3,+13
Odyssey Sims,IND,IND vs. WSH,08/15/2025,2025,L,26,11,5,10,50.0,1,3,33.3,0,0,0.0,1,1,2,3,0,0,1,3,+4
Hailey Van Lith,CHI,CHI vs. GS,08/15/2025,2025,L,18,2,1,3,33.3,0,2,0.0,0,0,0.0,0,2,2,1,2,0,1,2,-21
Chelsea Gray,LV,LV vs. NY,08/14/2025,2025,W,39,13,5,11,45.5,1,5,20.0,2,2,100.0,0,1,1,5,2,1,2,1,+4
Kiah Stokes,LV,LV vs. NY,08/14/2025,2025,W,6,0,0,0,0.0,0,0,0.0,0,0,0.0,0,2,2,0,0,0,0,0,+7
Jewell Loyd,LV,LV vs. NY,08/14/2025,2025,W,26,21,7,12,58.3,5,9,55.6,2,4,50.0,0,2,2,1,0,0,1,3,+2
A'ja Wilson,LV,LV vs. NY,08/14/2025,2025,W,34,17,3,14,21.4,0,1,0.0,11,11,100.0,6,10,16,4,2,2,0,1,+1
Sabrina Ionescu,NY,NY @ LV,08/14/2025,2025,L,31,18,6,15,40.0,3,9,33.3,3,3,100.0,0,1,1,1,1,0,1,2,-12
Natasha Cloud,NY,NY @ LV,08/14/2025,2025,L,32,6,3,9,33.3,0,3,0.0,0,0,0.0,1,4,5,4,0,1,2,1,-1
Emma Meesseman,NY,NY @ LV,08/14/2025,2025,L,32,24,8,15,53.3,2,3,66.7,6,6,100.0,3,7,10,3,1,0,5,2,0
Jackie Young,LV,LV vs. NY,08/14/2025,2025,W,34,15,5,13,38.5,1,5,20.0,4,5,80.0,3,4,7,4,2,1,5,5,+6
Leonie Fiebich,NY,NY @ LV,08/14/2025,2025,L,29,5,1,1,100.0,1,1,100.0,2,2,100.0,0,4,4,3,1,0,0,4,-7
Jonquel Jones,NY,NY @ LV,08/14/2025,2025,L,33,11,4,12,33.3,0,4,0.0,3,5,60.0,2,5,7,5,0,2,2,5,-2
Nneka Ogwumike,SEA,SEA vs. ATL,08/14/2025,2025,L,36,29,13,23,56.5,1,6,16.7,2,2,100.0,1,8,9,4,1,0,0,1,+8
Allisha Gray,ATL,ATL @ SEA,08/14/2025,2025,W,39,22,8,14,57.1,3,6,50.0,3,7,42.9,1,10,11,1,1,0,3,2,+4
Naz Hillmon,ATL,ATL @ SEA,08/14/2025,2025,W,35,7,3,6,50.0,1,3,33.3,0,0,0.0,1,7,8,5,1,0,1,2,-6
Rhyne Howard,ATL,ATL @ SEA,08/14/2025,2025,W,38,25,8,18,44.4,5,12,41.7,4,4,100.0,0,1,1,7,2,0,3,2,+13
Nia Coffey,ATL,ATL @ SEA,08/14/2025,2025,W,6,0,0,2,0.0,0,0,0.0,0,0,0.0,1,1,2,1,0,0,0,1,+15
Maya Caldwell,ATL,ATL @ SEA,08/14/2025,2025,W,34,10,4,5,80.0,2,3,66.7,0,0,0.0,0,7,7,1,0,0,1,1,+13
Gabby Williams,SEA,SEA vs. ATL,08/14/2025,2025,L,32,11,5,10,50.0,0,1,0.0,1,3,33.3,0,4,4,6,1,1,0,1,-6
Ezi Magbegor,SEA,SEA vs. ATL,08/14/2025,2025,L,31,8,3,6,50.0,1,2,50.0,1,4,25.0,2,1,3,2,2,2,1,3,-3
Brittney Sykes,SEA,SEA vs. ATL,08/14/2025,2025,L,33,7,2,10,20.0,0,0,0.0,3,4,75.0,1,4,5,2,0,0,2,2,-6
Erica Wheeler,SEA,SEA vs. ATL,08/14/2025,2025,L,15,6,2,9,22.2,2,5,40.0,0,0,0.0,1,2,3,2,2,0,1,3,-17
Sug Sutton,WSH,WSH vs. GS,08/13/2025,2025,L,29,15,7,11,63.6,1,5,20.0,0,0,0.0,0,1,1,7,0,0,1,1,+13
Rachel Banham,CHI,CHI @ CON,08/13/2025,2025,L,29,10,3,9,33.3,3,8,37.5,1,2,50.0,1,4,5,2,0,0,2,1,-11
Kamilla Cardoso,CHI,CHI @ CON,08/13/2025,2025,L,34,24,10,19,52.6,0,0,0.0,4,5,80.0,2,7,9,3,0,1,1,2,-3
Elizabeth Williams,CHI,CHI @ CON,08/13/2025,2025,L,28,12,5,12,41.7,0,0,0.0,2,3,66.7,6,9,15,3,0,2,2,1,-10
Lucy Olsen,WSH,WSH vs. GS,08/13/2025,2025,L,13,4,2,6,33.3,0,3,0.0,0,0,0.0,1,0,1,0,0,0,0,1,-7
Emily Engstler,WSH,WSH vs. GS,08/13/2025,2025,L,24,13,5,5,100.0,3,3,100.0,0,0,0.0,1,4,5,2,1,1,3,0,-3
Sonia Citron,WSH,WSH vs. GS,08/13/2025,2025,L,34,15,4,13,30.8,1,3,33.3,6,6,100.0,0,3,3,3,1,0,1,4,+12
Janelle Salaun,GS,GS @ WSH,08/13/2025,2025,W,29,11,5,9,55.6,1,3,33.3,0,0,0.0,1,3,4,1,1,0,3,2,+2
Kiki Iriafen,WSH,WSH vs. GS,08/13/2025,2025,L,33,14,5,11,45.5,0,0,0.0,4,4,100.0,2,8,10,4,1,0,1,3,+10
Iliana Rupert,GS,GS @ WSH,08/13/2025,2025,W,25,3,1,6,16.7,0,4,0.0,1,1,100.0,0,2,2,3,0,0,1,4,+9
Veronica Burton,GS,GS @ WSH,08/13/2025,2025,W,36,30,10,13,76.9,6,9,66.7,4,6,66.7,0,7,7,7,1,0,3,4,+4
Tiffany Hayes,GS,GS @ WSH,08/13/2025,2025,W,32,14,3,7,42.9,0,1,0.0,8,8,100.0,3,3,6,2,1,0,0,2,+3
Kia Nurse,CHI,CHI @ CON,08/13/2025,2025,L,23,5,1,8,12.5,1,6,16.7,2,2,100.0,0,1,1,1,0,0,5,4,-9
Cecilia Zandalasini,GS,GS @ WSH,08/13/2025,2025,W,35,20,7,10,70.0,6,8,75.0,0,0,0.0,1,6,7,4,0,0,1,0,+18
Sevgi Uzun,CHI,CHI @ CON,08/13/2025,2025,L,28,0,0,1,0.0,0,1,0.0,0,0,0.0,0,0,0,2,0,0,5,2,-7
Tina Charles,CON,CON vs. CHI,08/13/2025,2025,W,21,15,7,14,50.0,1,2,50.0,0,0,0.0,0,3,3,0,1,1,0,3,+5
Aneesah Morrow,CON,CON vs. CHI,08/13/2025,2025,W,28,9,3,7,42.9,1,2,50.0,2,2,100.0,2,7,9,0,1,3,0,3,+11
Natasha Cloud,NY,NY @ LA,08/13/2025,2025,W,32,11,5,10,50.0,1,2,50.0,0,0,0.0,0,2,2,2,2,0,1,3,-4
Julie Vanloo,LA,LA vs. NY,08/13/2025,2025,L,14,6,2,4,50.0,2,4,50.0,0,0,0.0,0,0,0,1,0,0,0,2,-7
Kelsey Plum,LA,LA vs. NY,08/13/2025,2025,L,34,26,8,13,61.5,2,5,40.0,8,8,100.0,1,4,5,5,0,0,1,2,-1
Azura Stevens,LA,LA vs. NY,08/13/2025,2025,L,35,17,7,11,63.6,1,3,33.3,2,2,100.0,2,2,4,4,3,0,0,1,-4
Dearica Hamby,LA,LA vs. NY,08/13/2025,2025,L,32,21,8,15,53.3,0,2,0.0,5,6,83.3,2,6,8,3,4,1,2,2,-5
Sabrina Ionescu,NY,NY @ LA,08/13/2025,2025,W,32,14,4,8,50.0,2,4,50.0,4,4,100.0,0,3,3,6,0,0,3,1,+4
Rickea Jackson,LA,LA vs. NY,08/13/2025,2025,L,31,16,7,20,35.0,2,10,20.0,0,1,0.0,4,3,7,3,0,0,2,4,-3
Emma Meesseman,NY,NY @ LA,08/13/2025,2025,W,32,24,9,15,60.0,0,1,0.0,6,7,85.7,3,6,9,4,0,1,2,0,+1
Jonquel Jones,NY,NY @ LA,08/13/2025,2025,W,31,21,8,11,72.7,4,5,80.0,1,4,25.0,3,8,11,3,0,2,2,4,+7
Leonie Fiebich,NY,NY @ LA,08/13/2025,2025,W,27,20,7,10,70.0,2,4,50.0,4,4,100.0,0,2,2,4,1,1,0,2,+6
Saniya Rivers,CON,CON vs. CHI,08/13/2025,2025,W,32,8,3,8,37.5,1,2,50.0,1,1,100.0,1,2,3,6,3,2,0,2,+5
Leila Lacan,CON,CON vs. CHI,08/13/2025,2025,W,31,17,6,13,46.2,1,3,33.3,4,6,66.7,3,1,4,5,2,0,1,2,+2
Marina Mabrey,CON,CON vs. CHI,08/13/2025,2025,W,36,10,4,16,25.0,0,4,0.0,2,2,100.0,0,5,5,4,0,0,1,2,+14
Carla Leite,GS,GS vs. CON,08/12/2025,2025,W,15,0,0,3,0.0,0,1,0.0,0,0,0.0,0,0,0,1,1,0,0,1,+3
Aneesah Morrow,CON,CON @ GS,08/12/2025,2025,L,24,13,5,13,38.5,1,3,33.3,2,2,100.0,3,11,14,0,1,0,1,1,-18
Leila Lacan,CON,CON @ GS,08/12/2025,2025,L,33,6,2,10,20.0,0,5,0.0,2,3,66.7,0,0,0,3,0,0,1,3,-15
Aaliyah Edwards,CON,CON @ GS,08/12/2025,2025,L,18,8,2,6,33.3,0,0,0.0,4,6,66.7,3,2,5,0,0,2,3,3,+1
Saniya Rivers,CON,CON @ GS,08/12/2025,2025,L,29,9,4,7,57.1,1,2,50.0,0,0,0.0,0,5,5,1,2,1,1,0,-7
Mamignan Toure,CON,CON @ GS,08/12/2025,2025,L,13,3,1,3,33.3,1,2,50.0,0,0,0.0,0,0,0,2,0,0,1,2,+6
Veronica Burton,GS,GS vs. CON,08/12/2025,2025,W,30,3,0,3,0.0,0,1,0.0,3,4,75.0,2,4,6,10,0,1,1,0,+16
Laeticia Amihere,GS,GS vs. CON,08/12/2025,2025,W,2,0,0,0,0.0,0,0,0.0,0,0,0.0,0,2,2,0,0,0,0,0,-3
Kaila Charles,GS,GS vs. CON,08/12/2025,2025,W,7,2,0,0,0.0,0,0,0.0,2,2,100.0,0,0,0,0,0,0,0,2,-5
Kaitlyn Chen,GS,GS vs. CON,08/12/2025,2025,W,2,0,0,2,0.0,0,0,0.0,0,0,0.0,0,0,0,0,0,0,0,0,-3
Maddy Siegrist,DAL,DAL @ IND,08/12/2025,2025,W,36,22,9,13,69.2,3,5,60.0,1,1,100.0,3,2,5,1,1,0,1,0,0
JJ Quinerly,DAL,DAL @ IND,08/12/2025,2025,W,20,5,2,4,50.0,1,2,50.0,0,0,0.0,0,2,2,0,2,0,2,3,+8
Kelsey Mitchell,IND,IND vs. DAL,08/12/2025,2025,L,36,24,7,15,46.7,4,7,57.1,6,7,85.7,2,4,6,2,1,0,3,1,+6
Natasha Howard,IND,IND vs. DAL,08/12/2025,2025,L,28,12,5,9,55.6,0,1,0.0,2,4,50.0,1,11,12,1,2,3,1,2,+8
Sophie Cunningham,IND,IND vs. DAL,08/12/2025,2025,L,35,14,5,10,50.0,2,4,50.0,2,2,100.0,0,2,2,3,0,0,1,4,+6
Li Yueru,DAL,DAL @ IND,08/12/2025,2025,W,27,20,7,14,50.0,2,6,33.3,4,4,100.0,1,3,4,0,2,0,1,2,+7
Myisha Hines-Allen,DAL,DAL @ IND,08/12/2025,2025,W,23,8,2,7,28.6,1,3,33.3,3,4,75.0,1,5,6,9,1,0,0,3,+7
Paige Bueckers,DAL,DAL @ IND,08/12/2025,2025,W,35,16,6,19,31.6,0,4,0.0,4,4,100.0,0,5,5,8,2,0,4,1,-1
Lexie Hull,IND,IND vs. DAL,08/12/2025,2025,L,25,0,0,3,0.0,0,1,0.0,0,0,0.0,1,6,7,3,1,0,3,4,+14
Aliyah Boston,IND,IND vs. DAL,08/12/2025,2025,L,31,14,5,10,50.0,0,0,0.0,4,4,100.0,2,3,5,1,0,2,1,3,-2
Nneka Ogwumike,SEA,SEA @ LA,08/11/2025,2025,L,34,15,5,12,41.7,1,4,25.0,4,4,100.0,3,7,10,4,1,0,1,1,-2
Brittney Sykes,SEA,SEA @ LA,08/11/2025,2025,L,35,27,11,21,52.4,3,7,42.9,2,2,100.0,0,1,1,3,4,1,5,3,+5
Dominique Malonga,SEA,SEA @ LA,08/11/2025,2025,L,30,20,9,12,75.0,1,1,100.0,1,2,50.0,3,8,11,1,1,0,3,5,-8
Erica Wheeler,SEA,SEA @ LA,08/11/2025,2025,L,24,5,2,4,50.0,0,1,0.0,1,1,100.0,0,0,0,2,3,0,2,3,-5
Dearica Hamby,LA,LA vs. SEA,08/11/2025,2025,W,30,19,8,13,61.5,0,2,0.0,3,3,100.0,1,6,7,2,0,2,3,1,+13
Azura Stevens,LA,LA vs. SEA,08/11/2025,2025,W,22,15,6,8,75.0,3,3,100.0,0,0,0.0,1,7,8,1,1,0,4,1,-9
Rickea Jackson,LA,LA vs. SEA,08/11/2025,2025,W,37,9,3,12,25.0,2,5,40.0,1,1,100.0,1,0,1,1,0,0,2,2,+2
Skylar Diggins,SEA,SEA @ LA,08/11/2025,2025,L,32,17,7,18,38.9,3,6,50.0,0,0,0.0,2,0,2,6,2,0,1,2,+6
Dana Evans,LV,LV vs. CON,08/11/2025,2025,W,21,10,4,5,80.0,2,2,100.0,0,0,0.0,1,1,2,3,0,0,1,2,-10
Julie Allemand,LA,LA vs. SEA,08/11/2025,2025,W,30,5,2,4,50.0,1,3,33.3,0,0,0.0,0,2,2,8,3,0,3,0,-9
Jewell Loyd,LV,LV vs. CON,08/11/2025,2025,W,29,12,3,10,30.0,1,5,20.0,5,5,100.0,0,2,2,2,3,0,1,1,-4
Tina Charles,CON,CON @ LV,08/11/2025,2025,L,29,8,4,8,50.0,0,1,0.0,0,0,0.0,0,5,5,3,3,1,1,4,-15
Bria Hartley,CON,CON @ LV,08/11/2025,2025,L,29,9,3,6,50.0,3,3,100.0,0,0,0.0,0,3,3,4,0,0,1,3,-16
Marina Mabrey,CON,CON @ LV,08/11/2025,2025,L,33,22,8,16,50.0,5,13,38.5,1,1,100.0,0,4,4,3,0,0,4,1,-7
Leila Lacan,CON,CON @ LV,08/11/2025,2025,L,25,13,6,12,50.0,1,6,16.7,0,0,0.0,0,0,0,5,2,0,1,3,0
Saniya Rivers,CON,CON @ LV,08/11/2025,2025,L,28,17,7,10,70.0,2,4,50.0,1,1,100.0,0,1,1,4,3,1,2,1,+7
A'ja Wilson,LV,LV vs. CON,08/11/2025,2025,W,37,32,13,25,52.0,0,1,0.0,6,6,100.0,7,13,20,5,2,0,6,2,+17
Chelsea Gray,LV,LV vs. CON,08/11/2025,2025,W,31,7,2,5,40.0,1,3,33.3,2,4,50.0,0,2,2,6,1,0,2,3,+10
Jackie Young,LV,LV vs. CON,08/11/2025,2025,W,32,21,9,14,64.3,2,6,33.3,1,1,100.0,1,3,4,6,1,0,1,0,+12
Kelsey Plum,LA,LA vs. SEA,08/11/2025,2025,W,37,20,6,12,50.0,3,7,42.9,5,5,100.0,1,5,6,7,1,0,3,2,+4
Kia Nurse,CHI,CHI @ IND,08/10/2025,2025,L,20,2,1,7,14.3,0,4,0.0,0,0,0.0,1,1,2,1,0,0,1,0,-14
Courtney Williams,MIN,MIN @ NY,08/10/2025,2025,W,25,14,7,18,38.9,0,2,0.0,0,0,0.0,1,4,5,7,1,1,2,4,+4
Maria Kliundikova,MIN,MIN @ NY,08/10/2025,2025,W,23,6,2,5,40.0,0,1,0.0,2,2,100.0,3,2,5,1,4,2,1,1,+7
Emma Meesseman,NY,NY vs. MIN,08/10/2025,2025,L,31,11,5,11,45.5,1,1,100.0,0,0,0.0,2,3,5,4,1,1,4,0,-6
Isabelle Harrison,NY,NY vs. MIN,08/10/2025,2025,L,14,9,4,6,66.7,0,0,0.0,1,1,100.0,3,2,5,1,1,0,2,3,-6
Stephanie Talbot,NY,NY vs. MIN,08/10/2025,2025,L,12,0,0,3,0.0,0,0,0.0,0,0,0.0,1,3,4,1,0,0,1,0,-6
Rebekah Gardner,NY,NY vs. MIN,08/10/2025,2025,L,1,0,0,0,0.0,0,0,0.0,0,0,0.0,0,0,0,0,0,0,0,0,0
Marine Johannes,NY,NY vs. MIN,08/10/2025,2025,L,17,10,3,8,37.5,3,7,42.9,1,2,50.0,0,1,1,0,1,0,0,0,-10
Elizabeth Williams,CHI,CHI @ IND,08/10/2025,2025,L,31,8,4,12,33.3,0,0,0.0,0,0,0.0,4,5,9,2,1,1,2,0,-14
Maddy Westbeld,CHI,CHI @ IND,08/10/2025,2025,L,22,10,4,8,50.0,2,4,50.0,0,0,0.0,2,4,6,1,0,0,0,5,-4
Alanna Smith,MIN,MIN @ NY,08/10/2025,2025,W,38,8,3,6,50.0,2,3,66.7,0,0,0.0,1,8,9,7,4,3,0,0,+14
Kayla McBride,MIN,MIN @ NY,08/10/2025,2025,W,34,18,6,12,50.0,4,7,57.1,2,2,100.0,0,1,1,2,0,0,3,1,+21
Kate Martin,GS,GS vs. LA,08/10/2025,2025,W,2,0,0,2,0.0,0,2,0.0,0,0,0.0,0,0,0,0,0,0,0,1,-4
Bridget Carleton,MIN,MIN @ NY,08/10/2025,2025,W,22,3,1,4,25.0,1,3,33.3,0,0,0.0,0,2,2,1,0,0,1,1,-11
Carla Leite,GS,GS vs. LA,08/10/2025,2025,W,15,9,3,7,42.9,1,1,100.0,2,3,66.7,1,2,3,1,0,0,1,2,+9
Kaitlyn Chen,GS,GS vs. LA,08/10/2025,2025,W,2,0,0,0,0.0,0,0,0.0,0,0,0.0,0,0,0,0,0,0,1,0,-4
Lexie Hull,IND,IND vs. CHI,08/10/2025,2025,W,32,17,5,9,55.6,4,6,66.7,3,3,100.0,1,2,3,3,3,0,1,1,+22
Kaila Charles,GS,GS vs. LA,08/10/2025,2025,W,13,2,1,3,33.3,0,1,0.0,0,0,0.0,0,4,4,0,0,0,2,0,+4
Laeticia Amihere,GS,GS vs. LA,08/10/2025,2025,W,2,0,0,0,0.0,0,0,0.0,0,0,0.0,1,0,1,0,0,0,1,0,-4
Sarah Ashlee Barker,LA,LA @ GS,08/10/2025,2025,L,3,0,0,0,0.0,0,0,0.0,0,0,0.0,0,0,0,0,0,0,0,0,+6
Rae Burrell,LA,LA @ GS,08/10/2025,2025,L,22,10,3,9,33.3,1,5,20.0,3,4,75.0,0,3,3,0,0,0,2,1,-8
Julie Vanloo,LA,LA @ GS,08/10/2025,2025,L,13,2,1,5,20.0,0,4,0.0,0,0,0.0,0,4,4,2,2,0,0,2,+4
Alissa Pili,LA,LA @ GS,08/10/2025,2025,L,3,1,0,1,0.0,0,1,0.0,1,2,50.0,0,0,0,0,0,0,0,0,+6
Sania Feagin,LA,LA @ GS,08/10/2025,2025,L,3,0,0,0,0.0,0,0,0.0,0,0,0.0,0,1,1,0,0,0,0,0,+6
Hailey Van Lith,CHI,CHI @ IND,08/10/2025,2025,L,15,6,2,5,40.0,1,3,33.3,1,2,50.0,0,1,1,3,0,0,2,0,-6
Rebecca Allen,CHI,CHI @ IND,08/10/2025,2025,L,20,9,4,7,57.1,1,3,33.3,0,0,0.0,1,1,2,1,0,0,0,0,-11
Brianna Turner,IND,IND vs. CHI,08/10/2025,2025,W,8,0,0,0,0.0,0,0,0.0,0,0,0.0,1,1,2,2,0,2,0,0,-3
Jacy Sheldon,WSH,WSH @ DAL,08/10/2025,2025,W,22,8,2,6,33.3,0,3,0.0,4,5,80.0,1,1,2,0,0,0,0,2,-2
Myisha Hines-Allen,DAL,DAL vs. WSH,08/10/2025,2025,L,27,8,2,7,28.6,1,2,50.0,3,4,75.0,3,8,11,5,0,0,4,2,-3
Maddy Siegrist,DAL,DAL vs. WSH,08/10/2025,2025,L,19,9,3,8,37.5,1,2,50.0,2,2,100.0,0,3,3,2,1,1,0,3,+1
Li Yueru,DAL,DAL vs. WSH,08/10/2025,2025,L,10,0,0,2,0.0,0,2,0.0,0,0,0.0,0,0,0,2,0,0,0,0,-4
Aziaha James,DAL,DAL vs. WSH,08/10/2025,2025,L,8,2,1,3,33.3,0,1,0.0,0,0,0.0,1,1,2,0,1,0,1,0,-3
JJ Quinerly,DAL,DAL vs. WSH,08/10/2025,2025,L,8,9,3,3,100.0,2,2,100.0,1,1,100.0,1,0,1,0,1,0,0,3,0
Naz Hillmon,ATL,ATL @ PHX,08/10/2025,2025,W,36,13,3,8,37.5,3,7,42.9,4,4,100.0,2,11,13,4,1,0,2,1,+14
Allisha Gray,ATL,ATL @ PHX,08/10/2025,2025,W,37,17,6,12,50.0,1,6,16.7,4,7,57.1,1,4,5,5,1,0,1,3,+12
Te-Hina Paopao,ATL,ATL @ PHX,08/10/2025,2025,W,15,5,2,4,50.0,1,3,33.3,0,0,0.0,0,2,2,1,1,1,3,0,+13
Nia Coffey,ATL,ATL @ PHX,08/10/2025,2025,W,5,0,0,0,0.0,0,0,0.0,0,0,0.0,1,0,1,0,0,0,1,1,-4
Chloe Bibby,IND,IND vs. CHI,08/10/2025,2025,W,21,0,0,5,0.0,0,4,0.0,0,0,0.0,0,3,3,1,1,0,0,2,+9
Alyssa Thomas,PHX,PHX vs. ATL,08/10/2025,2025,L,34,21,9,14,64.3,0,0,0.0,3,4,75.0,2,6,8,5,2,0,3,2,0
Satou Sabally,PHX,PHX vs. ATL,08/10/2025,2025,L,29,7,3,12,25.0,1,6,16.7,0,0,0.0,1,4,5,3,2,0,1,3,-9
Kahleah Copper,PHX,PHX vs. ATL,08/10/2025,2025,L,32,9,3,14,21.4,0,4,0.0,3,3,100.0,2,1,3,3,1,0,1,2,-14
DeWanna Bonner,PHX,PHX vs. ATL,08/10/2025,2025,L,26,16,4,8,50.0,2,4,50.0,6,6,100.0,1,3,4,1,1,0,2,2,-12
Sami Whitcomb,PHX,PHX vs. ATL,08/10/2025,2025,L,20,3,1,3,33.3,1,2,50.0,0,1,0.0,0,4,4,1,0,0,4,4,-5
Lucy Olsen,WSH,WSH @ DAL,08/10/2025,2025,W,9,0,0,1,0.0,0,1,0.0,0,0,0.0,0,1,1,2,0,1,0,1,-1
Maya Caldwell,ATL,ATL @ PHX,08/10/2025,2025,W,27,5,2,8,25.0,1,7,14.3,0,0,0.0,1,1,2,2,3,0,0,3,-4
Emily Engstler,WSH,WSH @ DAL,08/10/2025,2025,W,25,11,4,9,44.4,2,2,100.0,1,2,50.0,0,4,4,3,2,2,3,2,+5
Jade Melbourne,WSH,WSH @ DAL,08/10/2025,2025,W,21,8,3,5,60.0,0,1,0.0,2,2,100.0,1,2,3,3,1,1,3,4,+12
Alysha Clark,WSH,WSH @ DAL,08/10/2025,2025,W,26,9,3,5,60.0,1,1,100.0,2,3,66.7,0,3,3,0,0,0,1,3,+7
Makayla Timpson,IND,IND vs. CHI,08/10/2025,2025,W,17,7,2,3,66.7,0,0,0.0,3,3,100.0,2,5,7,0,2,0,0,1,+9
Damiris Dantas,IND,IND vs. CHI,08/10/2025,2025,W,18,4,2,8,25.0,0,2,0.0,0,0,0.0,2,1,3,2,0,0,1,0,+3
Brittney Sykes,SEA,SEA @ LV,08/09/2025,2025,L,29,14,5,14,35.7,2,7,28.6,2,3,66.7,0,2,2,6,0,2,2,5,-4
Nneka Ogwumike,SEA,SEA @ LV,08/09/2025,2025,L,26,12,5,7,71.4,0,0,0.0,2,4,50.0,2,7,9,1,0,0,1,4,-16
Gabby Williams,SEA,SEA @ LV,08/09/2025,2025,L,37,14,4,10,40.0,1,4,25.0,5,5,100.0,0,3,3,4,2,0,0,0,-3
Skylar Diggins,SEA,SEA @ LV,08/09/2025,2025,L,20,0,0,3,0.0,0,2,0.0,0,0,0.0,0,0,0,6,0,1,1,1,-20
Dominique Malonga,SEA,SEA @ LV,08/09/2025,2025,L,25,22,8,11,72.7,0,0,0.0,6,7,85.7,2,10,12,0,1,0,1,5,+7
NaLyssa Smith,LV,LV vs. SEA,08/09/2025,2025,W,31,10,5,6,83.3,0,0,0.0,0,1,0.0,4,8,12,1,0,0,3,4,+14
A'ja Wilson,LV,LV vs. SEA,08/09/2025,2025,W,35,29,11,24,45.8,1,1,100.0,6,8,75.0,3,9,12,3,0,0,2,5,+15
Chelsea Gray,LV,LV vs. SEA,08/09/2025,2025,W,34,13,3,6,50.0,2,4,50.0,5,6,83.3,0,2,2,5,3,2,5,3,+12
Jackie Young,LV,LV vs. SEA,08/09/2025,2025,W,33,26,8,15,53.3,4,6,66.7,6,7,85.7,1,4,5,5,0,0,1,2,+12
Jewell Loyd,LV,LV vs. SEA,08/09/2025,2025,W,26,10,3,10,30.0,3,7,42.9,1,1,100.0,1,2,3,2,2,1,1,1,+2
Maddy Westbeld,CHI,CHI vs. ATL,08/08/2025,2025,L,15,6,3,5,60.0,0,1,0.0,0,0,0.0,0,3,3,1,1,0,0,2,-5
Aneesah Morrow,CON,CON @ LA,08/08/2025,2025,L,20,6,3,8,37.5,0,2,0.0,0,0,0.0,4,3,7,0,0,1,0,2,-8
Tina Charles,CON,CON @ LA,08/08/2025,2025,L,36,19,6,19,31.6,1,4,25.0,6,7,85.7,1,6,7,2,1,2,0,2,-15
Bria Hartley,CON,CON @ LA,08/08/2025,2025,L,26,16,6,13,46.2,4,8,50.0,0,0,0.0,1,0,1,3,0,0,2,4,0
Sevgi Uzun,CHI,CHI vs. ATL,08/08/2025,2025,L,20,4,2,7,28.6,0,2,0.0,0,0,0.0,0,1,1,3,0,0,1,3,-10
Marina Mabrey,CON,CON @ LA,08/08/2025,2025,L,36,19,6,20,30.0,5,10,50.0,2,2,100.0,3,4,7,3,0,0,3,4,-20
Hailey Van Lith,CHI,CHI vs. ATL,08/08/2025,2025,L,2,0,0,1,0.0,0,0,0.0,0,0,0.0,0,0,0,0,0,0,0,0,-5
Kamilla Cardoso,CHI,CHI vs. ATL,08/08/2025,2025,L,35,12,6,12,50.0,0,0,0.0,0,2,0.0,0,6,6,5,2,4,2,2,-22
Rachel Banham,CHI,CHI vs. ATL,08/08/2025,2025,L,32,18,6,12,50.0,3,6,50.0,3,4,75.0,0,4,4,2,0,1,1,2,-20
Sonia Citron,WSH,WSH @ MIN,08/08/2025,2025,L,28,26,9,12,75.0,4,5,80.0,4,6,66.7,0,1,1,4,1,0,3,1,-1
DiJonai Carrington,MIN,MIN vs. WSH,08/08/2025,2025,W,29,12,4,7,57.1,2,4,50.0,2,2,100.0,1,1,2,0,2,1,3,4,+5
Courtney Williams,MIN,MIN vs. WSH,08/08/2025,2025,W,30,14,7,13,53.8,0,2,0.0,0,0,0.0,0,2,2,5,0,1,3,2,+1
Kayla McBride,MIN,MIN vs. WSH,08/08/2025,2025,W,32,11,3,8,37.5,0,3,0.0,5,6,83.3,0,1,1,4,3,0,1,2,+11
Alanna Smith,MIN,MIN vs. WSH,08/08/2025,2025,W,36,25,10,15,66.7,4,9,44.4,1,2,50.0,1,4,5,4,1,1,4,0,-3
Bridget Carleton,MIN,MIN vs. WSH,08/08/2025,2025,W,21,2,1,2,50.0,0,1,0.0,0,0,0.0,0,6,6,3,0,1,1,1,+4
Jade Melbourne,WSH,WSH @ MIN,08/08/2025,2025,L,29,0,0,2,0.0,0,0,0.0,0,0,0.0,0,3,3,3,0,0,2,2,-4
Sug Sutton,WSH,WSH @ MIN,08/08/2025,2025,L,29,4,2,9,22.2,0,5,0.0,0,0,0.0,0,1,1,4,1,0,2,2,-1
Shatori Walker-Kimbrough,ATL,ATL @ CHI,08/08/2025,2025,W,16,7,2,4,50.0,1,1,100.0,2,2,100.0,0,2,2,2,0,0,0,0,+8
Shakira Austin,WSH,WSH @ MIN,08/08/2025,2025,L,28,12,6,16,37.5,0,1,0.0,0,0,0.0,2,4,6,2,2,0,2,2,-8
Kiki Iriafen,WSH,WSH @ MIN,08/08/2025,2025,L,27,12,5,5,100.0,0,0,0.0,2,3,66.7,3,6,9,4,0,1,5,3,+16
Dearica Hamby,LA,LA vs. CON,08/08/2025,2025,W,24,21,8,11,72.7,0,0,0.0,5,6,83.3,1,4,5,4,0,0,2,4,+11
Nia Coffey,ATL,ATL @ CHI,08/08/2025,2025,W,15,10,3,5,60.0,0,0,0.0,4,4,100.0,1,4,5,1,2,1,1,0,+14
Kamiah Smalls,ATL,ATL @ CHI,08/08/2025,2025,W,1,0,0,0,0.0,0,0,0.0,0,0,0.0,0,0,0,0,0,0,0,0,+3
Taylor Thierry,ATL,ATL @ CHI,08/08/2025,2025,W,1,0,0,0,0.0,0,0,0.0,0,0,0.0,0,1,1,0,0,0,0,0,+3
Leila Lacan,CON,CON @ LA,08/08/2025,2025,L,26,10,5,9,55.6,0,1,0.0,0,0,0.0,1,1,2,7,3,0,1,4,-7
Te-Hina Paopao,ATL,ATL @ CHI,08/08/2025,2025,W,36,12,4,11,36.4,3,5,60.0,1,2,50.0,0,1,1,2,0,1,2,1,+24
Azura Stevens,LA,LA vs. CON,08/08/2025,2025,W,32,10,3,9,33.3,1,7,14.3,3,3,100.0,0,7,7,1,1,2,2,2,+16
Natasha Cloud,NY,NY @ DAL,08/08/2025,2025,W,30,10,4,7,57.1,2,4,50.0,0,0,0.0,0,3,3,3,1,0,0,5,+8
Kathryn Westbeld,PHX,PHX vs. IND,08/08/2025,2025,W,20,3,1,3,33.3,1,3,33.3,0,0,0.0,1,0,1,2,1,0,2,0,+25
Kalani Brown,PHX,PHX vs. IND,08/08/2025,2025,W,3,0,0,0,0.0,0,0,0.0,0,0,0.0,0,0,0,2,0,0,0,0,+3
Kitija Laksa,PHX,PHX vs. IND,08/08/2025,2025,W,3,3,0,1,0.0,0,0,0.0,3,3,100.0,0,1,1,0,0,0,0,0,+3
Lexi Held,PHX,PHX vs. IND,08/08/2025,2025,W,3,5,2,2,100.0,1,1,100.0,0,0,0.0,0,0,0,0,0,0,0,1,+3
Jonquel Jones,NY,NY @ DAL,08/08/2025,2025,W,28,14,5,7,71.4,4,5,80.0,0,0,0.0,1,5,6,3,0,0,2,4,+8
Emma Meesseman,NY,NY @ DAL,08/08/2025,2025,W,31,14,6,10,60.0,0,0,0.0,2,2,100.0,1,7,8,7,3,1,2,3,+25
Sabrina Ionescu,NY,NY @ DAL,08/08/2025,2025,W,29,16,5,16,31.2,1,6,16.7,5,5,100.0,1,5,6,6,2,1,1,0,+4
Lexie Hull,IND,IND @ PHX,08/08/2025,2025,L,27,2,1,11,9.1,0,8,0.0,0,0,0.0,3,3,6,0,0,0,1,4,-25
Luisa Geiselsoder,DAL,DAL vs. NY,08/08/2025,2025,L,27,6,2,5,40.0,1,3,33.3,1,2,50.0,2,4,6,2,0,0,1,2,-1
Arike Ogunbowale,DAL,DAL vs. NY,08/08/2025,2025,L,35,17,6,16,37.5,0,4,0.0,5,5,100.0,1,5,6,3,0,0,3,2,-8
Myisha Hines-Allen,DAL,DAL vs. NY,08/08/2025,2025,L,20,12,3,5,60.0,0,2,0.0,6,8,75.0,0,7,7,0,0,2,0,3,+9
Maddy Siegrist,DAL,DAL vs. NY,08/08/2025,2025,L,25,15,6,9,66.7,0,2,0.0,3,4,75.0,1,1,2,0,0,0,1,2,+5
Grace Berger,DAL,DAL vs. NY,08/08/2025,2025,L,30,6,3,10,30.0,0,2,0.0,0,0,0.0,2,6,8,4,3,0,1,4,+4
Rickea Jackson,LA,LA vs. CON,08/08/2025,2025,W,29,20,6,12,50.0,3,5,60.0,5,5,100.0,1,0,1,2,0,0,2,5,+8
Natasha Mack,PHX,PHX vs. IND,08/08/2025,2025,W,23,4,2,2,100.0,0,0,0.0,0,0,0.0,0,2,2,0,0,0,0,3,+14
Marine Johannes,NY,NY @ DAL,08/08/2025,2025,W,23,10,3,8,37.5,1,5,20.0,3,3,100.0,0,3,3,2,1,0,0,0,+11
Damiris Dantas,IND,IND @ PHX,08/08/2025,2025,L,13,6,3,6,50.0,0,2,0.0,0,0,0.0,3,0,3,0,0,0,0,1,-18
Kelsey Plum,LA,LA vs. CON,08/08/2025,2025,W,35,18,6,12,50.0,3,7,42.9,3,5,60.0,0,1,1,5,0,0,3,1,+1
Chloe Bibby,IND,IND @ PHX,08/08/2025,2025,L,9,0,0,2,0.0,0,2,0.0,0,0,0.0,0,1,1,0,1,0,1,1,-12
Rae Burrell,LA,LA vs. CON,08/08/2025,2025,W,25,9,3,5,60.0,1,1,100.0,2,2,100.0,1,2,3,0,1,0,0,0,+8
Kelsey Mitchell,IND,IND @ PHX,08/08/2025,2025,L,35,12,4,17,23.5,1,6,16.7,3,6,50.0,0,1,1,4,1,1,5,0,-39
Brianna Turner,IND,IND @ PHX,08/08/2025,2025,L,11,2,1,2,50.0,0,0,0.0,0,0,0.0,1,2,3,0,1,1,0,0,-11
Cecilia Zandalasini,GS,GS vs. LV,08/07/2025,2025,L,24,7,2,8,25.0,1,6,16.7,2,2,100.0,1,2,3,1,1,0,2,1,+8
Kierstan Bell,LV,LV @ GS,08/07/2025,2025,W,11,3,1,3,33.3,1,3,33.3,0,0,0.0,0,1,1,1,0,1,0,0,+3
A'ja Wilson,LV,LV @ GS,08/07/2025,2025,W,32,27,8,11,72.7,0,0,0.0,11,11,100.0,3,4,7,3,2,2,3,3,+18
Jackie Young,LV,LV @ GS,08/07/2025,2025,W,37,14,5,13,38.5,1,7,14.3,3,4,75.0,0,2,2,4,5,0,4,3,+13
Chelsea Gray,LV,LV @ GS,08/07/2025,2025,W,33,8,3,8,37.5,0,3,0.0,2,4,50.0,0,8,8,3,0,0,1,3,+9
Temi Fagbenle,GS,GS vs. LV,08/07/2025,2025,L,27,8,4,8,50.0,0,2,0.0,0,0,0.0,1,4,5,1,1,0,1,4,+8
Tiffany Hayes,GS,GS vs. LV,08/07/2025,2025,L,30,14,4,10,40.0,0,2,0.0,6,7,85.7,1,8,9,1,0,0,1,4,+5
Kaila Charles,GS,GS vs. LV,08/07/2025,2025,L,23,11,4,5,80.0,1,1,100.0,2,2,100.0,4,0,4,0,2,0,0,2,-1
Carla Leite,GS,GS vs. LV,08/07/2025,2025,L,24,11,4,12,33.3,0,4,0.0,3,3,100.0,0,3,3,2,2,0,4,3,+3
Jewell Loyd,LV,LV @ GS,08/07/2025,2025,W,31,14,5,10,50.0,3,7,42.9,1,2,50.0,2,1,3,2,0,1,1,2,+7
Aneesah Morrow,CON,CON @ PHX,08/06/2025,2025,L,16,0,0,5,0.0,0,3,0.0,0,0,0.0,2,2,4,0,0,0,2,1,-12
Kathryn Westbeld,PHX,PHX vs. CON,08/06/2025,2025,W,12,1,0,5,0.0,0,1,0.0,1,2,50.0,2,2,4,0,1,0,1,2,0
Satou Sabally,PHX,PHX vs. CON,08/06/2025,2025,W,29,23,9,12,75.0,1,2,50.0,4,5,80.0,1,5,6,1,2,1,4,2,+18
Jacy Sheldon,CON,CON @ PHX,08/06/2025,2025,L,21,7,2,6,33.3,1,4,25.0,2,2,100.0,1,3,4,2,1,0,0,2,-7
Kahleah Copper,PHX,PHX vs. CON,08/06/2025,2025,W,28,15,6,13,46.2,1,2,50.0,2,2,100.0,0,1,1,0,1,0,3,3,+13
Lindsay Allen,CON,CON @ PHX,08/06/2025,2025,L,5,0,0,0,0.0,0,0,0.0,0,0,0.0,0,0,0,1,0,0,0,0,+6
Olivia Nelson-Ododa,CON,CON @ PHX,08/06/2025,2025,L,22,4,2,5,40.0,0,0,0.0,0,0,0.0,2,2,4,0,1,1,1,0,+2
Bria Hartley,CON,CON @ PHX,08/06/2025,2025,L,21,7,3,8,37.5,1,3,33.3,0,0,0.0,0,1,1,4,0,0,1,2,-21
Aaliyah Edwards,WSH,WSH @ CHI,08/06/2025,2025,L,7,3,1,2,50.0,0,0,0.0,1,2,50.0,1,0,1,1,0,0,0,0,+2
Ariel Atkins,CHI,CHI vs. WSH,08/06/2025,2025,W,24,15,7,10,70.0,1,2,50.0,0,0,0.0,0,0,0,5,2,0,2,3,+11
Rachel Banham,CHI,CHI vs. WSH,08/06/2025,2025,W,26,5,2,6,33.3,1,4,25.0,0,0,0.0,0,1,1,4,1,2,2,3,+18
Kamilla Cardoso,CHI,CHI vs. WSH,08/06/2025,2025,W,31,16,8,12,66.7,0,0,0.0,0,1,0.0,4,9,13,3,0,0,2,1,+10
Elizabeth Williams,CHI,CHI vs. WSH,08/06/2025,2025,W,36,18,7,11,63.6,0,0,0.0,4,4,100.0,2,8,10,2,1,0,2,1,+14
Michaela Onyenwere,CHI,CHI vs. WSH,08/06/2025,2025,W,20,12,5,11,45.5,2,6,33.3,0,0,0.0,0,3,3,1,0,0,1,1,+14
Lucy Olsen,WSH,WSH @ CHI,08/06/2025,2025,L,22,7,3,5,60.0,0,1,0.0,1,3,33.3,0,1,1,3,1,0,0,1,-5
Lexi Held,PHX,PHX vs. CON,08/06/2025,2025,W,17,0,0,0,0.0,0,0,0.0,0,0,0.0,0,0,0,0,1,0,0,0,-5
Emily Engstler,WSH,WSH @ CHI,08/06/2025,2025,L,13,5,2,5,40.0,1,3,33.3,0,0,0.0,1,3,4,0,1,1,1,1,+5
Jade Melbourne,WSH,WSH @ CHI,08/06/2025,2025,L,32,8,4,11,36.4,0,3,0.0,0,0,0.0,1,1,2,3,1,0,1,2,-12
Sug Sutton,WSH,WSH @ CHI,08/06/2025,2025,L,32,8,3,8,37.5,0,4,0.0,2,2,100.0,0,1,1,5,1,0,3,1,-15
Sami Whitcomb,PHX,PHX vs. CON,08/06/2025,2025,W,22,3,1,7,14.3,1,4,25.0,0,0,0.0,0,1,1,1,1,0,3,1,-3
Gabby Williams,SEA,SEA vs. MIN,08/06/2025,2025,L,33,9,3,9,33.3,1,3,33.3,2,2,100.0,1,3,4,4,3,0,4,4,-4
Bridget Carleton,MIN,MIN @ SEA,08/06/2025,2025,W,30,12,4,6,66.7,4,6,66.7,0,0,0.0,0,1,1,1,1,0,0,1,0
Chloe Bibby,IND,IND @ LA,08/06/2025,2025,L,3,0,0,1,0.0,0,1,0.0,0,0,0.0,0,0,0,0,0,0,0,0,-7
Julie Allemand,LA,LA vs. IND,08/06/2025,2025,W,32,5,2,6,33.3,1,5,20.0,0,0,0.0,1,7,8,7,0,0,2,2,+6
Kelsey Plum,LA,LA vs. IND,08/06/2025,2025,W,34,25,7,11,63.6,3,5,60.0,8,10,80.0,0,1,1,11,0,0,3,2,+15
Rickea Jackson,LA,LA vs. IND,08/06/2025,2025,W,32,25,10,18,55.6,3,5,60.0,2,2,100.0,1,4,5,2,0,0,0,0,+10
Azura Stevens,LA,LA vs. IND,08/06/2025,2025,W,26,19,7,8,87.5,5,5,100.0,0,0,0.0,0,5,5,1,0,2,0,3,-7
Dearica Hamby,LA,LA vs. IND,08/06/2025,2025,W,29,16,8,12,66.7,0,1,0.0,0,0,0.0,3,4,7,3,0,0,1,4,-2
Lexie Hull,IND,IND @ LA,08/06/2025,2025,L,21,0,0,3,0.0,0,2,0.0,0,0,0.0,2,0,2,1,1,0,1,3,-4
Alanna Smith,MIN,MIN @ SEA,08/06/2025,2025,W,23,6,2,10,20.0,1,5,20.0,1,4,25.0,2,2,4,2,5,2,2,5,+1
Makayla Timpson,IND,IND @ LA,08/06/2025,2025,L,4,0,0,0,0.0,0,0,0.0,0,0,0.0,0,0,0,0,0,0,0,1,-4
Sydney Colson,IND,IND @ LA,08/06/2025,2025,L,13,0,0,3,0.0,0,1,0.0,0,0,0.0,0,0,0,1,0,0,0,1,-17
Aari McDonald,IND,IND @ LA,08/06/2025,2025,L,30,15,6,13,46.2,3,7,42.9,0,0,0.0,2,3,5,6,0,0,1,3,+1
Erica Wheeler,SEA,SEA vs. MIN,08/06/2025,2025,L,29,19,7,14,50.0,2,7,28.6,3,3,100.0,0,2,2,4,2,0,3,5,-9
Skylar Diggins,SEA,SEA vs. MIN,08/06/2025,2025,L,36,11,5,14,35.7,1,6,16.7,0,0,0.0,0,1,1,7,1,1,1,2,+5
Ezi Magbegor,SEA,SEA vs. MIN,08/06/2025,2025,L,32,8,4,7,57.1,0,1,0.0,0,0,0.0,1,7,8,5,0,1,2,2,-5
Nneka Ogwumike,SEA,SEA vs. MIN,08/06/2025,2025,L,32,23,8,12,66.7,4,7,57.1,3,5,60.0,0,6,6,5,1,0,4,1,-7
DiJonai Carrington,MIN,MIN @ SEA,08/06/2025,2025,W,18,13,5,7,71.4,1,1,100.0,2,5,40.0,0,4,4,2,2,1,1,2,+9
Courtney Williams,MIN,MIN @ SEA,08/06/2025,2025,W,32,20,8,20,40.0,2,4,50.0,2,2,100.0,1,3,4,4,0,0,5,1,+4
Kayla McBride,MIN,MIN @ SEA,08/06/2025,2025,W,32,14,2,9,22.2,1,5,20.0,9,9,100.0,0,2,2,6,2,0,1,0,-2
Leonie Fiebich,NY,NY vs. DAL,08/05/2025,2025,W,29,14,5,7,71.4,2,4,50.0,2,2,100.0,0,1,1,4,1,0,0,3,+2
Luisa Geiselsoder,DAL,DAL @ NY,08/05/2025,2025,L,28,5,2,10,20.0,1,6,16.7,0,0,0.0,1,9,10,4,1,1,0,1,+2
JJ Quinerly,DAL,DAL @ NY,08/05/2025,2025,L,6,2,1,1,100.0,0,0,0.0,0,0,0.0,0,0,0,0,0,0,1,1,-10
Grace Berger,DAL,DAL @ NY,08/05/2025,2025,L,21,2,1,5,20.0,0,1,0.0,0,0,0.0,0,1,1,4,1,0,0,3,+3
Aziaha James,DAL,DAL @ NY,08/05/2025,2025,L,10,4,2,6,33.3,0,1,0.0,0,0,0.0,5,1,6,1,1,0,0,0,-9
Diamond Miller,DAL,DAL @ NY,08/05/2025,2025,L,7,0,0,2,0.0,0,0,0.0,0,0,0.0,0,1,1,0,0,0,2,2,-7
Emma Meesseman,NY,NY vs. DAL,08/05/2025,2025,W,24,13,6,13,46.2,1,2,50.0,0,1,0.0,0,3,3,2,1,2,2,1,+1
Stephanie Talbot,NY,NY vs. DAL,08/05/2025,2025,W,24,13,4,6,66.7,3,4,75.0,2,2,100.0,0,3,3,2,1,0,0,1,+8
Rebekah Gardner,NY,NY vs. DAL,08/05/2025,2025,W,12,3,1,2,50.0,1,2,50.0,0,0,0.0,0,2,2,3,0,0,0,2,+6
Natasha Cloud,NY,NY vs. DAL,08/05/2025,2025,W,31,12,5,9,55.6,1,2,50.0,1,2,50.0,0,4,4,6,0,0,4,1,+4
Kaila Charles,GS,GS @ LV,08/03/2025,2025,L,22,13,5,8,62.5,3,4,75.0,0,0,0.0,5,1,6,2,1,1,2,3,-23
Sophie Cunningham,IND,IND @ SEA,08/03/2025,2025,W,33,17,5,6,83.3,4,5,80.0,3,4,75.0,0,5,5,2,0,0,1,2,+2
Kelsey Mitchell,IND,IND @ SEA,08/03/2025,2025,W,30,9,3,16,18.8,0,8,0.0,3,4,75.0,1,1,2,5,2,0,2,2,+7
Aliyah Boston,IND,IND @ SEA,08/03/2025,2025,W,31,16,7,11,63.6,0,0,0.0,2,3,66.7,1,11,12,2,3,1,3,3,+4
Aaliyah Nye,LV,LV vs. GS,08/03/2025,2025,W,19,8,3,6,50.0,2,4,50.0,0,0,0.0,2,4,6,1,0,1,1,0,+12
Dana Evans,LV,LV vs. GS,08/03/2025,2025,W,18,7,3,6,50.0,1,2,50.0,0,1,0.0,0,1,1,4,0,0,0,0,+12
Megan DiLeo,LV,LV vs. GS,08/03/2025,2025,W,13,8,2,5,40.0,2,3,66.7,2,2,100.0,1,2,3,0,0,0,0,3,+3
Kiah Stokes,LV,LV vs. GS,08/03/2025,2025,W,4,0,0,0,0.0,0,0,0.0,0,0,0.0,0,1,1,0,0,0,0,0,-4
Kierstan Bell,LV,LV vs. GS,08/03/2025,2025,W,15,2,1,7,14.3,0,5,0.0,0,0,0.0,2,1,3,1,0,1,0,0,-3
Kaitlyn Chen,GS,GS @ LV,08/03/2025,2025,L,18,3,1,5,20.0,1,2,50.0,0,0,0.0,0,0,0,5,1,0,1,0,-11
Kate Martin,GS,GS @ LV,08/03/2025,2025,L,25,2,1,12,8.3,0,7,0.0,0,0,0.0,2,2,4,0,1,0,0,3,-14
Carla Leite,GS,GS @ LV,08/03/2025,2025,L,33,14,5,15,33.3,0,2,0.0,4,4,100.0,0,2,2,3,1,0,1,1,-17
Laeticia Amihere,GS,GS @ LV,08/03/2025,2025,L,22,14,3,6,50.0,0,2,0.0,8,8,100.0,4,5,9,3,0,0,1,1,-11
Nneka Ogwumike,SEA,SEA vs. IND,08/03/2025,2025,L,30,16,7,20,35.0,1,4,25.0,1,2,50.0,0,3,3,3,1,1,5,2,-3
Saniya Rivers,CON,CON vs. NY,08/03/2025,2025,L,21,7,3,5,60.0,1,1,100.0,0,0,0.0,0,1,1,4,2,0,1,2,+1
Marina Mabrey,CON,CON vs. NY,08/03/2025,2025,L,30,10,3,12,25.0,1,7,14.3,3,3,100.0,2,1,3,2,1,0,2,4,+3
Bria Hartley,CON,CON vs. NY,08/03/2025,2025,L,22,12,4,10,40.0,2,5,40.0,2,4,50.0,0,3,3,4,2,0,2,2,+2
Tina Charles,CON,CON vs. NY,08/03/2025,2025,L,34,17,6,15,40.0,1,3,33.3,4,4,100.0,1,7,8,2,0,0,3,3,-10
Aneesah Morrow,CON,CON vs. NY,08/03/2025,2025,L,27,16,5,11,45.5,0,3,0.0,6,6,100.0,1,8,9,0,1,2,1,2,-1
Marine Johannes,NY,NY @ CON,08/03/2025,2025,W,17,3,1,3,33.3,1,3,33.3,0,0,0.0,1,0,1,1,0,0,0,1,+2
Rebekah Gardner,NY,NY @ CON,08/03/2025,2025,W,22,6,2,4,50.0,0,2,0.0,2,2,100.0,1,1,2,1,2,1,1,2,+5
Isabelle Harrison,NY,NY @ CON,08/03/2025,2025,W,7,2,1,3,33.3,0,0,0.0,0,0,0.0,0,0,0,1,1,0,0,2,+7
Natasha Cloud,NY,NY @ CON,08/03/2025,2025,W,30,3,1,7,14.3,1,3,33.3,0,0,0.0,0,5,5,4,0,0,4,4,+7
Leonie Fiebich,NY,NY @ CON,08/03/2025,2025,W,30,5,1,3,33.3,0,2,0.0,3,4,75.0,0,4,4,2,1,0,2,3,+4
Aari McDonald,IND,IND @ SEA,08/03/2025,2025,W,33,9,4,10,40.0,0,5,0.0,1,1,100.0,0,4,4,9,2,0,4,3,+9
Natasha Howard,IND,IND @ SEA,08/03/2025,2025,W,32,21,10,12,83.3,0,1,0.0,1,1,100.0,2,3,5,5,1,1,1,4,+7
Gabby Williams,SEA,SEA vs. IND,08/03/2025,2025,L,32,12,5,9,55.6,0,2,0.0,2,2,100.0,1,8,9,5,1,0,2,1,+3
Natasha Mack,PHX,PHX @ CHI,08/03/2025,2025,W,21,9,4,5,80.0,0,0,0.0,1,2,50.0,2,4,6,0,1,3,0,4,+9
Nia Coffey,ATL,ATL vs. WSH,08/03/2025,2025,W,17,15,5,9,55.6,2,3,66.7,3,4,75.0,0,4,4,0,1,0,1,2,+11
Kamiah Smalls,ATL,ATL vs. WSH,08/03/2025,2025,W,1,0,0,0,0.0,0,0,0.0,0,0,0.0,0,0,0,0,0,0,0,0,-3
Shatori Walker-Kimbrough,ATL,ATL vs. WSH,08/03/2025,2025,W,6,0,0,1,0.0,0,0,0.0,0,0,0.0,0,0,0,0,0,0,0,0,+1
Te-Hina Paopao,ATL,ATL vs. WSH,08/03/2025,2025,W,33,7,3,6,50.0,1,4,25.0,0,0,0.0,0,1,1,5,2,1,1,2,+22
Kalani Brown,PHX,PHX @ CHI,08/03/2025,2025,W,19,5,2,5,40.0,0,0,0.0,1,2,50.0,2,7,9,0,0,1,1,4,+6
Monique Akoa Makani,PHX,PHX @ CHI,08/03/2025,2025,W,26,8,4,11,36.4,0,2,0.0,0,0,0.0,3,2,5,5,2,0,1,2,+16
Kitija Laksa,PHX,PHX @ CHI,08/03/2025,2025,W,13,4,1,3,33.3,0,2,0.0,2,2,100.0,1,0,1,0,1,1,1,0,-22
Lucy Olsen,WSH,WSH @ ATL,08/03/2025,2025,L,16,2,1,1,100.0,0,0,0.0,0,0,0.0,0,1,1,2,0,0,3,3,-12
Lexi Held,PHX,PHX @ CHI,08/03/2025,2025,W,18,5,2,8,25.0,1,4,25.0,0,0,0.0,2,1,3,2,0,0,0,4,-10
Rachel Banham,CHI,CHI vs. PHX,08/03/2025,2025,L,25,2,1,7,14.3,0,4,0.0,0,0,0.0,0,1,1,2,1,0,1,2,-10
Maddy Westbeld,CHI,CHI vs. PHX,08/03/2025,2025,L,22,9,3,6,50.0,2,5,40.0,1,2,50.0,1,1,2,0,0,1,0,1,-15
Elizabeth Williams,CHI,CHI vs. PHX,08/03/2025,2025,L,21,15,7,11,63.6,0,0,0.0,1,2,50.0,5,10,15,2,1,2,0,2,+8
Hailey Van Lith,CHI,CHI vs. PHX,08/03/2025,2025,L,17,5,2,5,40.0,0,1,0.0,1,2,50.0,0,0,0,3,0,0,1,3,+2
Sevgi Uzun,CHI,CHI vs. PHX,08/03/2025,2025,L,22,2,1,4,25.0,0,0,0.0,0,0,0.0,1,0,1,4,1,0,5,1,0
Skylar Diggins,SEA,SEA vs. IND,08/03/2025,2025,L,34,13,4,9,44.4,0,2,0.0,5,7,71.4,2,4,6,4,1,0,4,4,+1
Maya Caldwell,ATL,ATL vs. WSH,08/03/2025,2025,W,10,2,1,2,50.0,0,0,0.0,0,0,0.0,0,2,2,2,2,0,2,4,-9
Sonia Citron,WSH,WSH @ ATL,08/03/2025,2025,L,33,16,4,11,36.4,1,4,25.0,7,8,87.5,1,0,1,3,2,0,0,3,-16
Shakira Austin,WSH,WSH @ ATL,08/03/2025,2025,L,29,16,7,11,63.6,0,2,0.0,2,2,100.0,0,3,3,2,3,1,7,4,-18
Kiki Iriafen,WSH,WSH @ ATL,08/03/2025,2025,L,27,22,9,15,60.0,0,1,0.0,4,4,100.0,3,2,5,3,3,0,1,3,-3
Erica Wheeler,SEA,SEA vs. IND,08/03/2025,2025,L,26,9,4,10,40.0,1,3,33.3,0,0,0.0,0,3,3,4,5,0,1,2,+4
Dominique Malonga,SEA,SEA vs. IND,08/03/2025,2025,L,21,12,6,10,60.0,0,1,0.0,0,0,0.0,2,3,5,3,1,1,2,3,+5
Sug Sutton,WSH,WSH @ ATL,08/03/2025,2025,L,26,13,4,7,57.1,2,3,66.7,3,3,100.0,0,2,2,3,0,0,5,1,-1
Megan DiLeo,LV,LV vs. MIN,08/02/2025,2025,L,22,6,2,6,33.3,2,4,50.0,0,0,0.0,0,1,1,0,0,3,2,4,-33
Ezi Magbegor,SEA,SEA vs. LA,08/02/2025,2025,L,34,9,4,9,44.4,1,2,50.0,0,0,0.0,4,7,11,2,1,5,2,5,+5
Skylar Diggins,SEA,SEA vs. LA,08/02/2025,2025,L,43,18,7,20,35.0,4,7,57.1,0,0,0.0,0,1,1,6,2,0,2,1,-6
Dana Evans,LV,LV vs. MIN,08/02/2025,2025,L,22,1,0,7,0.0,0,3,0.0,1,2,50.0,0,1,1,4,0,0,2,1,-33
Nneka Ogwumike,SEA,SEA vs. LA,08/02/2025,2025,L,46,37,14,25,56.0,2,8,25.0,7,9,77.8,3,9,12,4,0,0,1,2,-2
Kierstan Bell,LV,LV vs. MIN,08/02/2025,2025,L,22,4,2,7,28.6,0,3,0.0,0,0,0.0,0,4,4,1,1,1,2,0,-20
Kiah Stokes,LV,LV vs. MIN,08/02/2025,2025,L,15,3,1,1,100.0,1,1,100.0,0,0,0.0,1,2,3,1,1,1,0,2,-20
Natisha Hiedeman,MIN,MIN @ LV,08/02/2025,2025,W,23,17,7,10,70.0,3,4,75.0,0,0,0.0,0,3,3,4,0,1,2,0,+31
Yvonne Anderson,MIN,MIN @ LV,08/02/2025,2025,W,12,0,0,3,0.0,0,1,0.0,0,0,0.0,0,1,1,2,2,0,0,3,+13
Anastasiia Olairi Kosu,MIN,MIN @ LV,08/02/2025,2025,W,10,4,1,5,20.0,0,0,0.0,2,2,100.0,2,0,2,0,0,0,1,2,+10
Maria Kliundikova,MIN,MIN @ LV,08/02/2025,2025,W,14,8,4,8,50.0,0,1,0.0,0,0,0.0,2,2,4,0,1,1,2,2,+15
Jessica Shepard,MIN,MIN @ LV,08/02/2025,2025,W,27,18,7,8,87.5,0,0,0.0,4,7,57.1,2,12,14,2,0,0,1,1,+46
Erica Wheeler,SEA,SEA vs. LA,08/02/2025,2025,L,39,15,5,14,35.7,1,7,14.3,4,4,100.0,1,2,3,6,0,1,3,5,+9
Gabby Williams,SEA,SEA vs. LA,08/02/2025,2025,L,42,14,5,12,41.7,2,4,50.0,2,2,100.0,0,5,5,8,5,0,3,1,+4
Aaliyah Nye,LV,LV vs. MIN,08/02/2025,2025,L,21,6,2,6,33.3,2,4,50.0,0,0,0.0,0,2,2,1,0,1,0,0,-23
Julie Allemand,LA,LA @ SEA,08/02/2025,2025,W,46,8,3,9,33.3,1,4,25.0,1,2,50.0,0,9,9,5,2,0,2,2,+12
Kelsey Plum,LA,LA @ SEA,08/02/2025,2025,W,48,22,8,17,47.1,2,7,28.6,4,5,80.0,0,4,4,7,1,0,4,4,+5
Rickea Jackson,LA,LA @ SEA,08/02/2025,2025,W,47,27,11,23,47.8,0,5,0.0,5,5,100.0,3,6,9,3,1,0,3,2,+11
Azura Stevens,LA,LA @ SEA,08/02/2025,2025,W,35,21,7,11,63.6,3,5,60.0,4,4,100.0,3,2,5,5,1,2,2,3,-2
Dearica Hamby,LA,LA @ SEA,08/02/2025,2025,W,41,21,8,17,47.1,0,1,0.0,5,9,55.6,3,10,13,2,1,1,3,5,+7
Te-Hina Paopao,ATL,ATL vs. PHX,08/01/2025,2025,W,19,7,3,6,50.0,1,3,33.3,0,0,0.0,0,1,1,3,1,0,1,1,-5
Taylor Thierry,ATL,ATL vs. PHX,08/01/2025,2025,W,6,2,1,3,33.3,0,1,0.0,0,2,0.0,1,1,2,0,2,0,1,0,-12
Kamiah Smalls,ATL,ATL vs. PHX,08/01/2025,2025,W,1,0,0,0,0.0,0,0,0.0,0,0,0.0,0,0,0,0,0,0,0,0,+2
Nia Coffey,ATL,ATL vs. PHX,08/01/2025,2025,W,22,4,1,5,20.0,0,3,0.0,2,2,100.0,0,3,3,1,0,1,0,1,+9
Lexi Held,PHX,PHX @ ATL,08/01/2025,2025,L,18,3,1,6,16.7,1,2,50.0,0,0,0.0,0,0,0,0,0,0,1,0,+2
Kitija Laksa,PHX,PHX @ ATL,08/01/2025,2025,L,14,0,0,2,0.0,0,2,0.0,0,0,0.0,0,1,1,0,0,0,0,0,+3
Kalani Brown,PHX,PHX @ ATL,08/01/2025,2025,L,9,6,3,6,50.0,0,0,0.0,0,0,0.0,2,2,4,0,1,0,0,2,-5
Natasha Mack,PHX,PHX @ ATL,08/01/2025,2025,L,14,2,1,2,50.0,0,0,0.0,0,0,0.0,1,1,2,3,0,4,0,0,+10
Leonie Fiebich,NY,NY @ CON,08/01/2025,2025,L,32,2,1,8,12.5,0,5,0.0,0,0,0.0,1,3,4,1,1,1,2,2,-14
Shatori Walker-Kimbrough,ATL,ATL vs. PHX,08/01/2025,2025,W,10,0,0,0,0.0,0,0,0.0,0,0,0.0,0,1,1,2,1,0,0,3,+13
Monique Akoa Makani,PHX,PHX @ ATL,08/01/2025,2025,L,25,7,2,5,40.0,1,3,33.3,2,2,100.0,1,1,2,5,0,0,3,3,-13
Marine Johannes,NY,NY @ CON,08/01/2025,2025,L,21,0,0,4,0.0,0,2,0.0,0,0,0.0,0,0,0,2,1,0,2,0,+6
JJ Quinerly,DAL,DAL vs. IND,08/01/2025,2025,L,27,6,2,7,28.6,0,2,0.0,2,2,100.0,0,4,4,3,1,1,1,2,-1
Elizabeth Williams,CHI,CHI vs. GS,08/01/2025,2025,L,30,15,7,12,58.3,0,0,0.0,1,2,50.0,4,4,8,3,0,2,1,2,0
Kaila Charles,GS,GS @ CHI,08/01/2025,2025,W,17,5,2,3,66.7,1,2,50.0,0,0,0.0,1,4,5,2,0,0,0,2,+8
Iliana Rupert,GS,GS @ CHI,08/01/2025,2025,W,24,14,5,8,62.5,4,5,80.0,0,0,0.0,0,1,1,0,1,0,0,2,+5
Veronica Burton,GS,GS @ CHI,08/01/2025,2025,W,31,18,4,9,44.4,1,3,33.3,9,9,100.0,0,4,4,7,2,1,1,1,+19
Temi Fagbenle,GS,GS @ CHI,08/01/2025,2025,W,18,4,2,7,28.6,0,1,0.0,0,0,0.0,2,2,4,2,0,0,0,2,+8
Rebecca Allen,CHI,CHI vs. GS,08/01/2025,2025,L,30,3,1,7,14.3,1,5,20.0,0,0,0.0,0,4,4,2,0,2,0,0,-14
Kia Nurse,CHI,CHI vs. GS,08/01/2025,2025,L,32,10,4,10,40.0,2,6,33.3,0,0,0.0,0,3,3,7,0,0,1,1,+2
Isabelle Harrison,NY,NY @ CON,08/01/2025,2025,L,17,6,2,7,28.6,0,1,0.0,2,2,100.0,0,1,1,0,1,0,3,1,-20
Janelle Salaun,GS,GS @ CHI,08/01/2025,2025,W,35,16,6,14,42.9,2,4,50.0,2,3,66.7,1,8,9,2,1,0,1,3,+7
Rachel Banham,CHI,CHI vs. GS,08/01/2025,2025,L,28,14,5,15,33.3,2,8,25.0,2,2,100.0,0,5,5,7,1,0,4,4,-8
Li Yueru,DAL,DAL vs. IND,08/01/2025,2025,L,8,3,1,5,20.0,1,3,33.3,0,0,0.0,1,2,3,0,0,0,2,0,+2
Haley Jones,DAL,DAL vs. IND,08/01/2025,2025,L,23,7,3,7,42.9,0,1,0.0,1,1,100.0,0,0,0,1,0,2,2,4,-4
Aziaha James,DAL,DAL vs. IND,08/01/2025,2025,L,16,9,3,5,60.0,1,3,33.3,2,2,100.0,0,2,2,0,0,1,0,3,+2
Luisa Geiselsoder,DAL,DAL vs. IND,08/01/2025,2025,L,19,4,2,6,33.3,0,3,0.0,0,0,0.0,1,4,5,0,1,1,0,0,-15
Aari McDonald,IND,IND @ DAL,08/01/2025,2025,W,29,15,4,10,40.0,4,6,66.7,3,4,75.0,0,4,4,6,0,0,6,2,+13
Stephanie Talbot,NY,NY @ CON,08/01/2025,2025,L,22,5,2,4,50.0,1,3,33.3,0,0,0.0,1,6,7,3,2,1,5,1,-16
Rebekah Gardner,NY,NY @ CON,08/01/2025,2025,L,9,5,1,3,33.3,1,1,100.0,2,2,100.0,2,0,2,0,1,0,0,0,-6
Tina Charles,CON,CON vs. NY,08/01/2025,2025,W,32,15,5,15,33.3,0,1,0.0,5,7,71.4,2,2,4,3,3,0,3,2,+9
Bria Hartley,CON,CON vs. NY,08/01/2025,2025,W,20,4,1,5,20.0,1,3,33.3,1,3,33.3,0,4,4,2,1,0,1,3,-2
Marina Mabrey,CON,CON vs. NY,08/01/2025,2025,W,34,18,6,19,31.6,2,10,20.0,4,4,100.0,1,9,10,8,2,1,6,2,+13
Olivia Nelson-Ododa,CON,CON vs. NY,08/01/2025,2025,W,26,16,6,8,75.0,0,0,0.0,4,6,66.7,2,2,4,1,1,3,2,2,+30
Jacy Sheldon,CON,CON vs. NY,08/01/2025,2025,W,27,0,0,5,0.0,0,3,0.0,0,0,0.0,2,1,3,3,1,1,1,1,+27
Natasha Howard,IND,IND @ DAL,08/01/2025,2025,W,31,11,4,9,44.4,0,1,0.0,3,4,75.0,6,10,16,5,2,1,2,5,+9
Kamilla Cardoso,CHI,CHI vs. GS,08/01/2025,2025,L,35,14,6,9,66.7,0,0,0.0,2,4,50.0,4,7,11,1,0,1,2,2,-7
Aliyah Boston,IND,IND @ DAL,08/01/2025,2025,W,29,12,5,11,45.5,0,1,0.0,2,3,66.7,4,7,11,5,3,1,5,4,+20
Kelsey Mitchell,IND,IND @ DAL,08/01/2025,2025,W,33,23,9,19,47.4,3,8,37.5,2,2,100.0,1,2,3,3,0,0,2,0,+15
Sophie Cunningham,IND,IND @ DAL,08/01/2025,2025,W,29,6,3,5,60.0,0,1,0.0,0,0,0.0,1,4,5,2,2,1,1,2,+8
Leonie Fiebich,NY,NY @ MIN,07/31/2025,2025,L,31,6,2,8,25.0,0,3,0.0,2,2,100.0,0,3,3,6,1,0,2,3,-10
Natasha Cloud,NY,NY @ MIN,07/31/2025,2025,L,32,12,4,10,40.0,1,2,50.0,3,4,75.0,1,3,4,7,2,0,0,2,-1
Marine Johannes,NY,NY @ MIN,07/31/2025,2025,L,31,14,5,10,50.0,4,9,44.4,0,0,0.0,0,4,4,0,0,0,2,1,+1
Sabrina Ionescu,NY,NY @ MIN,07/31/2025,2025,L,33,31,11,20,55.0,3,8,37.5,6,8,75.0,1,4,5,4,1,1,1,2,-3
Bridget Carleton,MIN,MIN vs. NY,07/31/2025,2025,W,33,10,3,9,33.3,3,8,37.5,1,2,50.0,1,5,6,1,0,0,0,1,+6
Alanna Smith,MIN,MIN vs. NY,07/31/2025,2025,W,30,12,5,7,71.4,2,4,50.0,0,0,0.0,1,4,5,3,0,3,0,3,-7
Jonquel Jones,NY,NY @ MIN,07/31/2025,2025,L,29,12,5,7,71.4,2,2,100.0,0,0,0.0,0,7,7,2,0,1,2,3,-3
Naz Hillmon,ATL,ATL @ DAL,07/31/2025,2025,W,30,21,7,9,77.8,5,7,71.4,2,2,100.0,0,1,1,3,0,1,0,1,+1
Aziaha James,DAL,DAL vs. ATL,07/31/2025,2025,L,7,2,1,2,50.0,0,1,0.0,0,2,0.0,1,0,1,0,0,0,0,0,+2
Li Yueru,DAL,DAL vs. ATL,07/31/2025,2025,L,12,7,3,3,100.0,1,1,100.0,0,0,0.0,0,3,3,1,0,0,2,1,-6
Haley Jones,DAL,DAL vs. ATL,07/31/2025,2025,L,31,12,5,8,62.5,2,3,66.7,0,0,0.0,1,2,3,3,1,0,1,4,-4
Paige Bueckers,DAL,DAL vs. ATL,07/31/2025,2025,L,35,21,8,20,40.0,3,7,42.9,2,2,100.0,1,1,2,7,1,0,0,1,0
Arike Ogunbowale,DAL,DAL vs. ATL,07/31/2025,2025,L,35,12,5,13,38.5,0,3,0.0,2,2,100.0,0,2,2,2,1,0,2,0,-4
Courtney Williams,MIN,MIN vs. NY,07/31/2025,2025,W,33,6,1,13,7.7,1,2,50.0,3,4,75.0,1,8,9,13,1,1,1,1,+8
Nia Coffey,ATL,ATL @ DAL,07/31/2025,2025,W,8,7,2,4,50.0,0,1,0.0,3,4,75.0,1,2,3,3,0,1,1,0,-3
Te-Hina Paopao,ATL,ATL @ DAL,07/31/2025,2025,W,37,11,5,13,38.5,1,5,20.0,0,0,0.0,0,8,8,6,0,0,2,2,-2
Maya Caldwell,ATL,ATL @ DAL,07/31/2025,2025,W,29,13,5,7,71.4,1,3,33.3,2,2,100.0,0,1,1,2,1,0,2,2,+13
Allisha Gray,ATL,ATL @ DAL,07/31/2025,2025,W,35,15,5,12,41.7,3,6,50.0,2,3,66.7,2,4,6,7,2,0,2,5,+9
Kayla McBride,MIN,MIN vs. NY,07/31/2025,2025,W,36,24,8,14,57.1,5,9,55.6,3,4,75.0,2,1,3,5,0,0,4,3,+6
Napheesa Collier,MIN,MIN vs. NY,07/31/2025,2025,W,35,30,11,16,68.8,2,4,50.0,6,9,66.7,2,7,9,2,1,3,2,3,+12
Brittney Sykes,WSH,WSH vs. GS,07/31/2025,2025,L,27,8,3,11,27.3,1,3,33.3,1,2,50.0,1,3,4,2,1,2,0,2,-11
Temi Fagbenle,GS,GS @ WSH,07/31/2025,2025,W,27,10,5,11,45.5,0,2,0.0,0,0,0.0,1,5,6,3,1,0,0,1,-9
Emily Engstler,WSH,WSH vs. GS,07/31/2025,2025,L,18,5,2,7,28.6,1,4,25.0,0,0,0.0,2,1,3,2,0,2,1,0,+1
Sonia Citron,WSH,WSH vs. GS,07/31/2025,2025,L,32,16,6,14,42.9,2,6,33.3,2,3,66.7,0,2,2,2,2,1,0,1,+11
Sug Sutton,WSH,WSH vs. GS,07/31/2025,2025,L,26,7,3,8,37.5,1,3,33.3,0,0,0.0,0,3,3,6,0,0,1,2,+5
Shakira Austin,WSH,WSH vs. GS,07/31/2025,2025,L,32,10,3,8,37.5,0,0,0.0,4,6,66.7,3,6,9,3,1,2,2,2,-1
Kate Martin,GS,GS @ WSH,07/31/2025,2025,W,23,14,4,10,40.0,3,6,50.0,3,3,100.0,0,5,5,2,0,1,2,1,+3
Veronica Burton,GS,GS @ WSH,07/31/2025,2025,W,30,10,4,7,57.1,2,3,66.7,0,0,0.0,2,5,7,10,0,1,4,1,-4
Iliana Rupert,GS,GS @ WSH,07/31/2025,2025,W,33,11,3,7,42.9,3,5,60.0,2,2,100.0,1,6,7,0,2,0,3,4,+7
Janelle Salaun,GS,GS @ WSH,07/31/2025,2025,W,37,9,3,9,33.3,1,2,50.0,2,2,100.0,0,4,4,0,0,1,1,2,+4
Alyssa Thomas,PHX,PHX @ IND,07/30/2025,2025,L,34,32,14,22,63.6,0,1,0.0,4,5,80.0,3,12,15,7,1,1,8,4,-6
Kierstan Bell,LV,LV @ LA,07/30/2025,2025,W,21,3,1,10,10.0,1,7,14.3,0,0,0.0,2,0,2,1,2,0,0,1,+5
Kelsey Plum,LA,LA vs. LV,07/30/2025,2025,L,37,22,6,16,37.5,0,6,0.0,10,10,100.0,0,5,5,8,0,0,4,5,-19
Rickea Jackson,LA,LA vs. LV,07/30/2025,2025,L,34,6,2,10,20.0,0,2,0.0,2,2,100.0,1,2,3,0,0,0,3,2,-11
Azura Stevens,LA,LA vs. LV,07/30/2025,2025,L,28,9,4,10,40.0,1,3,33.3,0,0,0.0,3,5,8,0,0,1,1,1,-24
Aari McDonald,IND,IND vs. PHX,07/30/2025,2025,W,31,27,7,11,63.6,3,4,75.0,10,10,100.0,0,0,0,4,2,0,4,4,+3
Aaliyah Nye,LV,LV @ LA,07/30/2025,2025,W,10,3,1,4,25.0,1,4,25.0,0,0,0.0,0,2,2,0,0,0,2,0,-10
Dana Evans,LV,LV @ LA,07/30/2025,2025,W,19,10,3,4,75.0,1,1,100.0,3,3,100.0,0,1,1,1,0,0,0,0,-7
Megan DiLeo,LV,LV @ LA,07/30/2025,2025,W,7,0,0,1,0.0,0,1,0.0,0,0,0.0,0,0,0,0,1,0,1,3,-4
Kiah Stokes,LV,LV @ LA,07/30/2025,2025,W,3,0,0,0,0.0,0,0,0.0,0,0,0.0,0,1,1,0,0,0,0,1,-8
Cameron Brink,LA,LA vs. LV,07/30/2025,2025,L,14,5,1,3,33.3,1,3,33.3,2,2,100.0,1,2,3,1,1,1,1,2,+7
Rae Burrell,LA,LA vs. LV,07/30/2025,2025,L,26,17,6,11,54.5,2,3,66.7,3,3,100.0,0,6,6,2,0,0,1,0,+9
Kahleah Copper,PHX,PHX @ IND,07/30/2025,2025,L,31,22,6,10,60.0,2,2,100.0,8,8,100.0,1,0,1,1,1,0,3,5,-5
Kathryn Westbeld,PHX,PHX @ IND,07/30/2025,2025,L,17,6,2,3,66.7,2,2,100.0,0,0,0.0,0,3,3,2,1,0,0,3,0
Sami Whitcomb,PHX,PHX @ IND,07/30/2025,2025,L,26,18,6,10,60.0,3,7,42.9,3,3,100.0,0,1,1,3,0,0,3,3,-1
Lexi Held,PHX,PHX @ IND,07/30/2025,2025,L,12,4,1,3,33.3,0,2,0.0,2,2,100.0,1,0,1,2,1,0,0,1,+3
Natasha Howard,IND,IND vs. PHX,07/30/2025,2025,W,23,6,3,6,50.0,0,0,0.0,0,0,0.0,1,5,6,3,1,2,1,4,-6
Aliyah Boston,IND,IND vs. PHX,07/30/2025,2025,W,30,22,6,11,54.5,0,0,0.0,10,13,76.9,2,10,12,1,0,0,2,2,+4
Kelsey Mitchell,IND,IND vs. PHX,07/30/2025,2025,W,22,8,3,10,30.0,1,3,33.3,1,2,50.0,0,3,3,3,0,0,0,5,-6
Sophie Cunningham,IND,IND vs. PHX,07/30/2025,2025,W,30,12,4,6,66.7,1,3,33.3,3,4,75.0,1,2,3,1,0,0,2,2,+5
Cecilia Zandalasini,GS,GS @ ATL,07/29/2025,2025,W,30,18,7,11,63.6,3,5,60.0,1,2,50.0,0,8,8,2,1,0,0,3,+8
Naz Hillmon,ATL,ATL vs. GS,07/29/2025,2025,L,30,14,5,11,45.5,2,8,25.0,2,2,100.0,2,6,8,3,1,1,0,0,-1
Rebecca Allen,CHI,CHI @ WSH,07/29/2025,2025,L,33,10,4,7,57.1,2,4,50.0,0,0,0.0,1,2,3,2,1,0,2,3,-17
Rachel Banham,CHI,CHI @ WSH,07/29/2025,2025,L,37,19,8,14,57.1,3,8,37.5,0,0,0.0,0,3,3,3,3,0,0,3,-8
Kamilla Cardoso,CHI,CHI @ WSH,07/29/2025,2025,L,29,21,8,16,50.0,0,0,0.0,5,6,83.3,4,6,10,0,0,0,2,2,-7
Veronica Burton,GS,GS @ ATL,07/29/2025,2025,W,26,10,3,8,37.5,2,3,66.7,2,2,100.0,1,3,4,1,0,0,5,0,-1
Maya Caldwell,ATL,ATL vs. GS,07/29/2025,2025,L,34,9,3,9,33.3,3,8,37.5,0,0,0.0,0,2,2,4,4,1,0,1,+3
Jordin Canada,ATL,ATL vs. GS,07/29/2025,2025,L,36,21,6,11,54.5,4,8,50.0,5,5,100.0,2,0,2,8,0,1,1,2,+7
Allisha Gray,ATL,ATL vs. GS,07/29/2025,2025,L,34,12,2,11,18.2,2,6,33.3,6,9,66.7,0,6,6,2,3,0,2,4,+6
Brittney Griner,ATL,ATL vs. GS,07/29/2025,2025,L,20,9,3,7,42.9,0,0,0.0,3,3,100.0,0,3,3,0,0,1,0,1,-3
Temi Fagbenle,GS,GS @ ATL,07/29/2025,2025,W,24,4,2,4,50.0,0,1,0.0,0,0,0.0,2,3,5,2,0,1,0,4,-2
Tiffany Hayes,GS,GS @ ATL,07/29/2025,2025,W,32,15,6,12,50.0,3,5,60.0,0,0,0.0,1,2,3,5,2,0,3,2,-3
DiJonai Carrington,DAL,DAL vs. NY,07/29/2025,2025,W,17,9,3,10,30.0,0,2,0.0,3,3,100.0,1,8,9,1,0,1,0,0,+1
Janelle Salaun,GS,GS @ ATL,07/29/2025,2025,W,23,6,3,8,37.5,0,4,0.0,0,0,0.0,0,1,1,1,0,0,1,4,-8
Haley Jones,DAL,DAL vs. NY,07/29/2025,2025,W,26,8,3,8,37.5,0,2,0.0,2,2,100.0,2,1,3,2,1,0,4,2,+9
Leonie Fiebich,NY,NY @ DAL,07/29/2025,2025,L,30,9,3,8,37.5,1,5,20.0,2,2,100.0,0,4,4,0,1,1,1,0,-4
Jonquel Jones,NY,NY @ DAL,07/29/2025,2025,L,30,18,6,16,37.5,2,6,33.3,4,4,100.0,1,6,7,2,0,0,0,1,-10
Natasha Cloud,NY,NY @ DAL,07/29/2025,2025,L,33,4,2,6,33.3,0,2,0.0,0,0,0.0,0,3,3,8,1,0,0,5,+3
Sabrina Ionescu,NY,NY @ DAL,07/29/2025,2025,L,31,17,5,13,38.5,1,5,20.0,6,7,85.7,0,4,4,5,1,0,5,2,-17
Stephanie Talbot,NY,NY @ DAL,07/29/2025,2025,L,24,10,4,4,100.0,1,1,100.0,1,3,33.3,1,5,6,3,2,3,2,3,+2
Luisa Geiselsoder,DAL,DAL vs. NY,07/29/2025,2025,W,23,14,6,9,66.7,2,4,50.0,0,0,0.0,0,3,3,1,2,1,1,2,+7
Arike Ogunbowale,DAL,DAL vs. NY,07/29/2025,2025,W,32,20,7,15,46.7,2,7,28.6,4,5,80.0,0,1,1,14,1,0,1,1,+11
Maddy Westbeld,CHI,CHI @ WSH,07/29/2025,2025,L,6,0,0,0,0.0,0,0,0.0,0,0,0.0,0,0,0,0,0,0,2,2,-12
Paige Bueckers,DAL,DAL vs. NY,07/29/2025,2025,W,30,20,7,12,58.3,2,4,50.0,4,4,100.0,2,4,6,4,3,0,1,2,+10
Kia Nurse,CHI,CHI @ WSH,07/29/2025,2025,L,33,7,3,7,42.9,1,4,25.0,0,0,0.0,0,2,2,3,1,0,1,2,-16
Shakira Austin,WSH,WSH vs. CHI,07/29/2025,2025,W,20,6,3,8,37.5,0,1,0.0,0,0,0.0,1,5,6,3,0,0,3,5,+6
Brittney Sykes,WSH,WSH vs. CHI,07/29/2025,2025,W,32,18,6,11,54.5,1,3,33.3,5,5,100.0,0,2,2,6,2,0,1,0,+9
Emily Engstler,WSH,WSH vs. CHI,07/29/2025,2025,W,18,5,0,3,0.0,0,3,0.0,5,6,83.3,2,4,6,4,1,1,1,1,+10
Lucy Olsen,WSH,WSH vs. CHI,07/29/2025,2025,W,11,6,2,4,50.0,2,4,50.0,0,0,0.0,1,0,1,2,0,0,0,1,+8
Jade Melbourne,WSH,WSH vs. CHI,07/29/2025,2025,W,25,6,2,4,50.0,0,1,0.0,2,2,100.0,1,1,2,0,0,0,1,1,+17
Zia Cooke,SEA,SEA @ CON,07/28/2025,2025,W,12,8,3,4,75.0,2,3,66.7,0,0,0.0,0,0,0,0,0,0,2,3,-11
Leila Lacan,CON,CON vs. SEA,07/28/2025,2025,L,22,9,2,6,33.3,1,2,50.0,4,4,100.0,0,2,2,4,2,0,2,3,-6
Olivia Nelson-Ododa,CON,CON vs. SEA,07/28/2025,2025,L,25,10,4,8,50.0,0,0,0.0,2,3,66.7,1,5,6,2,3,2,0,0,-2
Haley Peters,CON,CON vs. SEA,07/28/2025,2025,L,11,0,0,1,0.0,0,1,0.0,0,0,0.0,0,1,1,1,0,0,0,1,-1
Bria Hartley,CON,CON vs. SEA,07/28/2025,2025,L,30,17,4,12,33.3,2,4,50.0,7,8,87.5,0,1,1,4,0,0,1,2,+1
Jacy Sheldon,CON,CON vs. SEA,07/28/2025,2025,L,26,11,4,6,66.7,3,3,100.0,0,0,0.0,0,3,3,2,0,0,1,3,-1
Lexie Brown,SEA,SEA @ CON,07/28/2025,2025,W,19,3,1,5,20.0,1,5,20.0,0,0,0.0,1,2,3,2,0,0,2,1,-8
Dominique Malonga,SEA,SEA @ CON,07/28/2025,2025,W,25,12,6,12,50.0,0,0,0.0,0,0,0.0,0,6,6,0,1,1,2,2,0
Mackenzie Holmes,SEA,SEA @ CON,07/28/2025,2025,W,6,0,0,1,0.0,0,0,0.0,0,0,0.0,0,1,1,0,0,0,0,1,-12
Alysha Clark,SEA,SEA @ CON,07/28/2025,2025,W,19,4,2,2,100.0,0,0,0.0,0,0,0.0,1,1,2,3,1,0,1,2,-5
Sydney Colson,IND,IND @ CHI,07/27/2025,2025,W,17,0,0,3,0.0,0,3,0.0,0,0,0.0,0,3,3,3,1,0,0,2,+21
Kate Martin,GS,GS @ CON,07/27/2025,2025,L,21,9,3,11,27.3,3,10,30.0,0,0,0.0,0,1,1,1,0,0,1,1,-7
Jewell Loyd,LV,LV @ DAL,07/27/2025,2025,W,19,20,6,11,54.5,4,9,44.4,4,4,100.0,0,1,1,2,1,0,1,1,+8
A'ja Wilson,LV,LV @ DAL,07/27/2025,2025,W,34,14,5,10,50.0,1,1,100.0,3,3,100.0,1,9,10,7,2,4,3,3,+25
NaLyssa Smith,LV,LV @ DAL,07/27/2025,2025,W,23,11,5,10,50.0,0,0,0.0,1,3,33.3,5,2,7,0,0,0,1,3,+11
Kia Nurse,CHI,CHI vs. IND,07/27/2025,2025,L,35,14,5,14,35.7,1,5,20.0,3,4,75.0,2,4,6,1,0,0,1,1,-15
Rebecca Allen,CHI,CHI vs. IND,07/27/2025,2025,L,28,13,5,11,45.5,3,7,42.9,0,0,0.0,0,2,2,4,3,0,3,4,-5
Rachel Banham,CHI,CHI vs. IND,07/27/2025,2025,L,36,26,8,15,53.3,6,11,54.5,4,4,100.0,0,1,1,5,0,1,7,2,-15
Kamilla Cardoso,CHI,CHI vs. IND,07/27/2025,2025,L,33,12,4,9,44.4,0,0,0.0,4,4,100.0,2,10,12,3,0,1,5,2,-11
Elizabeth Williams,CHI,CHI vs. IND,07/27/2025,2025,L,23,9,4,6,66.7,0,0,0.0,1,2,50.0,2,6,8,0,1,2,1,5,-4
Lexie Hull,IND,IND @ CHI,07/27/2025,2025,W,19,7,3,7,42.9,1,4,25.0,0,0,0.0,2,2,4,3,0,0,1,3,+12
Makayla Timpson,IND,IND @ CHI,07/27/2025,2025,W,22,14,6,8,75.0,0,0,0.0,2,2,100.0,2,2,4,1,3,0,0,2,+23
Leila Lacan,CON,CON vs. GS,07/27/2025,2025,W,21,8,4,7,57.1,0,1,0.0,0,0,0.0,1,1,2,2,6,0,0,2,+14
Chloe Bibby,IND,IND @ CHI,07/27/2025,2025,W,11,8,2,5,40.0,2,4,50.0,2,2,100.0,1,1,2,0,0,1,0,0,+2
Sophie Cunningham,IND,IND @ CHI,07/27/2025,2025,W,31,5,1,6,16.7,1,6,16.7,2,2,100.0,0,1,1,0,2,0,0,1,-7
Laeticia Amihere,GS,GS @ CON,07/27/2025,2025,L,16,4,1,7,14.3,0,1,0.0,2,3,66.7,1,0,1,2,4,1,3,3,-9
Iliana Rupert,GS,GS @ CON,07/27/2025,2025,L,22,13,5,7,71.4,3,4,75.0,0,0,0.0,1,3,4,1,1,1,4,2,-15
Mamignan Toure,CON,CON vs. GS,07/27/2025,2025,W,5,0,0,1,0.0,0,0,0.0,0,0,0.0,0,0,0,0,0,0,0,0,0
Luisa Geiselsoder,DAL,DAL vs. LV,07/27/2025,2025,L,15,4,2,6,33.3,0,2,0.0,0,0,0.0,1,4,5,0,0,0,1,3,-32
Lindsay Allen,CON,CON vs. GS,07/27/2025,2025,W,15,3,1,1,100.0,1,1,100.0,0,0,0.0,0,0,0,4,0,0,2,0,+11
Rayah Marshall,CON,CON vs. GS,07/27/2025,2025,W,10,2,1,2,50.0,0,0,0.0,0,0,0.0,0,2,2,0,0,0,0,2,+1
Aneesah Morrow,CON,CON vs. GS,07/27/2025,2025,W,24,8,3,9,33.3,0,2,0.0,2,2,100.0,4,7,11,0,2,1,2,5,+15
Carla Leite,GS,GS @ CON,07/27/2025,2025,L,20,5,1,4,25.0,0,3,0.0,3,5,60.0,0,1,1,1,1,0,0,1,-20
Aaliyah Nye,LV,LV @ DAL,07/27/2025,2025,W,15,3,1,3,33.3,1,3,33.3,0,0,0.0,1,2,3,0,0,0,0,0,+20
Dana Evans,LV,LV @ DAL,07/27/2025,2025,W,18,5,2,6,33.3,0,2,0.0,1,2,50.0,0,3,3,3,0,0,0,3,+7
DiJonai Carrington,DAL,DAL vs. LV,07/27/2025,2025,L,30,14,7,15,46.7,0,0,0.0,0,0,0.0,2,2,4,0,1,0,1,4,-37
Satou Sabally,PHX,PHX @ WSH,07/27/2025,2025,W,28,15,6,10,60.0,0,2,0.0,3,4,75.0,1,2,3,3,1,0,0,4,+20
Natisha Hiedeman,MIN,MIN vs. ATL,07/27/2025,2025,L,14,10,4,6,66.7,2,3,66.7,0,0,0.0,0,0,0,3,0,0,1,2,-6
Courtney Williams,MIN,MIN vs. ATL,07/27/2025,2025,L,34,11,5,12,41.7,1,4,25.0,0,0,0.0,0,1,1,9,1,1,3,2,+2
Kayla McBride,MIN,MIN vs. ATL,07/27/2025,2025,L,34,4,2,9,22.2,0,3,0.0,0,0,0.0,0,1,1,3,3,0,2,0,+2
Napheesa Collier,MIN,MIN vs. ATL,07/27/2025,2025,L,37,32,14,18,77.8,2,3,66.7,2,3,66.7,1,7,8,7,4,2,4,3,0
Bridget Carleton,MIN,MIN vs. ATL,07/27/2025,2025,L,17,0,0,3,0.0,0,0,0.0,0,0,0.0,1,3,4,1,0,0,0,3,-4
Shatori Walker-Kimbrough,ATL,ATL @ MIN,07/27/2025,2025,W,22,12,5,5,100.0,2,2,100.0,0,0,0.0,0,1,1,1,1,0,0,0,+1
Naz Hillmon,ATL,ATL @ MIN,07/27/2025,2025,W,29,7,3,7,42.9,1,3,33.3,0,0,0.0,2,7,9,2,1,0,2,2,+3
Nia Coffey,ATL,ATL @ MIN,07/27/2025,2025,W,6,0,0,1,0.0,0,1,0.0,0,0,0.0,1,0,1,2,0,0,1,2,-2
Teaira McCowan,DAL,DAL vs. LV,07/27/2025,2025,L,17,12,3,9,33.3,0,0,0.0,6,8,75.0,6,7,13,2,1,0,1,1,-14
Jordin Canada,ATL,ATL @ MIN,07/27/2025,2025,W,29,18,5,10,50.0,0,2,0.0,8,9,88.9,0,4,4,3,2,0,4,1,+2
Allisha Gray,ATL,ATL @ MIN,07/27/2025,2025,W,37,12,6,17,35.3,0,4,0.0,0,0,0.0,1,0,1,2,4,0,3,3,0
Kaitlyn Chen,GS,GS @ CON,07/27/2025,2025,L,16,3,1,1,100.0,1,1,100.0,0,0,0.0,0,2,2,1,0,0,3,2,-5
Kahleah Copper,PHX,PHX @ WSH,07/27/2025,2025,W,26,6,2,8,25.0,0,3,0.0,2,2,100.0,0,3,3,3,2,0,3,2,+11
Grace Berger,DAL,DAL vs. LV,07/27/2025,2025,L,15,0,0,1,0.0,0,1,0.0,0,2,0.0,0,1,1,1,0,0,1,2,-9
Aziaha James,DAL,DAL vs. LV,07/27/2025,2025,L,20,5,2,10,20.0,1,4,25.0,0,0,0.0,1,3,4,0,0,0,1,1,-11
Jade Melbourne,WSH,WSH vs. PHX,07/27/2025,2025,L,31,13,4,8,50.0,1,3,33.3,4,4,100.0,0,3,3,4,3,0,0,4,-13
Lucy Olsen,WSH,WSH vs. PHX,07/27/2025,2025,L,17,3,1,4,25.0,1,3,33.3,0,0,0.0,0,0,0,2,0,0,1,3,-10
Emily Engstler,WSH,WSH vs. PHX,07/27/2025,2025,L,18,8,3,4,75.0,2,3,66.7,0,0,0.0,1,2,3,1,0,0,1,0,-2
DeWanna Bonner,PHX,PHX @ WSH,07/27/2025,2025,W,22,2,0,2,0.0,0,1,0.0,2,2,100.0,1,5,6,0,0,1,2,2,+12
Sonia Citron,WSH,WSH vs. PHX,07/27/2025,2025,L,27,13,3,8,37.5,0,2,0.0,7,8,87.5,0,2,2,2,1,0,4,2,-17
Kiki Iriafen,WSH,WSH vs. PHX,07/27/2025,2025,L,23,6,2,7,28.6,0,0,0.0,2,2,100.0,4,6,10,0,0,0,2,2,-17
Kiana Williams,PHX,PHX @ WSH,07/27/2025,2025,W,0,0,0,0,0.0,0,0,0.0,0,0,0.0,0,0,0,0,0,0,0,0,0
Monique Akoa Makani,PHX,PHX @ WSH,07/27/2025,2025,W,26,13,5,10,50.0,3,4,75.0,0,0,0.0,0,2,2,1,1,0,1,1,+18
Aziaha James,DAL,DAL @ GS,07/26/2025,2025,L,19,13,5,9,55.6,1,4,25.0,2,4,50.0,2,1,3,1,0,0,0,2,-12
Luisa Geiselsoder,DAL,DAL @ GS,07/26/2025,2025,L,30,9,4,7,57.1,1,4,25.0,0,0,0.0,1,8,9,2,1,1,1,3,-5
Arike Ogunbowale,DAL,DAL @ GS,07/26/2025,2025,L,34,16,5,9,55.6,3,4,75.0,3,3,100.0,0,1,1,3,1,0,3,5,+3
Paige Bueckers,DAL,DAL @ GS,07/26/2025,2025,L,37,17,7,15,46.7,2,5,40.0,1,1,100.0,0,1,1,6,4,0,2,4,-14
Cecilia Zandalasini,GS,GS vs. DAL,07/26/2025,2025,W,30,10,3,7,42.9,2,4,50.0,2,2,100.0,0,3,3,4,1,0,3,3,+16
Haley Jones,DAL,DAL @ GS,07/26/2025,2025,L,28,10,3,8,37.5,1,1,100.0,3,5,60.0,0,4,4,3,2,1,2,3,-13
Janelle Salaun,GS,GS vs. DAL,07/26/2025,2025,W,34,16,6,14,42.9,3,8,37.5,1,1,100.0,0,7,7,3,3,0,3,0,+17
Temi Fagbenle,GS,GS vs. DAL,07/26/2025,2025,W,25,11,5,9,55.6,0,1,0.0,1,1,100.0,2,6,8,1,1,1,2,1,+9
Tiffany Hayes,GS,GS vs. DAL,07/26/2025,2025,W,31,17,5,8,62.5,2,4,50.0,5,6,83.3,0,3,3,5,0,0,2,5,+14
Veronica Burton,GS,GS vs. DAL,07/26/2025,2025,W,31,5,0,7,0.0,0,5,0.0,5,6,83.3,3,6,9,3,0,0,2,2,-1
Stephanie Talbot,NY,NY vs. LA,07/26/2025,2025,L,17,0,0,2,0.0,0,2,0.0,0,0,0.0,0,4,4,0,0,0,0,2,+3
Sabrina Ionescu,NY,NY vs. LA,07/26/2025,2025,L,36,30,12,22,54.5,2,7,28.6,4,4,100.0,2,6,8,6,4,0,3,2,+9
Jonquel Jones,NY,NY vs. LA,07/26/2025,2025,L,29,14,5,12,41.7,2,4,50.0,2,2,100.0,1,7,8,4,0,1,2,3,0
Leonie Fiebich,NY,NY vs. LA,07/26/2025,2025,L,31,10,4,7,57.1,0,2,0.0,2,2,100.0,0,3,3,1,2,3,1,1,0
Julie Allemand,LA,LA @ NY,07/26/2025,2025,W,38,4,2,6,33.3,0,4,0.0,0,0,0.0,0,6,6,10,0,0,5,5,+3
Kelsey Plum,LA,LA @ NY,07/26/2025,2025,W,35,20,5,14,35.7,3,6,50.0,7,7,100.0,1,3,4,8,0,0,2,2,+2
Rickea Jackson,LA,LA @ NY,07/26/2025,2025,W,31,24,9,15,60.0,4,6,66.7,2,2,100.0,1,2,3,2,1,0,0,4,0
Natasha Cloud,NY,NY vs. LA,07/26/2025,2025,L,34,22,8,15,53.3,3,7,42.9,3,3,100.0,0,3,3,9,1,2,1,3,-5
Dearica Hamby,LA,LA @ NY,07/26/2025,2025,W,34,17,8,11,72.7,1,1,100.0,0,2,0.0,3,7,10,1,1,0,2,1,-1
Nneka Ogwumike,SEA,SEA @ WSH,07/26/2025,2025,L,27,18,6,14,42.9,1,4,25.0,5,5,100.0,0,5,5,3,0,0,2,0,-25
Gabby Williams,SEA,SEA @ WSH,07/26/2025,2025,L,25,2,1,7,14.3,0,2,0.0,0,0,0.0,1,1,2,1,2,1,2,1,-19
Sonia Citron,WSH,WSH vs. SEA,07/26/2025,2025,W,30,11,5,9,55.6,0,2,0.0,1,1,100.0,2,8,10,3,1,2,1,1,-2
Sug Sutton,WSH,WSH vs. SEA,07/26/2025,2025,W,25,13,5,9,55.6,1,2,50.0,2,2,100.0,0,3,3,2,1,0,3,3,+14
Brittney Sykes,WSH,WSH vs. SEA,07/26/2025,2025,W,25,11,5,13,38.5,1,4,25.0,0,0,0.0,0,4,4,5,1,0,1,5,+26
Shakira Austin,WSH,WSH vs. SEA,07/26/2025,2025,W,25,14,5,12,41.7,0,0,0.0,4,4,100.0,2,9,11,1,0,2,3,1,+18
Kiki Iriafen,WSH,WSH vs. SEA,07/26/2025,2025,W,28,7,3,9,33.3,0,0,0.0,1,2,50.0,2,9,11,1,0,0,3,2,+5
Erica Wheeler,SEA,SEA @ WSH,07/26/2025,2025,L,32,12,5,14,35.7,2,7,28.6,0,1,0.0,0,1,1,6,1,0,5,2,-6
Skylar Diggins,SEA,SEA @ WSH,07/26/2025,2025,L,24,5,2,10,20.0,1,1,100.0,0,0,0.0,1,3,4,4,2,2,1,1,-20
Ezi Magbegor,SEA,SEA @ WSH,07/26/2025,2025,L,26,8,4,8,50.0,0,1,0.0,0,0,0.0,1,2,3,0,0,4,0,2,-20
Azura Stevens,LA,LA @ NY,07/26/2025,2025,W,31,17,8,17,47.1,0,5,0.0,1,2,50.0,2,9,11,2,0,0,1,0,+1
Marquesha Davis,CHI,CHI vs. SEA,07/25/2025,2025,L,13,2,1,5,20.0,0,1,0.0,0,0,0.0,1,0,1,0,0,0,2,1,-9
Mackenzie Holmes,SEA,SEA @ CHI,07/25/2025,2025,W,6,0,0,0,0.0,0,0,0.0,0,0,0.0,1,0,1,0,1,0,0,1,+3
Dominique Malonga,SEA,SEA @ CHI,07/25/2025,2025,W,17,14,6,9,66.7,1,1,100.0,1,2,50.0,3,7,10,3,0,2,2,5,+2
Lexie Brown,SEA,SEA @ CHI,07/25/2025,2025,W,16,12,5,5,100.0,2,2,100.0,0,0,0.0,0,0,0,2,2,0,2,2,+8
Zia Cooke,SEA,SEA @ CHI,07/25/2025,2025,W,8,2,0,1,0.0,0,0,0.0,2,2,100.0,0,1,1,1,0,0,1,0,+5
Elizabeth Williams,CHI,CHI vs. SEA,07/25/2025,2025,L,27,11,5,8,62.5,0,0,0.0,1,1,100.0,1,3,4,3,1,1,3,2,-25
Rachel Banham,CHI,CHI vs. SEA,07/25/2025,2025,L,29,13,4,11,36.4,2,8,25.0,3,4,75.0,0,2,2,1,0,1,4,1,-33
Maddy Westbeld,CHI,CHI vs. SEA,07/25/2025,2025,L,25,3,1,9,11.1,1,4,25.0,0,0,0.0,1,1,2,2,1,1,2,1,-14
Hailey Van Lith,CHI,CHI vs. SEA,07/25/2025,2025,L,24,8,3,8,37.5,0,0,0.0,2,2,100.0,0,1,1,5,0,0,1,1,-18
Alysha Clark,SEA,SEA @ CHI,07/25/2025,2025,W,19,4,2,2,100.0,0,0,0.0,0,0,0.0,0,4,4,3,0,0,0,2,+7
NaLyssa Smith,LV,LV @ MIN,07/25/2025,2025,L,23,8,3,5,60.0,0,0,0.0,2,4,50.0,0,5,5,0,1,1,0,3,-14
Jaylyn Sherrod,NY,NY vs. PHX,07/25/2025,2025,W,1,0,0,0,0.0,0,0,0.0,0,0,0.0,0,0,0,0,0,0,0,0,0
Sami Whitcomb,PHX,PHX @ NY,07/25/2025,2025,L,24,6,2,9,22.2,1,8,12.5,1,1,100.0,0,2,2,3,0,0,1,1,-19
Dana Evans,LV,LV @ MIN,07/25/2025,2025,L,25,8,3,10,30.0,0,2,0.0,2,4,50.0,1,3,4,5,0,0,3,3,-23
Aaliyah Nye,LV,LV @ MIN,07/25/2025,2025,L,24,7,2,7,28.6,1,5,20.0,2,2,100.0,1,2,3,0,1,0,1,1,-17
Jessica Shepard,MIN,MIN vs. LV,07/25/2025,2025,W,21,10,3,4,75.0,0,0,0.0,4,6,66.7,3,10,13,4,0,0,2,1,+12
Maria Kliundikova,MIN,MIN vs. LV,07/25/2025,2025,W,14,2,1,4,25.0,0,0,0.0,0,0,0.0,2,1,3,1,1,0,0,3,+3
Diamond Miller,MIN,MIN vs. LV,07/25/2025,2025,W,16,7,3,5,60.0,0,1,0.0,1,2,50.0,0,0,0,0,0,0,1,0,+2
Anastasiia Olairi Kosu,MIN,MIN vs. LV,07/25/2025,2025,W,8,5,2,2,100.0,0,0,0.0,1,3,33.3,0,1,1,0,0,0,0,1,+7
Natisha Hiedeman,MIN,MIN vs. LV,07/25/2025,2025,W,16,6,2,6,33.3,0,3,0.0,2,2,100.0,0,4,4,3,0,0,2,3,+11
Jewell Loyd,LV,LV @ MIN,07/25/2025,2025,L,21,0,0,10,0.0,0,4,0.0,0,0,0.0,3,0,3,1,1,0,0,5,-18
Marine Johannes,NY,NY vs. PHX,07/25/2025,2025,W,16,5,2,2,100.0,1,1,100.0,0,0,0.0,0,2,2,0,0,1,0,2,+15
Kennedy Burke,NY,NY vs. PHX,07/25/2025,2025,W,22,4,1,5,20.0,0,3,0.0,2,2,100.0,0,2,2,2,1,2,1,1,+16
Natasha Cloud,NY,NY vs. PHX,07/25/2025,2025,W,29,10,2,7,28.6,1,4,25.0,5,6,83.3,0,4,4,3,1,1,1,4,+20
Breanna Stewart,NY,NY vs. PHX,07/25/2025,2025,W,31,6,3,12,25.0,0,3,0.0,0,0,0.0,3,5,8,5,2,2,3,1,+9
Kierstan Bell,LV,LV @ MIN,07/25/2025,2025,L,13,9,3,8,37.5,2,5,40.0,1,1,100.0,0,0,0,0,0,0,0,2,-15
Monique Akoa Makani,PHX,PHX @ NY,07/25/2025,2025,L,23,9,4,10,40.0,1,3,33.3,0,2,0.0,1,1,2,4,0,1,1,2,+7
Satou Sabally,PHX,PHX @ NY,07/25/2025,2025,L,22,6,3,13,23.1,0,6,0.0,0,0,0.0,1,4,5,3,0,0,2,4,-1
Alyssa Thomas,PHX,PHX @ NY,07/25/2025,2025,L,35,20,8,15,53.3,0,0,0.0,4,6,66.7,4,9,13,8,2,0,3,2,-3
Kahleah Copper,PHX,PHX @ NY,07/25/2025,2025,L,24,14,6,12,50.0,2,5,40.0,0,0,0.0,0,3,3,0,0,0,4,2,+4
Aari McDonald,IND,IND vs. LV,07/24/2025,2025,W,22,9,3,4,75.0,3,3,100.0,0,0,0.0,0,2,2,4,2,0,3,3,+13
Jordin Canada,ATL,ATL @ PHX,07/24/2025,2025,W,36,14,5,14,35.7,1,4,25.0,3,4,75.0,0,3,3,6,1,0,3,1,+10
Maya Caldwell,ATL,ATL @ PHX,07/24/2025,2025,W,21,3,1,4,25.0,1,3,33.3,0,0,0.0,2,4,6,4,2,0,1,1,+9
Nia Coffey,ATL,ATL @ PHX,07/24/2025,2025,W,4,0,0,1,0.0,0,1,0.0,0,0,0.0,1,2,3,0,0,0,0,0,-4
Naz Hillmon,ATL,ATL @ PHX,07/24/2025,2025,W,26,9,4,7,57.1,1,3,33.3,0,0,0.0,0,1,1,3,0,0,0,4,+1
Alyssa Thomas,PHX,PHX vs. ATL,07/24/2025,2025,L,34,7,3,8,37.5,0,0,0.0,1,4,25.0,0,11,11,9,0,0,4,0,-12
Kathryn Westbeld,PHX,PHX vs. ATL,07/24/2025,2025,L,18,3,1,5,20.0,0,2,0.0,1,2,50.0,1,1,2,2,0,0,0,1,-16
Satou Sabally,PHX,PHX vs. ATL,07/24/2025,2025,L,21,13,4,10,40.0,3,7,42.9,2,2,100.0,0,1,1,1,1,0,2,3,-10
Lexie Hull,IND,IND vs. LV,07/24/2025,2025,W,19,0,0,5,0.0,0,3,0.0,0,0,0.0,0,2,2,1,1,1,0,1,+7
Kelsey Mitchell,IND,IND vs. LV,07/24/2025,2025,W,33,21,8,24,33.3,3,9,33.3,2,3,66.7,0,1,1,4,0,0,1,2,+16
Sophie Cunningham,IND,IND vs. LV,07/24/2025,2025,W,33,15,4,5,80.0,3,4,75.0,4,4,100.0,0,3,3,0,1,0,0,2,+7
Aliyah Boston,IND,IND vs. LV,07/24/2025,2025,W,35,13,6,18,33.3,1,1,100.0,0,0,0.0,4,6,10,3,2,0,3,4,+15
Aaliyah Nye,LV,LV @ IND,07/24/2025,2025,L,16,0,0,3,0.0,0,1,0.0,0,0,0.0,1,1,2,0,1,0,1,0,-7
Jackie Young,LV,LV @ IND,07/24/2025,2025,L,32,19,8,14,57.1,1,4,25.0,2,2,100.0,1,2,3,3,1,0,1,4,-1
Jewell Loyd,LV,LV @ IND,07/24/2025,2025,L,27,8,3,7,42.9,1,3,33.3,1,2,50.0,1,1,2,0,0,0,1,1,-19
Chelsea Gray,LV,LV @ IND,07/24/2025,2025,L,33,9,3,9,33.3,0,2,0.0,3,3,100.0,0,3,3,4,1,1,0,2,-10
A'ja Wilson,LV,LV @ IND,07/24/2025,2025,L,30,20,7,17,41.2,0,1,0.0,6,6,100.0,0,6,6,2,3,1,5,4,+2
DeWanna Bonner,PHX,PHX vs. ATL,07/24/2025,2025,L,25,18,5,11,45.5,2,5,40.0,6,7,85.7,2,0,2,1,0,1,0,2,+5
Sami Whitcomb,PHX,PHX vs. ATL,07/24/2025,2025,L,28,11,4,12,33.3,3,8,37.5,0,0,0.0,0,1,1,2,2,0,0,2,-11
Sarah Ashlee Barker,LA,LA @ CON,07/24/2025,2025,W,3,0,0,0,0.0,0,0,0.0,0,0,0.0,0,0,0,0,0,0,0,1,-5
Allisha Gray,ATL,ATL @ PHX,07/24/2025,2025,W,37,28,10,16,62.5,3,5,60.0,5,6,83.3,0,7,7,6,1,0,2,3,+10
Emma Cannon,LA,LA @ CON,07/24/2025,2025,W,6,3,1,3,33.3,0,2,0.0,1,2,50.0,1,1,2,0,0,0,2,0,-7
Julie Vanloo,LA,LA @ CON,07/24/2025,2025,W,16,9,3,4,75.0,3,4,75.0,0,0,0.0,0,1,1,1,0,0,2,1,+4
Rae Burrell,LA,LA @ CON,07/24/2025,2025,W,23,6,1,5,20.0,0,2,0.0,4,5,80.0,1,1,2,2,1,0,1,2,+5
Olivia Nelson-Ododa,CON,CON vs. LA,07/24/2025,2025,L,29,17,7,12,58.3,0,0,0.0,3,4,75.0,3,1,4,0,0,2,0,3,-5
Saniya Rivers,CON,CON vs. LA,07/24/2025,2025,L,18,5,0,1,0.0,0,0,0.0,5,6,83.3,1,1,2,1,0,1,1,2,-10
Leila Lacan,CON,CON vs. LA,07/24/2025,2025,L,19,2,1,4,25.0,0,3,0.0,0,0,0.0,1,0,1,6,3,0,2,5,+3
Aneesah Morrow,CON,CON vs. LA,07/24/2025,2025,L,13,5,2,5,40.0,1,1,100.0,0,0,0.0,2,6,8,0,0,0,1,4,-3
Marina Mabrey,CON,CON vs. LA,07/24/2025,2025,L,26,7,2,12,16.7,2,8,25.0,1,2,50.0,0,2,2,3,2,0,3,2,-11
Sania Feagin,LA,LA @ CON,07/24/2025,2025,W,5,0,0,1,0.0,0,0,0.0,0,0,0.0,0,1,1,0,0,1,1,2,-11
Lexie Hull,IND,IND @ NY,07/23/2025,2025,L,21,7,2,10,20.0,2,6,33.3,1,2,50.0,1,0,1,2,1,0,0,1,-19
Natasha Cloud,NY,NY vs. IND,07/23/2025,2025,W,26,10,3,5,60.0,2,2,100.0,2,2,100.0,0,3,3,4,2,0,3,4,+2
Leonie Fiebich,NY,NY vs. IND,07/23/2025,2025,W,34,17,5,7,71.4,2,2,100.0,5,6,83.3,0,5,5,2,1,0,1,3,+10
Breanna Stewart,NY,NY vs. IND,07/23/2025,2025,W,36,17,6,11,54.5,0,1,0.0,5,5,100.0,0,4,4,6,3,1,3,2,+12
Sophie Cunningham,IND,IND @ NY,07/23/2025,2025,L,33,15,5,8,62.5,5,8,62.5,0,0,0.0,0,3,3,0,1,0,1,3,-6
Damiris Dantas,IND,IND @ NY,07/23/2025,2025,L,9,0,0,5,0.0,0,3,0.0,0,0,0.0,1,1,2,0,0,0,1,1,-17
Aari McDonald,IND,IND @ NY,07/23/2025,2025,L,31,5,2,8,25.0,0,4,0.0,1,1,100.0,1,3,4,6,3,0,4,3,-4
Isabelle Harrison,NY,NY vs. IND,07/23/2025,2025,W,17,13,5,6,83.3,0,0,0.0,3,3,100.0,2,3,5,0,2,0,2,1,+6
Kelsey Mitchell,IND,IND @ NY,07/23/2025,2025,L,35,29,11,21,52.4,3,9,33.3,4,4,100.0,1,1,2,2,2,0,3,3,-5
Sabrina Ionescu,NY,NY vs. IND,07/23/2025,2025,W,29,13,5,15,33.3,3,6,50.0,0,0,0.0,0,5,5,9,0,2,4,1,-1
Aziaha James,DAL,DAL @ SEA,07/23/2025,2025,W,14,7,3,6,50.0,0,2,0.0,1,2,50.0,2,2,4,1,1,1,1,0,+9
Luisa Geiselsoder,DAL,DAL @ SEA,07/23/2025,2025,W,24,13,4,7,57.1,3,5,60.0,2,2,100.0,0,3,3,2,0,0,2,3,+11
DiJonai Carrington,DAL,DAL @ SEA,07/23/2025,2025,W,17,4,1,7,14.3,0,1,0.0,2,4,50.0,3,3,6,1,0,0,2,0,+12
Grace Berger,DAL,DAL @ SEA,07/23/2025,2025,W,10,0,0,2,0.0,0,0,0.0,0,0,0.0,0,4,4,2,0,1,1,3,+1
Haley Jones,DAL,DAL @ SEA,07/23/2025,2025,W,31,10,5,11,45.5,0,1,0.0,0,0,0.0,0,6,6,6,2,3,1,0,+25
Dana Evans,LV,LV vs. ATL,07/23/2025,2025,W,23,14,5,9,55.6,1,3,33.3,3,4,75.0,0,2,2,2,2,0,0,1,+3
Mackenzie Holmes,SEA,SEA vs. DAL,07/23/2025,2025,L,4,0,0,0,0.0,0,0,0.0,0,0,0.0,0,0,0,0,1,0,0,0,-5
Dominique Malonga,SEA,SEA vs. DAL,07/23/2025,2025,L,13,0,0,6,0.0,0,1,0.0,0,0,0.0,2,3,5,1,0,1,2,3,-12
Lexie Brown,SEA,SEA vs. DAL,07/23/2025,2025,L,20,2,1,6,16.7,0,3,0.0,0,0,0.0,0,2,2,2,0,0,0,1,-11
Zia Cooke,SEA,SEA vs. DAL,07/23/2025,2025,L,12,7,2,4,50.0,1,1,100.0,2,2,100.0,0,1,1,0,0,0,2,1,-12
Aaliyah Nye,LV,LV vs. ATL,07/23/2025,2025,W,14,2,1,3,33.3,0,1,0.0,0,0,0.0,0,1,1,1,1,0,2,2,-11
Alysha Clark,SEA,SEA vs. DAL,07/23/2025,2025,L,14,0,0,2,0.0,0,2,0.0,0,0,0.0,0,2,2,1,0,0,0,2,-11
Kierstan Bell,LV,LV vs. ATL,07/23/2025,2025,W,1,0,0,0,0.0,0,0,0.0,0,0,0.0,0,0,0,0,0,0,0,0,0
Anastasiia Olairi Kosu,MIN,MIN vs. CHI,07/23/2025,2025,W,3,1,0,0,0.0,0,0,0.0,1,2,50.0,0,0,0,0,0,0,0,1,+2
Rebecca Allen,CHI,CHI @ MIN,07/23/2025,2025,L,28,3,1,5,20.0,1,3,33.3,0,0,0.0,0,2,2,1,0,0,0,5,-13
Megan DiLeo,LV,LV vs. ATL,07/23/2025,2025,W,18,6,2,4,50.0,2,3,66.7,0,0,0.0,0,2,2,0,0,0,0,2,0
Kiah Stokes,LV,LV vs. ATL,07/23/2025,2025,W,9,0,0,0,0.0,0,0,0.0,0,0,0.0,0,4,4,0,0,2,2,0,+7
Te-Hina Paopao,ATL,ATL @ LV,07/23/2025,2025,L,12,5,2,5,40.0,1,3,33.3,0,0,0.0,0,0,0,1,0,0,0,0,-5
Taylor Thierry,ATL,ATL @ LV,07/23/2025,2025,L,1,0,0,0,0.0,0,0,0.0,0,0,0.0,0,0,0,0,0,0,0,0,0
Nia Coffey,ATL,ATL @ LV,07/23/2025,2025,L,5,0,0,1,0.0,0,1,0.0,0,0,0.0,0,1,1,0,0,0,1,2,+2
Maya Caldwell,ATL,ATL @ LV,07/23/2025,2025,L,13,2,0,3,0.0,0,1,0.0,2,2,100.0,3,0,3,1,0,0,0,2,-18
Jordin Canada,ATL,ATL @ LV,07/23/2025,2025,L,37,12,4,13,30.8,2,3,66.7,2,3,66.7,0,4,4,6,1,0,5,2,-12
Diamond Miller,MIN,MIN vs. CHI,07/23/2025,2025,W,10,8,0,1,0.0,0,1,0.0,8,8,100.0,0,3,3,0,0,0,0,1,-2
Maria Kliundikova,MIN,MIN vs. CHI,07/23/2025,2025,W,10,2,0,2,0.0,0,1,0.0,2,4,50.0,4,0,4,0,1,2,1,2,0
Jessica Shepard,MIN,MIN vs. CHI,07/23/2025,2025,W,13,7,3,6,50.0,0,0,0.0,1,1,100.0,0,1,1,1,0,0,0,0,-4
Courtney Williams,MIN,MIN vs. CHI,07/23/2025,2025,W,31,10,3,11,27.3,0,1,0.0,4,5,80.0,0,1,1,7,1,0,1,2,+29
Hailey Van Lith,CHI,CHI @ MIN,07/23/2025,2025,L,27,7,3,11,27.3,0,3,0.0,1,2,50.0,0,2,2,4,3,0,2,1,-5
Elizabeth Williams,CHI,CHI @ MIN,07/23/2025,2025,L,20,4,2,7,28.6,0,0,0.0,0,0,0.0,0,1,1,1,1,1,1,0,-13
Maddy Westbeld,CHI,CHI @ MIN,07/23/2025,2025,L,12,9,3,4,75.0,1,1,100.0,2,2,100.0,1,0,1,0,0,0,0,2,-10
Kia Nurse,CHI,CHI @ MIN,07/23/2025,2025,L,33,16,5,10,50.0,3,5,60.0,3,4,75.0,2,6,8,1,1,0,2,1,-20
Kiki Iriafen,WSH,WSH vs. LA,07/22/2025,2025,L,25,13,4,7,57.1,0,0,0.0,5,8,62.5,0,4,4,1,0,0,2,5,-7
Dearica Hamby,LA,LA @ WSH,07/22/2025,2025,W,33,24,10,14,71.4,0,2,0.0,4,8,50.0,6,8,14,3,2,1,6,4,+8
Azura Stevens,LA,LA @ WSH,07/22/2025,2025,W,24,15,6,11,54.5,2,5,40.0,1,1,100.0,1,5,6,1,1,0,2,4,+1
Kelsey Plum,LA,LA @ WSH,07/22/2025,2025,W,32,11,4,9,44.4,3,6,50.0,0,0,0.0,0,4,4,7,2,0,3,2,+1
Julie Allemand,LA,LA @ WSH,07/22/2025,2025,W,29,8,3,4,75.0,1,1,100.0,1,1,100.0,1,1,2,4,2,0,1,2,+2
Rickea Jackson,LA,LA @ WSH,07/22/2025,2025,W,35,22,7,17,41.2,4,8,50.0,4,4,100.0,1,2,3,4,0,0,2,0,+1
Shakira Austin,WSH,WSH vs. LA,07/22/2025,2025,L,28,17,8,14,57.1,0,0,0.0,1,2,50.0,3,3,6,2,4,2,4,3,-16
Brittney Sykes,WSH,WSH vs. LA,07/22/2025,2025,L,33,18,7,16,43.8,1,4,25.0,3,3,100.0,1,2,3,5,2,0,4,0,-10
Sug Sutton,WSH,WSH vs. LA,07/22/2025,2025,L,35,8,3,6,50.0,2,4,50.0,0,0,0.0,2,0,2,4,0,0,3,0,-7
Sonia Citron,WSH,WSH vs. LA,07/22/2025,2025,L,30,7,2,7,28.6,1,3,33.3,2,2,100.0,0,4,4,6,3,1,0,5,+6
Courtney Williams,COL,COL @ CLA,07/20/2025,2025,W,15,13,5,9,55.6,3,4,75.0,0,0,0.0,0,2,2,5,0,0,1,0,+13
Nneka Ogwumike,COL,COL @ CLA,07/20/2025,2025,W,19,16,7,8,87.5,2,2,100.0,0,0,0.0,1,6,7,3,0,0,2,1,+3
Breanna Stewart,COL,COL @ CLA,07/20/2025,2025,W,21,8,4,8,50.0,0,2,0.0,0,0,0.0,1,3,4,2,0,0,1,0,0
Skylar Diggins,COL,COL @ CLA,07/20/2025,2025,W,21,11,4,8,50.0,1,5,20.0,2,2,100.0,1,10,11,15,0,0,1,0,+6
Kayla McBride,COL,COL @ CLA,07/20/2025,2025,W,19,15,4,12,33.3,4,12,33.3,3,3,100.0,1,2,3,0,0,0,1,0,+13
Kiki Iriafen,CLA,CLA vs. COL,07/20/2025,2025,L,23,17,7,15,46.7,2,7,28.6,1,1,100.0,4,6,10,1,2,0,2,0,-7
Kayla Thornton,CLA,CLA vs. COL,07/20/2025,2025,L,25,15,5,14,35.7,3,11,27.3,2,2,100.0,4,7,11,5,1,0,0,1,-10
Brittney Sykes,CLA,CLA vs. COL,07/20/2025,2025,L,22,16,8,18,44.4,0,9,0.0,0,0,0.0,1,2,3,7,0,0,2,0,-8
Sonia Citron,CLA,CLA vs. COL,07/20/2025,2025,L,21,11,4,11,36.4,3,8,37.5,0,0,0.0,1,1,2,2,1,0,1,0,-1
Gabby Williams,CLA,CLA vs. COL,07/20/2025,2025,L,24,16,5,11,45.5,4,10,40.0,2,2,100.0,0,0,0,5,1,0,1,0,-9
Paige Bueckers,DAL,DAL vs. LV,07/17/2025,2025,L,39,20,9,24,37.5,1,5,20.0,1,2,50.0,0,3,3,8,2,0,4,4,-3
Jewell Loyd,LV,LV @ DAL,07/17/2025,2025,W,30,14,5,11,45.5,1,4,25.0,3,4,75.0,3,5,8,2,0,1,2,3,-5
Chelsea Gray,LV,LV @ DAL,07/17/2025,2025,W,25,6,2,4,50.0,0,1,0.0,2,2,100.0,0,3,3,7,1,2,3,2,-14
A'ja Wilson,LV,LV @ DAL,07/17/2025,2025,W,34,37,15,25,60.0,0,2,0.0,7,12,58.3,2,8,10,2,0,2,4,0,-1
Li Yueru,DAL,DAL vs. LV,07/17/2025,2025,L,22,10,4,8,50.0,2,4,50.0,0,0,0.0,2,6,8,3,0,2,0,3,+11
Arike Ogunbowale,DAL,DAL vs. LV,07/17/2025,2025,L,35,9,3,12,25.0,3,6,50.0,0,0,0.0,0,1,1,6,1,1,3,3,-4
Haley Jones,DAL,DAL vs. LV,07/17/2025,2025,L,19,12,6,11,54.5,0,0,0.0,0,0,0.0,1,4,5,4,3,0,2,2,+9
JJ Quinerly,DAL,DAL vs. LV,07/17/2025,2025,L,30,17,5,14,35.7,2,5,40.0,5,7,71.4,2,3,5,4,5,1,1,3,+5
Aaliyah Nye,LV,LV @ DAL,07/17/2025,2025,W,23,13,5,9,55.6,3,4,75.0,0,0,0.0,0,2,2,1,0,1,1,2,+4
Kiah Stokes,LV,LV @ DAL,07/17/2025,2025,W,6,0,0,0,0.0,0,0,0.0,0,0,0.0,0,1,1,0,2,0,0,0,+5
Kathryn Westbeld,PHX,PHX @ MIN,07/16/2025,2025,L,20,3,1,9,11.1,1,5,20.0,0,0,0.0,1,3,4,0,0,1,1,1,-14
Sarah Ashlee Barker,LA,LA vs. WSH,07/16/2025,2025,W,2,0,0,0,0.0,0,0,0.0,0,0,0.0,0,2,2,0,0,0,0,0,0
Rae Burrell,LA,LA vs. WSH,07/16/2025,2025,W,17,5,2,4,50.0,0,2,0.0,1,4,25.0,0,1,1,1,2,1,0,2,+1
Julie Vanloo,LA,LA vs. WSH,07/16/2025,2025,W,16,0,0,2,0.0,0,2,0.0,0,0,0.0,0,0,0,3,0,0,0,2,+16
Maya Caldwell,ATL,ATL @ CHI,07/16/2025,2025,W,29,8,3,8,37.5,1,4,25.0,1,2,50.0,0,6,6,3,0,0,2,0,+33
Natasha Mack,PHX,PHX @ MIN,07/16/2025,2025,L,23,6,3,3,100.0,0,0,0.0,0,2,0.0,4,9,13,0,3,0,0,0,-5
Kalani Brown,PHX,PHX @ MIN,07/16/2025,2025,L,19,11,4,6,66.7,0,1,0.0,3,3,100.0,3,8,11,1,1,2,1,1,-8
Kitija Laksa,PHX,PHX @ MIN,07/16/2025,2025,L,30,5,2,7,28.6,1,4,25.0,0,1,0.0,1,1,2,1,1,1,0,5,-6
Kiana Williams,PHX,PHX @ MIN,07/16/2025,2025,L,27,9,3,9,33.3,2,7,28.6,1,2,50.0,0,2,2,3,0,0,0,2,-5
Jessica Shepard,MIN,MIN vs. PHX,07/16/2025,2025,W,17,8,4,5,80.0,0,0,0.0,0,0,0.0,2,6,8,2,0,0,2,1,+7
Maria Kliundikova,MIN,MIN vs. PHX,07/16/2025,2025,W,15,7,3,4,75.0,1,1,100.0,0,0,0.0,1,4,5,0,0,2,1,1,-3
Diamond Miller,MIN,MIN vs. PHX,07/16/2025,2025,W,12,2,1,4,25.0,0,1,0.0,0,0,0.0,0,1,1,0,1,0,1,1,+5
Anastasiia Olairi Kosu,MIN,MIN vs. PHX,07/16/2025,2025,W,2,2,1,2,50.0,0,1,0.0,0,0,0.0,0,0,0,0,1,0,1,0,+1
Emma Cannon,LA,LA vs. WSH,07/16/2025,2025,W,2,0,0,1,0.0,0,1,0.0,0,0,0.0,0,0,0,0,0,0,0,0,0
Sania Feagin,LA,LA vs. WSH,07/16/2025,2025,W,13,8,4,8,50.0,0,0,0.0,0,0,0.0,0,1,1,0,0,1,1,2,+5
Lexie Hull,IND,IND @ CON,07/16/2025,2025,W,14,5,2,5,40.0,1,3,33.3,0,0,0.0,0,0,0,2,0,0,0,1,0
Jade Melbourne,WSH,WSH @ LA,07/16/2025,2025,L,17,3,1,5,20.0,1,3,33.3,0,0,0.0,0,0,0,1,1,0,1,1,-13
Lucy Olsen,WSH,WSH @ LA,07/16/2025,2025,L,13,5,1,2,50.0,1,2,50.0,2,2,100.0,1,1,2,2,0,0,1,1,-1
Sika Kone,WSH,WSH @ LA,07/16/2025,2025,L,3,2,0,1,0.0,0,1,0.0,2,2,100.0,0,1,1,0,0,0,0,0,0
Kelsey Mitchell,IND,IND @ CON,07/16/2025,2025,W,33,20,8,13,61.5,0,3,0.0,4,5,80.0,0,2,2,3,1,0,0,1,+7
Emily Engstler,WSH,WSH @ LA,07/16/2025,2025,L,6,0,0,1,0.0,0,1,0.0,0,0,0.0,0,1,1,1,0,0,1,2,+3
Leila Lacan,CON,CON vs. IND,07/16/2025,2025,L,24,19,8,13,61.5,1,3,33.3,2,3,66.7,0,1,1,1,3,0,3,0,-1
Aneesah Morrow,CON,CON vs. IND,07/16/2025,2025,L,23,7,3,13,23.1,1,4,25.0,0,0,0.0,2,10,12,1,0,0,1,1,-5
Saniya Rivers,CON,CON vs. IND,07/16/2025,2025,L,29,8,4,10,40.0,0,3,0.0,0,0,0.0,1,4,5,3,2,0,0,5,-3
Bria Hartley,CON,CON vs. IND,07/16/2025,2025,L,29,11,3,8,37.5,3,7,42.9,2,2,100.0,1,3,4,2,0,0,2,5,-14
Tina Charles,CON,CON vs. IND,07/16/2025,2025,L,34,21,7,19,36.8,0,2,0.0,7,9,77.8,4,7,11,3,1,1,0,3,-6
Sydney Colson,IND,IND @ CON,07/16/2025,2025,W,9,0,0,1,0.0,0,1,0.0,0,0,0.0,0,0,0,0,0,0,0,1,-3
Damiris Dantas,IND,IND @ CON,07/16/2025,2025,W,10,3,1,2,50.0,1,1,100.0,0,0,0.0,0,1,1,2,0,0,1,3,-1
Makayla Timpson,IND,IND @ CON,07/16/2025,2025,W,6,1,0,0,0.0,0,0,0.0,1,2,50.0,1,3,4,0,0,0,0,0,+1
Natisha Hiedeman,MIN,MIN vs. PHX,07/16/2025,2025,W,18,4,2,6,33.3,0,1,0.0,0,1,0.0,1,1,2,2,0,0,1,2,+3
Aaliyah Edwards,WSH,WSH @ LA,07/16/2025,2025,L,14,13,5,8,62.5,0,1,0.0,3,4,75.0,1,2,3,0,0,0,0,1,+2
Nia Coffey,ATL,ATL @ CHI,07/16/2025,2025,W,15,2,1,3,33.3,0,2,0.0,0,0,0.0,1,2,3,1,1,1,1,3,+3
Jaylyn Sherrod,NY,NY vs. IND,07/16/2025,2025,W,6,0,0,0,0.0,0,0,0.0,0,0,0.0,0,0,0,0,0,0,1,0,-11
Damiris Dantas,IND,IND @ NY,07/16/2025,2025,L,20,11,4,12,33.3,1,6,16.7,2,2,100.0,2,3,5,0,2,0,0,2,0
Sydney Colson,IND,IND @ NY,07/16/2025,2025,L,24,0,0,5,0.0,0,2,0.0,0,0,0.0,0,1,1,2,0,0,2,2,-3
Lexie Hull,IND,IND @ NY,07/16/2025,2025,L,19,5,2,5,40.0,1,2,50.0,0,0,0.0,3,4,7,2,2,0,2,3,-4
Isabelle Harrison,NY,NY vs. IND,07/16/2025,2025,W,19,9,3,6,50.0,1,2,50.0,2,2,100.0,0,2,2,1,3,1,2,3,+3
Rebekah Gardner,NY,NY vs. IND,07/16/2025,2025,W,8,6,2,2,100.0,1,1,100.0,1,2,50.0,1,0,1,1,2,0,1,1,+2
Kennedy Burke,NY,NY vs. IND,07/16/2025,2025,W,20,6,2,4,50.0,2,2,100.0,0,0,0.0,0,1,1,2,0,0,0,0,+3
Marine Johannes,NY,NY vs. IND,07/16/2025,2025,W,18,12,4,5,80.0,4,5,80.0,0,0,0.0,0,1,1,3,2,0,1,0,+3
Kayla Thornton,GS,GS @ SEA,07/16/2025,2025,L,25,4,1,9,11.1,0,2,0.0,2,2,100.0,0,4,4,2,0,1,1,4,-1
Erica Wheeler,SEA,SEA vs. GS,07/16/2025,2025,W,29,15,5,15,33.3,2,8,25.0,3,3,100.0,1,2,3,2,1,0,0,3,+11
Temi Fagbenle,GS,GS @ SEA,07/16/2025,2025,L,26,5,2,2,100.0,1,1,100.0,0,0,0.0,2,2,4,1,1,1,0,5,-7
Tiffany Hayes,GS,GS @ SEA,07/16/2025,2025,L,20,3,1,3,33.3,1,2,50.0,0,0,0.0,0,2,2,1,0,0,1,2,-7
Veronica Burton,GS,GS @ SEA,07/16/2025,2025,L,31,8,3,9,33.3,0,3,0.0,2,2,100.0,1,7,8,4,0,1,4,3,-13
Cecilia Zandalasini,GS,GS @ SEA,07/16/2025,2025,L,25,12,3,10,30.0,2,8,25.0,4,4,100.0,1,3,4,0,0,1,1,4,-6
Nneka Ogwumike,SEA,SEA vs. GS,07/16/2025,2025,W,36,22,7,15,46.7,1,7,14.3,7,8,87.5,0,8,8,1,1,1,1,3,+5
Gabby Williams,SEA,SEA vs. GS,07/16/2025,2025,W,30,4,2,9,22.2,0,3,0.0,0,0,0.0,1,6,7,2,2,0,2,4,+13
Ezi Magbegor,SEA,SEA vs. GS,07/16/2025,2025,W,32,3,1,5,20.0,1,1,100.0,0,0,0.0,2,6,8,0,1,2,1,3,+9
Makayla Timpson,IND,IND @ NY,07/16/2025,2025,L,11,8,4,6,66.7,0,0,0.0,0,0,0.0,3,1,4,0,0,1,0,0,+6
Aari McDonald,IND,IND @ NY,07/16/2025,2025,L,29,10,4,9,44.4,2,6,33.3,0,0,0.0,0,1,1,5,1,0,3,2,-14
Taylor Thierry,ATL,ATL @ CHI,07/16/2025,2025,W,8,1,0,3,0.0,0,0,0.0,1,2,50.0,1,1,2,1,1,0,0,0,-3
Hailey Van Lith,CHI,CHI vs. ATL,07/16/2025,2025,L,21,4,2,7,28.6,0,0,0.0,0,0,0.0,1,3,4,2,0,0,3,2,-11
Shatori Walker-Kimbrough,ATL,ATL @ CHI,07/16/2025,2025,W,14,2,1,2,50.0,0,0,0.0,0,0,0.0,1,1,2,0,0,1,2,1,+2
Te-Hina Paopao,ATL,ATL @ CHI,07/16/2025,2025,W,21,13,5,7,71.4,3,5,60.0,0,2,0.0,0,3,3,3,1,0,1,0,+16
Elizabeth Williams,CHI,CHI vs. ATL,07/16/2025,2025,L,25,8,3,9,33.3,0,0,0.0,2,3,66.7,1,1,2,2,1,3,2,3,-28
Moriah Jefferson,CHI,CHI vs. ATL,07/16/2025,2025,L,21,7,3,6,50.0,1,2,50.0,0,0,0.0,0,5,5,5,0,0,1,1,-16
Maddy Westbeld,CHI,CHI vs. ATL,07/16/2025,2025,L,25,2,1,8,12.5,0,1,0.0,0,0,0.0,4,3,7,1,0,2,0,3,-16
Kia Nurse,CHI,CHI vs. ATL,07/16/2025,2025,L,22,5,1,9,11.1,1,3,33.3,2,2,100.0,1,2,3,0,1,0,0,0,-23
Skylar Diggins,SEA,SEA vs. GS,07/16/2025,2025,W,32,10,2,10,20.0,0,4,0.0,6,7,85.7,0,1,1,6,0,1,2,3,+9
Hailey Van Lith,CHI,CHI vs. MIN,07/15/2025,2025,L,9,4,2,5,40.0,0,0,0.0,0,0,0.0,1,1,2,1,0,0,2,1,-2
Maria Kliundikova,MIN,MIN @ CHI,07/15/2025,2025,W,7,0,0,1,0.0,0,0,0.0,0,0,0.0,0,0,0,1,1,1,0,1,-6
Diamond Miller,MIN,MIN @ CHI,07/15/2025,2025,W,6,0,0,2,0.0,0,0,0.0,0,0,0.0,1,0,1,0,0,0,2,1,-9
Anastasiia Olairi Kosu,MIN,MIN @ CHI,07/15/2025,2025,W,1,2,1,1,100.0,0,0,0.0,0,0,0.0,0,0,0,0,0,0,0,0,0
Angel Reese,CHI,CHI vs. MIN,07/15/2025,2025,L,37,22,9,14,64.3,0,1,0.0,4,6,66.7,0,10,10,3,0,1,5,3,-20
Kamilla Cardoso,CHI,CHI vs. MIN,07/15/2025,2025,L,26,6,3,7,42.9,0,0,0.0,0,0,0.0,2,4,6,1,0,0,3,3,-4
Rachel Banham,CHI,CHI vs. MIN,07/15/2025,2025,L,31,15,5,11,45.5,3,8,37.5,2,2,100.0,0,2,2,2,1,0,5,3,-17
Kia Nurse,CHI,CHI vs. MIN,07/15/2025,2025,L,24,4,1,3,33.3,0,0,0.0,2,2,100.0,0,3,3,1,0,0,0,0,-8
Jessica Shepard,MIN,MIN @ CHI,07/15/2025,2025,W,12,4,2,4,50.0,0,0,0.0,0,0,0.0,2,3,5,0,0,0,2,2,0
Courtney Williams,MIN,MIN @ CHI,07/15/2025,2025,W,36,18,7,16,43.8,2,7,28.6,2,2,100.0,1,7,8,7,4,2,1,0,+17
Monique Billings,GS,GS vs. PHX,07/15/2025,2025,L,19,9,3,8,37.5,1,2,50.0,2,2,100.0,3,6,9,1,1,0,0,2,+21
Monique Akoa Makani,PHX,PHX @ GS,07/15/2025,2025,W,26,9,3,6,50.0,3,6,50.0,0,0,0.0,0,1,1,2,1,0,1,5,+11
Alyssa Thomas,PHX,PHX @ GS,07/15/2025,2025,W,35,17,7,14,50.0,0,0,0.0,3,4,75.0,1,5,6,11,0,2,6,2,+5
Kathryn Westbeld,PHX,PHX @ GS,07/15/2025,2025,W,26,14,5,11,45.5,4,8,50.0,0,0,0.0,0,2,2,2,1,0,3,1,+4
Sami Whitcomb,PHX,PHX @ GS,07/15/2025,2025,W,29,7,2,7,28.6,2,5,40.0,1,2,50.0,0,1,1,5,0,0,2,3,+6
Veronica Burton,GS,GS vs. PHX,07/15/2025,2025,L,31,17,5,10,50.0,4,8,50.0,3,3,100.0,1,1,2,6,2,1,2,4,-10
DeWanna Bonner,PHX,PHX @ GS,07/15/2025,2025,W,29,22,7,8,87.5,3,4,75.0,5,8,62.5,1,10,11,2,1,0,0,0,-11
Temi Fagbenle,GS,GS vs. PHX,07/15/2025,2025,L,11,0,0,2,0.0,0,1,0.0,0,0,0.0,3,0,3,1,0,0,0,0,-15
Tiffany Hayes,GS,GS vs. PHX,07/15/2025,2025,L,33,15,5,12,41.7,4,5,80.0,1,2,50.0,0,3,3,4,1,0,3,2,+3
Kayla Thornton,GS,GS vs. PHX,07/15/2025,2025,L,38,8,2,12,16.7,2,8,25.0,2,3,66.7,1,5,6,4,0,0,2,4,-7
Maya Caldwell,ATL,ATL @ NY,07/13/2025,2025,L,35,12,5,8,62.5,2,4,50.0,0,0,0.0,2,3,5,3,1,1,2,3,-11
Sabrina Ionescu,NY,NY vs. ATL,07/13/2025,2025,W,28,9,3,20,15.0,0,7,0.0,3,3,100.0,0,2,2,5,1,0,2,3,+4
Natasha Cloud,NY,NY vs. ATL,07/13/2025,2025,W,27,2,1,5,20.0,0,2,0.0,0,0,0.0,0,1,1,4,2,0,1,2,-1
Leonie Fiebich,NY,NY vs. ATL,07/13/2025,2025,W,33,21,8,9,88.9,4,5,80.0,1,1,100.0,1,3,4,4,1,0,0,3,+4
Nyara Sabally,NY,NY vs. ATL,07/13/2025,2025,W,24,7,3,7,42.9,1,2,50.0,0,0,0.0,2,7,9,2,0,4,2,5,0
Breanna Stewart,NY,NY vs. ATL,07/13/2025,2025,W,37,18,7,19,36.8,1,4,25.0,3,3,100.0,1,9,10,4,3,2,1,2,+9
Shatori Walker-Kimbrough,ATL,ATL @ NY,07/13/2025,2025,L,2,0,0,0,0.0,0,0,0.0,0,0,0.0,0,0,0,0,0,0,0,0,-4
Naz Hillmon,ATL,ATL @ NY,07/13/2025,2025,L,19,11,4,7,57.1,3,6,50.0,0,1,0.0,3,4,7,1,0,2,1,2,-2
Nia Coffey,ATL,ATL @ NY,07/13/2025,2025,L,7,0,0,2,0.0,0,2,0.0,0,0,0.0,0,1,1,0,0,0,0,0,+2
Julie Allemand,LA,LA vs. CON,07/13/2025,2025,W,31,5,1,5,20.0,1,3,33.3,2,2,100.0,0,4,4,6,2,0,0,2,+13
Jordin Canada,ATL,ATL @ NY,07/13/2025,2025,L,35,12,2,13,15.4,0,4,0.0,8,8,100.0,0,8,8,6,1,2,4,1,+10
Kelsey Plum,LA,LA vs. CON,07/13/2025,2025,W,34,23,8,14,57.1,3,7,42.9,4,4,100.0,0,1,1,3,2,0,2,1,+10
Rickea Jackson,LA,LA vs. CON,07/13/2025,2025,W,32,19,9,16,56.2,1,4,25.0,0,0,0.0,4,2,6,4,0,2,2,2,+2
Sydney Colson,IND,IND vs. DAL,07/13/2025,2025,W,5,3,1,2,50.0,1,2,50.0,0,0,0.0,0,0,0,0,0,0,0,0,-5
Dearica Hamby,LA,LA vs. CON,07/13/2025,2025,W,34,17,7,13,53.8,0,0,0.0,3,4,75.0,4,3,7,4,2,0,2,3,+10
Leila Lacan,CON,CON @ LA,07/13/2025,2025,L,31,7,3,7,42.9,1,3,33.3,0,0,0.0,0,2,2,4,1,1,1,3,+2
Aneesah Morrow,CON,CON @ LA,07/13/2025,2025,L,22,10,5,11,45.5,0,3,0.0,0,0,0.0,2,5,7,0,0,1,2,0,0
Saniya Rivers,CON,CON @ LA,07/13/2025,2025,L,30,20,8,11,72.7,3,4,75.0,1,2,50.0,0,6,6,1,3,1,2,1,-3
Azura Stevens,LA,LA vs. CON,07/13/2025,2025,W,27,21,7,17,41.2,5,8,62.5,2,4,50.0,7,4,11,1,2,1,4,3,+4
Sophie Cunningham,IND,IND vs. DAL,07/13/2025,2025,W,22,13,5,6,83.3,2,3,66.7,1,2,50.0,2,3,5,3,0,0,1,4,+7
Damiris Dantas,IND,IND vs. DAL,07/13/2025,2025,W,16,2,1,8,12.5,0,4,0.0,0,0,0.0,1,1,2,1,0,0,2,2,-10
JJ Quinerly,DAL,DAL @ IND,07/13/2025,2025,L,24,13,6,11,54.5,1,3,33.3,0,0,0.0,0,1,1,4,0,0,2,4,-2
Tina Charles,CON,CON @ LA,07/13/2025,2025,L,34,9,3,10,30.0,0,1,0.0,3,4,75.0,2,5,7,3,1,0,4,2,-1
Tiffany Mitchell,SEA,SEA vs. WSH,07/13/2025,2025,L,23,12,5,7,71.4,2,2,100.0,0,2,0.0,0,1,1,1,2,0,1,2,-3
Erica Wheeler,SEA,SEA vs. WSH,07/13/2025,2025,L,27,6,2,7,28.6,2,5,40.0,0,0,0.0,1,2,3,2,0,0,3,4,-6
Skylar Diggins,SEA,SEA vs. WSH,07/13/2025,2025,L,35,10,4,14,28.6,0,1,0.0,2,2,100.0,1,2,3,4,0,1,3,3,-6
Ezi Magbegor,SEA,SEA vs. WSH,07/13/2025,2025,L,36,19,7,13,53.8,1,2,50.0,4,4,100.0,4,3,7,1,2,2,1,3,+4
Nneka Ogwumike,SEA,SEA vs. WSH,07/13/2025,2025,L,28,16,5,15,33.3,2,5,40.0,4,4,100.0,2,4,6,0,0,1,3,1,-16
Sonia Citron,WSH,WSH @ SEA,07/13/2025,2025,W,36,17,5,11,45.5,1,4,25.0,6,6,100.0,1,0,1,0,0,0,4,3,-1
Sug Sutton,WSH,WSH @ SEA,07/13/2025,2025,W,26,2,1,5,20.0,0,1,0.0,0,2,0.0,0,1,1,4,1,0,2,2,+9
Brittney Sykes,WSH,WSH @ SEA,07/13/2025,2025,W,33,19,7,13,53.8,0,2,0.0,5,6,83.3,1,3,4,4,1,0,2,3,+9
Shakira Austin,WSH,WSH @ SEA,07/13/2025,2025,W,23,9,4,10,40.0,0,0,0.0,1,2,50.0,1,6,7,5,1,1,4,2,-2
Kiki Iriafen,WSH,WSH @ SEA,07/13/2025,2025,W,25,10,5,9,55.6,0,0,0.0,0,0,0.0,3,7,10,1,1,0,1,4,+14
Luisa Geiselsoder,DAL,DAL @ IND,07/13/2025,2025,L,19,7,3,6,50.0,1,2,50.0,0,0,0.0,1,6,7,2,0,0,0,1,-13
Myisha Hines-Allen,DAL,DAL @ IND,07/13/2025,2025,L,23,3,1,2,50.0,1,1,100.0,0,0,0.0,2,5,7,3,0,0,5,4,-4
Aziaha James,DAL,DAL @ IND,07/13/2025,2025,L,22,11,3,8,37.5,3,4,75.0,2,2,100.0,0,3,3,3,1,0,3,1,-12
Haley Jones,DAL,DAL @ IND,07/13/2025,2025,L,15,5,2,3,66.7,0,0,0.0,1,2,50.0,0,1,1,0,0,2,1,4,-2
Brianna Turner,IND,IND vs. DAL,07/13/2025,2025,W,4,0,0,0,0.0,0,0,0.0,0,0,0.0,2,1,3,0,0,0,1,0,-6
Makayla Timpson,IND,IND vs. DAL,07/13/2025,2025,W,14,7,3,9,33.3,0,0,0.0,1,2,50.0,2,2,4,0,0,0,1,0,-5
Bria Hartley,CON,CON @ LA,07/13/2025,2025,L,33,25,7,17,41.2,4,11,36.4,7,8,87.5,0,1,1,6,1,0,1,1,-11
Tina Charles,CON,CON @ SEA,07/12/2025,2025,L,35,20,5,18,27.8,0,1,0.0,10,10,100.0,2,8,10,3,1,0,5,1,-17
Zia Cooke,SEA,SEA vs. CON,07/12/2025,2025,W,5,2,1,2,50.0,0,0,0.0,0,0,0.0,0,0,0,0,1,0,0,0,+2
Tiffany Mitchell,SEA,SEA vs. CON,07/12/2025,2025,W,20,5,2,4,50.0,0,1,0.0,1,2,50.0,2,1,3,0,0,0,0,4,+3
Dominique Malonga,SEA,SEA vs. CON,07/12/2025,2025,W,10,4,2,5,40.0,0,0,0.0,0,0,0.0,4,4,8,1,0,0,2,2,+2
Erica Wheeler,SEA,SEA vs. CON,07/12/2025,2025,W,31,6,2,7,28.6,0,3,0.0,2,2,100.0,0,1,1,5,4,0,1,1,+17
Ezi Magbegor,SEA,SEA vs. CON,07/12/2025,2025,W,30,14,6,10,60.0,0,2,0.0,2,2,100.0,1,3,4,1,2,2,0,3,+12
Leila Lacan,CON,CON @ SEA,07/12/2025,2025,L,32,10,4,13,30.8,0,5,0.0,2,2,100.0,4,3,7,1,0,0,4,5,-19
Saniya Rivers,CON,CON @ SEA,07/12/2025,2025,L,35,12,4,13,30.8,2,5,40.0,2,4,50.0,0,2,2,3,2,0,1,0,-8
Bria Hartley,CON,CON @ SEA,07/12/2025,2025,L,30,7,2,4,50.0,1,2,50.0,2,2,100.0,0,5,5,2,0,0,4,5,-6
Olivia Nelson-Ododa,CON,CON @ SEA,07/12/2025,2025,L,34,10,4,5,80.0,0,0,0.0,2,2,100.0,2,6,8,1,1,2,0,1,-9
Temi Fagbenle,GS,GS @ LV,07/12/2025,2025,L,27,13,6,7,85.7,0,0,0.0,1,3,33.3,1,2,3,1,1,0,0,5,+9
Kayla Thornton,GS,GS @ LV,07/12/2025,2025,L,28,10,3,9,33.3,1,4,25.0,3,3,100.0,3,6,9,2,0,1,1,2,-2
Bridget Carleton,MIN,MIN @ CHI,07/12/2025,2025,L,26,6,2,4,50.0,0,1,0.0,2,2,100.0,0,4,4,1,0,1,1,1,-2
Kia Nurse,CHI,CHI vs. MIN,07/12/2025,2025,W,16,0,0,3,0.0,0,2,0.0,0,0,0.0,1,2,3,0,1,0,0,4,-3
Ariel Atkins,CHI,CHI vs. MIN,07/12/2025,2025,W,36,27,12,21,57.1,1,2,50.0,2,2,100.0,2,1,3,1,2,1,4,2,+6
Janelle Salaun,GS,GS @ LV,07/12/2025,2025,L,21,16,6,13,46.2,1,5,20.0,3,4,75.0,2,4,6,2,1,0,1,5,+1
Angel Reese,CHI,CHI vs. MIN,07/12/2025,2025,W,35,19,8,14,57.1,0,1,0.0,3,4,75.0,2,9,11,4,2,0,6,4,+7
Michaela Onyenwere,CHI,CHI vs. MIN,07/12/2025,2025,W,26,4,2,3,66.7,0,1,0.0,0,0,0.0,1,6,7,0,0,0,4,3,+4
Courtney Williams,MIN,MIN @ CHI,07/12/2025,2025,L,38,13,5,15,33.3,1,5,20.0,2,2,100.0,1,7,8,8,0,0,2,2,-8
Kayla McBride,MIN,MIN @ CHI,07/12/2025,2025,L,33,17,6,17,35.3,5,12,41.7,0,0,0.0,0,0,0,1,3,0,0,2,-1
Napheesa Collier,MIN,MIN @ CHI,07/12/2025,2025,L,36,26,9,18,50.0,1,3,33.3,7,8,87.5,2,6,8,5,3,3,2,4,-3
Alanna Smith,MIN,MIN @ CHI,07/12/2025,2025,L,34,8,4,10,40.0,0,6,0.0,0,1,0.0,2,3,5,4,6,2,2,4,+3
Kamilla Cardoso,CHI,CHI vs. MIN,07/12/2025,2025,W,33,17,5,12,41.7,0,0,0.0,7,9,77.8,6,9,15,2,0,2,1,0,+6
A'ja Wilson,LV,LV vs. GS,07/12/2025,2025,W,33,34,12,16,75.0,1,1,100.0,9,12,75.0,5,11,16,4,1,2,0,0,+4
Tiffany Hayes,GS,GS @ LV,07/12/2025,2025,L,26,16,5,8,62.5,4,7,57.1,2,2,100.0,0,2,2,5,0,1,1,1,+2
Cecilia Zandalasini,GS,GS @ LV,07/12/2025,2025,L,18,12,5,9,55.6,2,5,40.0,0,0,0.0,0,0,0,1,0,0,1,0,+7
Chelsea Gray,LV,LV vs. GS,07/12/2025,2025,W,33,6,2,7,28.6,1,3,33.3,1,1,100.0,0,3,3,6,2,0,3,1,-3
Jewell Loyd,LV,LV vs. GS,07/12/2025,2025,W,31,15,4,11,36.4,3,8,37.5,4,4,100.0,1,1,2,1,0,0,1,5,-8
Jackie Young,LV,LV vs. GS,07/12/2025,2025,W,31,30,9,14,64.3,1,4,25.0,11,11,100.0,1,2,3,6,0,0,3,1,+8
Kiah Stokes,LV,LV vs. GS,07/12/2025,2025,W,3,0,0,0,0.0,0,0,0.0,0,0,0.0,0,0,0,0,0,0,0,0,-15
Aari McDonald,IND,IND vs. ATL,07/11/2025,2025,W,25,6,3,4,75.0,0,1,0.0,0,0,0.0,0,1,1,3,1,0,1,1,+24
Damiris Dantas,IND,IND vs. ATL,07/11/2025,2025,W,21,7,2,6,33.3,1,4,25.0,2,3,66.7,1,1,2,0,1,0,2,4,+16
Sydney Colson,IND,IND vs. ATL,07/11/2025,2025,W,1,0,0,0,0.0,0,0,0.0,0,0,0.0,0,0,0,0,0,0,0,0,+1
Sophie Cunningham,IND,IND vs. ATL,07/11/2025,2025,W,30,16,5,9,55.6,4,5,80.0,2,2,100.0,2,8,10,1,0,1,0,1,+24
Taylor Thierry,ATL,ATL @ IND,07/11/2025,2025,L,1,0,0,0,0.0,0,0,0.0,0,0,0.0,0,0,0,0,0,0,0,0,-1
Shatori Walker-Kimbrough,ATL,ATL @ IND,07/11/2025,2025,L,1,0,0,0,0.0,0,0,0.0,0,0,0.0,0,0,0,0,0,0,0,0,-1
Maya Caldwell,ATL,ATL @ IND,07/11/2025,2025,L,14,6,3,4,75.0,0,1,0.0,0,0,0.0,1,0,1,0,2,0,0,2,-3
Te-Hina Paopao,ATL,ATL @ IND,07/11/2025,2025,L,5,0,0,0,0.0,0,0,0.0,0,0,0.0,0,0,0,2,0,0,0,0,+2
Nia Coffey,ATL,ATL @ IND,07/11/2025,2025,L,6,7,3,3,100.0,0,0,0.0,1,1,100.0,0,2,2,0,0,0,2,1,-8
Lexie Hull,IND,IND vs. ATL,07/11/2025,2025,W,15,5,2,4,50.0,1,3,33.3,0,0,0.0,3,2,5,3,0,0,2,0,-3
Sonia Citron,WSH,WSH vs. LV,07/10/2025,2025,W,38,9,2,10,20.0,0,4,0.0,5,5,100.0,0,5,5,0,0,0,0,1,+2
Megan DiLeo,LV,LV @ WSH,07/10/2025,2025,L,22,4,2,8,25.0,0,4,0.0,0,0,0.0,0,4,4,0,0,1,1,1,-7
Aaliyah Nye,LV,LV @ WSH,07/10/2025,2025,L,14,2,1,1,100.0,0,0,0.0,0,0,0.0,0,2,2,1,1,0,0,2,+3
Shakira Austin,WSH,WSH vs. LV,07/10/2025,2025,W,27,16,7,16,43.8,0,0,0.0,2,2,100.0,2,6,8,2,1,1,2,2,-4
Brittney Sykes,WSH,WSH vs. LV,07/10/2025,2025,W,35,18,7,15,46.7,1,3,33.3,3,4,75.0,1,1,2,4,0,0,5,1,+8
Diamond Miller,MIN,MIN @ LA,07/10/2025,2025,W,12,6,2,4,50.0,2,3,66.7,0,0,0.0,0,0,0,1,1,0,0,2,+3
Jade Melbourne,WSH,WSH vs. LV,07/10/2025,2025,W,18,4,2,4,50.0,0,0,0.0,0,0,0.0,0,2,2,5,0,0,2,1,-5
Maria Kliundikova,MIN,MIN @ LA,07/10/2025,2025,W,9,5,2,4,50.0,0,2,0.0,1,1,100.0,1,3,4,2,1,0,0,0,+6
Alissa Pili,MIN,MIN @ LA,07/10/2025,2025,W,1,0,0,0,0.0,0,0,0.0,0,0,0.0,0,0,0,0,0,0,0,0,-3
Anastasiia Olairi Kosu,MIN,MIN @ LA,07/10/2025,2025,W,1,0,0,0,0.0,0,0,0.0,0,0,0.0,0,0,0,0,0,1,0,0,-3
Jewell Loyd,LV,LV @ WSH,07/10/2025,2025,L,33,20,6,13,46.2,2,7,28.6,6,6,100.0,2,1,3,1,2,0,2,2,-8
Jackie Young,LV,LV @ WSH,07/10/2025,2025,L,30,10,5,15,33.3,0,2,0.0,0,0,0.0,3,4,7,3,0,0,0,3,-4
JJ Quinerly,DAL,DAL @ CHI,07/10/2025,2025,L,31,16,5,14,35.7,1,4,25.0,5,6,83.3,1,0,1,5,3,1,2,5,+3
Chelsea Gray,LV,LV @ WSH,07/10/2025,2025,L,29,13,6,10,60.0,1,2,50.0,0,0,0.0,1,6,7,3,1,3,3,3,-7
Rebecca Allen,CHI,CHI vs. DAL,07/10/2025,2025,W,27,27,9,13,69.2,5,7,71.4,4,5,80.0,0,6,6,3,0,3,1,3,+8
Kamilla Cardoso,CHI,CHI vs. DAL,07/10/2025,2025,W,24,9,4,7,57.1,0,0,0.0,1,2,50.0,2,2,4,4,1,2,3,3,+6
Ariel Atkins,CHI,CHI vs. DAL,07/10/2025,2025,W,26,7,2,6,33.3,1,3,33.3,2,2,100.0,2,2,4,4,1,3,2,0,-9
Rachel Banham,CHI,CHI vs. DAL,07/10/2025,2025,W,32,11,2,6,33.3,2,6,33.3,5,5,100.0,0,1,1,2,2,0,0,4,+2
Angel Reese,CHI,CHI vs. DAL,07/10/2025,2025,W,30,15,6,10,60.0,0,0,0.0,3,5,60.0,0,11,11,1,0,1,5,3,-6
Myisha Hines-Allen,DAL,DAL @ CHI,07/10/2025,2025,L,25,6,2,7,28.6,1,2,50.0,1,2,50.0,1,3,4,3,0,1,1,2,-8
Aziaha James,DAL,DAL @ CHI,07/10/2025,2025,L,37,8,3,15,20.0,0,6,0.0,2,5,40.0,3,1,4,4,4,0,1,1,-17
Paige Bueckers,DAL,DAL @ CHI,07/10/2025,2025,L,36,17,5,20,25.0,0,4,0.0,7,8,87.5,1,2,3,4,2,0,0,1,-8
Li Yueru,DAL,DAL @ CHI,07/10/2025,2025,L,31,18,7,11,63.6,4,7,57.1,0,0,0.0,3,7,10,0,0,1,2,3,-7
Emma Cannon,LA,LA vs. MIN,07/10/2025,2025,L,13,7,2,4,50.0,2,3,66.7,1,2,50.0,0,1,1,0,2,0,1,2,+4
Natisha Hiedeman,MIN,MIN @ LA,07/10/2025,2025,W,19,18,7,12,58.3,2,6,33.3,2,2,100.0,0,1,1,2,1,0,0,2,+14
Sug Sutton,WSH,WSH vs. LV,07/10/2025,2025,W,25,5,2,6,33.3,1,3,33.3,0,0,0.0,0,1,1,6,1,0,1,3,+4
Sania Feagin,LA,LA vs. MIN,07/10/2025,2025,L,1,0,0,0,0.0,0,0,0.0,0,0,0.0,0,0,0,0,0,0,0,0,+3
Rae Burrell,LA,LA vs. MIN,07/10/2025,2025,L,9,2,1,3,33.3,0,0,0.0,0,0,0.0,0,2,2,0,0,0,1,0,-5
Sarah Ashlee Barker,LA,LA vs. MIN,07/10/2025,2025,L,8,0,0,0,0.0,0,0,0.0,0,0,0.0,0,1,1,1,0,0,0,1,-6
Julie Vanloo,LA,LA vs. MIN,07/10/2025,2025,L,17,15,5,7,71.4,5,7,71.4,0,0,0.0,0,2,2,3,0,0,2,2,-4
Alanna Smith,MIN,MIN @ PHX,07/09/2025,2025,L,29,2,1,5,20.0,0,3,0.0,0,0,0.0,2,7,9,1,0,0,1,3,-7
Makayla Timpson,IND,IND vs. GS,07/09/2025,2025,L,20,10,5,9,55.6,0,0,0.0,0,0,0.0,2,4,6,0,3,2,0,3,-1
Damiris Dantas,IND,IND vs. GS,07/09/2025,2025,L,9,4,1,3,33.3,0,2,0.0,2,2,100.0,0,1,1,0,0,0,0,0,+7
Sydney Colson,IND,IND vs. GS,07/09/2025,2025,L,2,0,0,0,0.0,0,0,0.0,0,0,0.0,0,0,0,0,0,0,0,0,+2
Sophie Cunningham,IND,IND vs. GS,07/09/2025,2025,L,21,3,1,3,33.3,1,3,33.3,0,0,0.0,0,3,3,0,0,0,2,3,-18
DeWanna Bonner,PHX,PHX vs. MIN,07/09/2025,2025,W,26,7,2,6,33.3,0,2,0.0,3,3,100.0,1,5,6,2,1,0,0,1,+13
Sami Whitcomb,PHX,PHX vs. MIN,07/09/2025,2025,W,29,10,3,9,33.3,0,3,0.0,4,4,100.0,0,5,5,6,1,1,3,1,+7
Kathryn Westbeld,PHX,PHX vs. MIN,07/09/2025,2025,W,28,7,3,7,42.9,0,2,0.0,1,1,100.0,1,5,6,0,2,0,1,4,+12
Alyssa Thomas,PHX,PHX vs. MIN,07/09/2025,2025,W,34,29,14,24,58.3,0,0,0.0,1,1,100.0,1,7,8,5,2,0,3,2,+8
Courtney Williams,MIN,MIN @ PHX,07/09/2025,2025,L,32,21,9,18,50.0,1,2,50.0,2,2,100.0,1,5,6,5,1,0,4,2,-5
Kayla McBride,MIN,MIN @ PHX,07/09/2025,2025,L,33,6,2,8,25.0,2,5,40.0,0,0,0.0,0,2,2,0,0,0,1,2,-7
Napheesa Collier,MIN,MIN @ PHX,07/09/2025,2025,L,36,18,8,15,53.3,0,3,0.0,2,2,100.0,2,5,7,2,1,2,2,0,-6
Rebekah Gardner,NY,NY vs. LV,07/09/2025,2025,W,17,2,1,3,33.3,0,1,0.0,0,0,0.0,2,2,4,1,0,0,0,3,+9
Bridget Carleton,MIN,MIN @ PHX,07/09/2025,2025,L,34,10,4,11,36.4,2,7,28.6,0,0,0.0,2,0,2,4,2,0,1,2,-6
Kaitlyn Chen,GS,GS @ IND,07/09/2025,2025,W,14,5,2,3,66.7,1,1,100.0,0,0,0.0,1,0,1,3,2,0,2,0,-1
Sabrina Ionescu,NY,NY vs. LV,07/09/2025,2025,W,36,28,9,23,39.1,1,9,11.1,9,10,90.0,3,5,8,8,2,1,3,1,+13
Kennedy Burke,NY,NY vs. LV,07/09/2025,2025,W,32,10,4,7,57.1,1,4,25.0,1,3,33.3,0,0,0,0,6,0,1,2,+12
Leonie Fiebich,NY,NY vs. LV,07/09/2025,2025,W,33,15,6,11,54.5,2,6,33.3,1,1,100.0,1,8,9,2,0,3,0,4,+5
Breanna Stewart,NY,NY vs. LV,07/09/2025,2025,W,37,15,4,14,28.6,1,2,50.0,6,9,66.7,2,5,7,5,2,1,1,2,+7
Kierstan Bell,LV,LV @ NY,07/09/2025,2025,L,17,9,2,5,40.0,1,3,33.3,4,4,100.0,2,0,2,0,0,1,0,3,-7
Jackie Young,LV,LV @ NY,07/09/2025,2025,L,33,19,5,15,33.3,2,7,28.6,7,9,77.8,0,7,7,3,0,2,5,4,-5
Jewell Loyd,LV,LV @ NY,07/09/2025,2025,L,32,10,5,12,41.7,0,6,0.0,0,0,0.0,2,1,3,2,0,0,1,1,-6
Chelsea Gray,LV,LV @ NY,07/09/2025,2025,L,34,11,4,9,44.4,2,3,66.7,1,1,100.0,1,6,7,3,1,1,5,3,-2
NaLyssa Smith,LV,LV @ NY,07/09/2025,2025,L,26,11,4,5,80.0,0,0,0.0,3,4,75.0,1,3,4,1,0,2,1,5,-6
Aari McDonald,IND,IND vs. GS,07/09/2025,2025,L,27,7,2,9,22.2,1,7,14.3,2,2,100.0,0,1,1,4,0,0,2,3,-20
Monique Akoa Makani,PHX,PHX vs. MIN,07/09/2025,2025,W,30,13,6,13,46.2,1,3,33.3,0,0,0.0,0,0,0,4,0,0,2,2,+14
Janelle Salaun,GS,GS @ IND,07/09/2025,2025,W,25,4,2,11,18.2,0,3,0.0,0,0,0.0,1,6,7,1,0,0,0,1,+15
Skylar Diggins,SEA,SEA @ CON,07/09/2025,2025,L,33,23,8,19,42.1,1,5,20.0,6,7,85.7,1,2,3,7,1,0,2,3,0
Laeticia Amihere,GS,GS @ IND,07/09/2025,2025,W,10,4,2,3,66.7,0,0,0.0,0,0,0.0,1,5,6,2,0,0,2,3,+8
Leila Lacan,CON,CON vs. SEA,07/09/2025,2025,W,19,8,3,6,50.0,0,3,0.0,2,2,100.0,0,4,4,3,0,0,1,4,+19
Saniya Rivers,CON,CON vs. SEA,07/09/2025,2025,W,34,11,4,9,44.4,1,3,33.3,2,2,100.0,1,3,4,7,4,1,0,2,-2
Jacy Sheldon,CON,CON vs. SEA,07/09/2025,2025,W,30,16,5,8,62.5,4,6,66.7,2,2,100.0,0,2,2,4,0,0,2,2,+3
Tina Charles,CON,CON vs. SEA,07/09/2025,2025,W,35,29,11,22,50.0,0,0,0.0,7,8,87.5,3,8,11,0,0,1,1,2,+7
Erica Wheeler,SEA,SEA @ CON,07/09/2025,2025,L,34,10,3,9,33.3,2,5,40.0,2,2,100.0,0,1,1,7,1,0,1,3,-6
Olivia Nelson-Ododa,CON,CON vs. SEA,07/09/2025,2025,W,25,8,3,7,42.9,0,0,0.0,2,2,100.0,0,6,6,0,0,3,2,2,+4
Ezi Magbegor,SEA,SEA @ CON,07/09/2025,2025,L,35,13,5,8,62.5,0,1,0.0,3,4,75.0,3,3,6,3,1,1,0,5,-7
Gabby Williams,SEA,SEA @ CON,07/09/2025,2025,L,36,21,9,14,64.3,2,5,40.0,1,1,100.0,0,5,5,1,1,0,1,2,-3
Nneka Ogwumike,SEA,SEA @ CON,07/09/2025,2025,L,35,12,5,15,33.3,1,6,16.7,1,2,50.0,2,10,12,3,1,0,3,1,-2
Kate Martin,GS,GS @ IND,07/09/2025,2025,W,19,5,2,7,28.6,1,4,25.0,0,0,0.0,0,2,2,0,0,0,1,2,-2
Veronica Burton,GS,GS @ IND,07/09/2025,2025,W,34,21,6,11,54.5,5,6,83.3,4,6,66.7,3,5,8,6,1,0,2,2,+22
Myisha Hines-Allen,DAL,DAL @ PHX,07/08/2025,2025,L,24,11,4,5,80.0,1,2,50.0,2,2,100.0,3,5,8,4,1,0,4,3,-26
Michaela Onyenwere,CHI,CHI @ WSH,07/08/2025,2025,L,15,2,1,6,16.7,0,1,0.0,0,0,0.0,0,1,1,3,0,0,0,1,-3
Teaira McCowan,DAL,DAL @ PHX,07/08/2025,2025,L,22,9,2,6,33.3,1,2,50.0,4,6,66.7,2,8,10,0,1,1,1,1,-11
Kathryn Westbeld,PHX,PHX vs. DAL,07/08/2025,2025,W,28,14,4,11,36.4,2,5,40.0,4,5,80.0,1,3,4,0,0,0,0,0,+25
Natasha Mack,PHX,PHX vs. DAL,07/08/2025,2025,W,24,4,2,5,40.0,0,0,0.0,0,2,0.0,5,5,10,4,1,2,1,3,+21
Kalani Brown,PHX,PHX vs. DAL,07/08/2025,2025,W,24,6,2,4,50.0,0,1,0.0,2,2,100.0,3,6,9,2,0,3,0,1,+9
Kitija Laksa,PHX,PHX vs. DAL,07/08/2025,2025,W,24,6,2,10,20.0,2,7,28.6,0,0,0.0,0,0,0,0,0,0,0,1,+5
Kiana Williams,PHX,PHX vs. DAL,07/08/2025,2025,W,21,17,7,8,87.5,3,4,75.0,0,0,0.0,0,3,3,4,1,0,1,0,+2
Luisa Geiselsoder,DAL,DAL @ PHX,07/08/2025,2025,L,29,4,2,11,18.2,0,2,0.0,0,0,0.0,2,6,8,1,0,1,1,2,-25
Ariel Atkins,CHI,CHI @ WSH,07/08/2025,2025,L,35,11,3,9,33.3,0,4,0.0,5,6,83.3,0,0,0,5,3,2,5,4,-5
Angel Reese,CHI,CHI @ WSH,07/08/2025,2025,L,36,22,5,9,55.6,0,2,0.0,12,15,80.0,2,13,15,4,1,0,3,5,+2
Rachel Banham,CHI,CHI @ WSH,07/08/2025,2025,L,25,13,5,9,55.6,3,6,50.0,0,0,0.0,0,4,4,3,2,0,4,3,+9
Aziaha James,DAL,DAL @ PHX,07/08/2025,2025,L,36,15,7,18,38.9,1,7,14.3,0,0,0.0,1,3,4,3,1,0,4,2,-25
Sonia Citron,WSH,WSH vs. CHI,07/08/2025,2025,W,35,13,5,11,45.5,2,4,50.0,1,1,100.0,2,6,8,3,1,0,0,3,+4
Sug Sutton,WSH,WSH vs. CHI,07/08/2025,2025,W,23,9,3,6,50.0,1,3,33.3,2,2,100.0,0,1,1,2,1,0,1,2,+20
Brittney Sykes,WSH,WSH vs. CHI,07/08/2025,2025,W,32,11,5,12,41.7,0,2,0.0,1,3,33.3,0,4,4,4,2,0,3,0,+10
Shakira Austin,WSH,WSH vs. CHI,07/08/2025,2025,W,24,15,5,11,45.5,0,0,0.0,5,13,38.5,4,4,8,4,2,2,2,5,+13
Kiki Iriafen,WSH,WSH vs. CHI,07/08/2025,2025,W,31,11,3,11,27.3,0,0,0.0,5,7,71.4,4,6,10,2,0,1,1,3,+4
Kia Nurse,CHI,CHI @ WSH,07/08/2025,2025,L,25,8,3,4,75.0,2,3,66.7,0,0,0.0,1,3,4,1,0,0,1,2,+4
JJ Quinerly,DAL,DAL @ PHX,07/08/2025,2025,L,29,18,7,17,41.2,4,8,50.0,0,0,0.0,0,1,1,5,2,0,2,5,-16
Monique Billings,GS,GS @ ATL,07/07/2025,2025,L,29,19,7,12,58.3,1,3,33.3,4,4,100.0,2,4,6,1,1,0,2,3,-1
Nia Coffey,ATL,ATL vs. GS,07/07/2025,2025,W,3,0,0,0,0.0,0,0,0.0,0,0,0.0,0,1,1,0,0,1,0,0,+4
Rhyne Howard,ATL,ATL vs. GS,07/07/2025,2025,W,34,15,5,14,35.7,3,8,37.5,2,2,100.0,1,3,4,4,2,0,1,4,+16
Jordin Canada,ATL,ATL vs. GS,07/07/2025,2025,W,26,7,2,8,25.0,0,3,0.0,3,4,75.0,1,3,4,9,3,0,1,1,+11
Allisha Gray,ATL,ATL vs. GS,07/07/2025,2025,W,35,24,8,14,57.1,3,7,42.9,5,5,100.0,0,1,1,4,2,1,4,1,-2
Kate Martin,GS,GS @ ATL,07/07/2025,2025,L,18,11,4,7,57.1,3,5,60.0,0,0,0.0,0,1,1,1,1,0,1,1,-4
Veronica Burton,GS,GS @ ATL,07/07/2025,2025,L,26,11,4,7,57.1,3,4,75.0,0,0,0.0,0,3,3,7,1,0,4,1,-2
Tiffany Hayes,GS,GS @ ATL,07/07/2025,2025,L,27,12,4,10,40.0,2,5,40.0,2,2,100.0,0,3,3,1,0,0,6,3,-3
Naz Hillmon,ATL,ATL vs. GS,07/07/2025,2025,W,31,16,5,11,45.5,4,7,57.1,2,2,100.0,3,3,6,1,1,1,0,1,+21
Kayla Thornton,GS,GS @ ATL,07/07/2025,2025,L,34,15,5,14,35.7,2,7,28.6,3,3,100.0,0,6,6,3,1,0,1,3,-13
Michaela Onyenwere,CHI,CHI @ MIN,07/06/2025,2025,L,26,11,4,9,44.4,1,1,100.0,2,2,100.0,2,6,8,1,0,0,0,2,-13
Marquesha Davis,NY,NY vs. SEA,07/06/2025,2025,L,3,3,1,1,100.0,0,0,0.0,1,1,100.0,0,0,0,0,0,0,0,0,+8
Marine Johannes,NY,NY vs. SEA,07/06/2025,2025,L,15,0,0,1,0.0,0,1,0.0,0,0,0.0,1,2,3,1,0,0,1,0,+5
Nyara Sabally,NY,NY vs. SEA,07/06/2025,2025,L,20,6,2,7,28.6,0,1,0.0,2,4,50.0,3,3,6,0,0,1,1,2,+6
Kennedy Burke,NY,NY vs. SEA,07/06/2025,2025,L,24,4,1,4,25.0,0,1,0.0,2,2,100.0,0,1,1,2,1,1,1,1,+1
Zia Cooke,SEA,SEA @ NY,07/06/2025,2025,W,9,0,0,3,0.0,0,0,0.0,0,0,0.0,0,0,0,0,1,0,1,0,0
Lexie Brown,SEA,SEA @ NY,07/06/2025,2025,W,2,0,0,0,0.0,0,0,0.0,0,0,0.0,0,0,0,0,0,0,0,0,-6
Dominique Malonga,SEA,SEA @ NY,07/06/2025,2025,W,10,11,5,7,71.4,0,0,0.0,1,2,50.0,1,7,8,0,0,0,0,1,0
Mackenzie Holmes,SEA,SEA @ NY,07/06/2025,2025,W,2,0,0,0,0.0,0,0,0.0,0,0,0.0,0,0,0,0,0,0,0,2,-6
NaLyssa Smith,LV,LV @ CON,07/06/2025,2025,W,24,11,5,7,71.4,0,1,0.0,1,2,50.0,4,6,10,1,2,0,1,3,+8
Angel Reese,CHI,CHI @ MIN,07/06/2025,2025,L,37,16,7,16,43.8,0,0,0.0,2,2,100.0,7,10,17,6,0,1,6,4,+2
Leila Lacan,CON,CON vs. LV,07/06/2025,2025,L,24,5,1,2,50.0,1,2,50.0,2,2,100.0,0,0,0,1,0,0,2,4,-2
Lindsay Allen,CON,CON vs. LV,07/06/2025,2025,L,20,3,0,1,0.0,0,1,0.0,3,4,75.0,0,1,1,5,1,0,2,1,-4
Rayah Marshall,CON,CON vs. LV,07/06/2025,2025,L,2,0,0,0,0.0,0,0,0.0,0,0,0.0,0,0,0,0,0,0,0,0,+1
Saniya Rivers,CON,CON vs. LV,07/06/2025,2025,L,31,10,5,13,38.5,0,3,0.0,0,0,0.0,1,6,7,1,1,1,3,1,-14
Aneesah Morrow,CON,CON vs. LV,07/06/2025,2025,L,22,12,4,14,28.6,0,3,0.0,4,4,100.0,2,1,3,0,2,1,2,1,-11
Aaliyah Nye,LV,LV @ CON,07/06/2025,2025,W,21,5,2,5,40.0,1,3,33.3,0,0,0.0,0,0,0,0,0,0,2,1,+3
Dana Evans,LV,LV @ CON,07/06/2025,2025,W,23,18,7,10,70.0,1,4,25.0,3,5,60.0,0,4,4,3,1,0,2,2,-1
Kiah Stokes,LV,LV @ CON,07/06/2025,2025,W,18,2,1,2,50.0,0,1,0.0,0,0,0.0,0,5,5,1,0,1,1,1,+2
Jaylyn Sherrod,NY,NY vs. SEA,07/06/2025,2025,L,3,0,0,0,0.0,0,0,0.0,0,0,0.0,0,0,0,1,1,0,1,0,+8
Erica Wheeler,SEA,SEA @ NY,07/06/2025,2025,W,32,5,2,9,22.2,1,5,20.0,0,0,0.0,1,2,3,3,2,0,2,3,-1
Kayla Thornton,GS,GS @ MIN,07/06/2025,2025,L,34,13,6,15,40.0,1,7,14.3,0,0,0.0,3,7,10,3,2,0,0,1,-8
Stephanie Talbot,GS,GS @ MIN,07/06/2025,2025,L,24,10,4,8,50.0,2,5,40.0,0,0,0.0,1,3,4,4,0,0,0,2,+3
Elizabeth Williams,CHI,CHI @ MIN,07/06/2025,2025,L,36,12,6,12,50.0,0,0,0.0,0,0,0.0,1,6,7,2,0,0,2,0,-4
Ariel Atkins,CHI,CHI @ MIN,07/06/2025,2025,L,33,11,3,14,21.4,2,3,66.7,3,3,100.0,2,3,5,6,4,0,2,2,+6
Kia Nurse,CHI,CHI @ MIN,07/06/2025,2025,L,17,3,1,5,20.0,1,3,33.3,0,0,0.0,0,2,2,1,0,0,0,1,-1
Bridget Carleton,MIN,MIN vs. CHI,07/06/2025,2025,W,26,0,0,4,0.0,0,2,0.0,0,0,0.0,2,3,5,2,1,0,0,3,-10
Alanna Smith,MIN,MIN vs. CHI,07/06/2025,2025,W,24,4,2,7,28.6,0,3,0.0,0,0,0.0,1,1,2,1,2,2,0,1,-6
Napheesa Collier,MIN,MIN vs. CHI,07/06/2025,2025,W,32,21,7,16,43.8,0,5,0.0,7,7,100.0,1,6,7,0,0,2,3,2,-12
Kayla McBride,MIN,MIN vs. CHI,07/06/2025,2025,W,33,11,4,13,30.8,1,5,20.0,2,4,50.0,0,3,3,5,0,1,0,3,+2
Courtney Williams,MIN,MIN vs. CHI,07/06/2025,2025,W,31,25,10,17,58.8,2,5,40.0,3,3,100.0,1,7,8,6,0,0,2,2,+12
Kierstan Bell,LV,LV @ CON,07/06/2025,2025,W,18,8,3,5,60.0,2,4,50.0,0,0,0.0,0,2,2,0,1,1,1,2,+9
Temi Fagbenle,GS,GS @ MIN,07/06/2025,2025,L,26,7,3,6,50.0,0,2,0.0,1,2,50.0,2,4,6,2,0,1,2,5,-2
Tiffany Hayes,GS,GS @ MIN,07/06/2025,2025,L,33,23,8,11,72.7,5,6,83.3,2,2,100.0,1,2,3,4,0,0,1,3,-6
Veronica Burton,GS,GS @ MIN,07/06/2025,2025,L,31,6,2,9,22.2,1,3,33.3,1,2,50.0,1,2,3,4,0,0,3,2,-8
Bridget Carleton,MIN,MIN vs. GS,07/06/2025,2025,W,35,7,3,8,37.5,1,6,16.7,0,0,0.0,1,3,4,4,0,0,0,1,+5
Napheesa Collier,MIN,MIN vs. GS,07/06/2025,2025,W,35,22,8,11,72.7,1,1,100.0,5,5,100.0,2,4,6,1,1,1,3,2,+9
Kayla McBride,MIN,MIN vs. GS,07/06/2025,2025,W,30,12,3,10,30.0,2,6,33.3,4,4,100.0,0,0,0,3,0,1,1,2,+7
Courtney Williams,MIN,MIN vs. GS,07/06/2025,2025,W,27,15,6,14,42.9,3,8,37.5,0,0,0.0,0,3,3,2,0,0,0,2,+3
Jessica Shepard,MIN,MIN vs. GS,07/06/2025,2025,W,24,8,3,7,42.9,0,0,0.0,2,4,50.0,3,7,10,5,2,0,0,2,+11
Sydney Colson,IND,IND vs. LA,07/05/2025,2025,L,15,6,2,4,50.0,2,3,66.7,0,0,0.0,0,2,2,5,0,1,0,0,+1
Lexie Hull,IND,IND vs. LA,07/05/2025,2025,L,22,5,2,4,50.0,1,2,50.0,0,0,0.0,1,1,2,1,0,0,1,2,-13
Azura Stevens,LA,LA @ IND,07/05/2025,2025,W,29,21,7,14,50.0,3,7,42.9,4,6,66.7,3,9,12,2,0,0,0,2,0
Sophie Cunningham,IND,IND vs. LA,07/05/2025,2025,L,23,4,1,4,25.0,0,3,0.0,2,3,66.7,1,0,1,1,1,0,0,2,+9
Kelsey Mitchell,IND,IND vs. LA,07/05/2025,2025,L,31,19,8,17,47.1,3,6,50.0,0,1,0.0,0,0,0,0,0,0,0,2,0
Aliyah Boston,IND,IND vs. LA,07/05/2025,2025,L,32,23,9,17,52.9,0,0,0.0,5,7,71.4,4,8,12,4,0,2,1,4,-3
Mercedes Russell,LA,LA @ IND,07/05/2025,2025,W,8,5,2,2,100.0,0,0,0.0,1,4,25.0,1,0,1,1,0,0,0,3,-5
Julie Allemand,LA,LA @ IND,07/05/2025,2025,W,30,5,2,5,40.0,1,2,50.0,0,0,0.0,0,6,6,5,0,0,1,2,+9
Kelsey Plum,LA,LA @ IND,07/05/2025,2025,W,37,20,6,13,46.2,4,8,50.0,4,4,100.0,0,3,3,3,0,0,1,2,-1
Rickea Jackson,LA,LA @ IND,07/05/2025,2025,W,33,15,6,12,50.0,0,1,0.0,3,5,60.0,1,1,2,5,1,1,2,3,+6
Kitija Laksa,PHX,PHX @ DAL,07/04/2025,2025,L,17,2,1,6,16.7,0,3,0.0,0,0,0.0,0,0,0,0,0,0,1,3,+3
Natasha Mack,PHX,PHX @ DAL,07/04/2025,2025,L,9,0,0,0,0.0,0,0,0.0,0,0,0.0,1,1,2,0,1,1,0,0,+1
Kiana Williams,PHX,PHX @ DAL,07/04/2025,2025,L,2,0,0,1,0.0,0,0,0.0,0,0,0.0,0,0,0,0,0,0,0,0,+4
Liatu King,DAL,DAL vs. PHX,07/04/2025,2025,W,4,0,0,0,0.0,0,0,0.0,0,0,0.0,0,0,0,0,0,0,0,1,-8
JJ Quinerly,DAL,DAL vs. PHX,07/04/2025,2025,W,35,17,7,12,58.3,1,3,33.3,2,2,100.0,2,3,5,7,1,1,2,3,+2
Aziaha James,DAL,DAL vs. PHX,07/04/2025,2025,W,38,28,10,20,50.0,5,9,55.6,3,4,75.0,0,6,6,6,0,0,2,2,+9
Kathryn Westbeld,PHX,PHX @ DAL,07/04/2025,2025,L,17,6,2,2,100.0,0,0,0.0,2,2,100.0,1,1,2,1,1,0,0,3,-6
Kalani Brown,PHX,PHX @ DAL,07/04/2025,2025,L,16,2,0,1,0.0,0,0,0.0,2,2,100.0,1,2,3,1,1,3,0,2,+3
Li Yueru,DAL,DAL vs. PHX,07/04/2025,2025,W,24,12,1,5,20.0,0,0,0.0,10,12,83.3,4,7,11,0,1,0,2,3,+9
Luisa Geiselsoder,DAL,DAL vs. PHX,07/04/2025,2025,W,33,4,1,9,11.1,0,4,0.0,2,2,100.0,1,3,4,1,1,3,4,3,+14
Sika Kone,WSH,WSH @ MIN,07/04/2025,2025,L,3,2,0,0,0.0,0,0,0.0,2,2,100.0,0,0,0,1,0,0,1,0,-3
Jade Melbourne,WSH,WSH @ MIN,07/04/2025,2025,L,28,6,3,9,33.3,0,5,0.0,0,0,0.0,0,2,2,4,0,0,2,2,-21
Aaliyah Edwards,WSH,WSH @ MIN,07/04/2025,2025,L,18,15,6,7,85.7,0,0,0.0,3,4,75.0,2,4,6,0,0,0,4,2,-8
Stefanie Dolson,WSH,WSH @ MIN,07/04/2025,2025,L,19,3,1,5,20.0,1,4,25.0,0,0,0.0,0,3,3,3,0,0,0,0,-4
Maria Kliundikova,MIN,MIN vs. WSH,07/04/2025,2025,W,7,2,1,2,50.0,0,0,0.0,0,0,0.0,1,1,2,0,0,0,0,1,0
Diamond Miller,MIN,MIN vs. WSH,07/04/2025,2025,W,14,7,2,6,33.3,1,2,50.0,2,2,100.0,0,1,1,0,0,0,1,3,-9
Alissa Pili,MIN,MIN vs. WSH,07/04/2025,2025,W,3,3,1,1,100.0,1,1,100.0,0,0,0.0,0,0,0,0,0,0,0,0,+3
Anastasiia Olairi Kosu,MIN,MIN vs. WSH,07/04/2025,2025,W,3,2,1,2,50.0,0,0,0.0,0,0,0.0,1,0,1,0,0,0,0,0,+3
Natisha Hiedeman,MIN,MIN vs. WSH,07/04/2025,2025,W,21,4,2,5,40.0,0,3,0.0,0,0,0.0,0,1,1,4,0,0,1,4,+3
Emily Engstler,WSH,WSH @ MIN,07/04/2025,2025,L,20,4,1,4,25.0,0,3,0.0,2,2,100.0,2,3,5,0,1,1,1,1,+1
Naz Hillmon,ATL,ATL vs. SEA,07/03/2025,2025,L,24,8,3,6,50.0,1,4,25.0,1,2,50.0,3,3,6,2,0,0,2,0,-2
Erica Wheeler,SEA,SEA @ ATL,07/03/2025,2025,W,36,21,9,17,52.9,3,5,60.0,0,0,0.0,1,4,5,2,3,1,1,3,-1
Brionna Jones,ATL,ATL vs. SEA,07/03/2025,2025,L,32,18,9,14,64.3,0,1,0.0,0,0,0.0,4,6,10,4,1,0,1,2,+9
Jordin Canada,ATL,ATL vs. SEA,07/03/2025,2025,L,39,25,7,15,46.7,1,3,33.3,10,12,83.3,1,4,5,5,4,0,5,2,+2
Nia Coffey,ATL,ATL vs. SEA,07/03/2025,2025,L,4,0,0,0,0.0,0,0,0.0,0,0,0.0,0,1,1,0,0,0,1,2,0
Kierstan Bell,LV,LV @ IND,07/03/2025,2025,L,7,2,1,3,33.3,0,1,0.0,0,0,0.0,0,1,1,0,0,0,0,0,-2
Maya Caldwell,ATL,ATL vs. SEA,07/03/2025,2025,L,19,6,3,8,37.5,0,5,0.0,0,0,0.0,4,3,7,1,1,0,2,2,-2
Joyner Holmes,LV,LV @ IND,07/03/2025,2025,L,7,0,0,2,0.0,0,1,0.0,0,0,0.0,1,0,1,0,0,0,0,0,-2
NaLyssa Smith,LV,LV @ IND,07/03/2025,2025,L,23,4,1,6,16.7,0,0,0.0,2,2,100.0,3,4,7,0,1,0,3,5,-16
Gabby Williams,SEA,SEA @ ATL,07/03/2025,2025,W,35,11,5,15,33.3,0,5,0.0,1,3,33.3,1,4,5,6,2,0,1,0,+6
Dana Evans,LV,LV @ IND,07/03/2025,2025,L,22,3,1,10,10.0,1,3,33.3,0,0,0.0,0,1,1,3,0,0,1,2,-11
Skylar Diggins,SEA,SEA @ ATL,07/03/2025,2025,W,31,11,4,12,33.3,1,2,50.0,2,2,100.0,1,1,2,3,1,0,1,3,-2
Natasha Cloud,NY,NY vs. LA,07/03/2025,2025,W,33,23,7,12,58.3,3,6,50.0,6,6,100.0,1,3,4,7,1,0,2,4,+18
Nneka Ogwumike,SEA,SEA @ ATL,07/03/2025,2025,W,32,24,9,14,64.3,3,5,60.0,3,3,100.0,0,7,7,2,3,1,4,2,+6
Sabrina Ionescu,NY,NY vs. LA,07/03/2025,2025,W,35,20,7,18,38.9,3,9,33.3,3,3,100.0,2,4,6,6,2,0,7,4,+8
Kennedy Burke,NY,NY vs. LA,07/03/2025,2025,W,30,12,4,8,50.0,4,6,66.7,0,0,0.0,0,1,1,0,1,3,1,1,+2
Leonie Fiebich,NY,NY vs. LA,07/03/2025,2025,W,33,5,1,5,20.0,1,3,33.3,2,2,100.0,0,3,3,0,1,1,1,3,+6
Breanna Stewart,NY,NY vs. LA,07/03/2025,2025,W,37,17,7,18,38.9,0,2,0.0,3,3,100.0,4,10,14,4,2,1,1,2,+12
Julie Allemand,LA,LA @ NY,07/03/2025,2025,L,38,10,3,6,50.0,2,5,40.0,2,2,100.0,0,2,2,3,2,0,2,4,-7
Kelsey Plum,LA,LA @ NY,07/03/2025,2025,L,35,13,2,10,20.0,0,4,0.0,9,10,90.0,0,7,7,8,0,0,6,3,-19
Rickea Jackson,LA,LA @ NY,07/03/2025,2025,L,28,8,3,10,30.0,0,2,0.0,2,4,50.0,2,2,4,2,2,0,2,0,-4
Azura Stevens,LA,LA @ NY,07/03/2025,2025,L,34,12,5,8,62.5,1,3,33.3,1,2,50.0,0,7,7,4,1,4,0,3,-2
Dearica Hamby,LA,LA @ NY,07/03/2025,2025,L,33,25,10,15,66.7,1,2,50.0,4,6,66.7,1,8,9,3,3,2,2,1,-4
Lexie Hull,IND,IND vs. LV,07/03/2025,2025,W,28,7,2,5,40.0,1,3,33.3,2,4,50.0,2,4,6,2,0,0,1,1,+20
Aaliyah Nye,LV,LV @ IND,07/03/2025,2025,L,26,4,1,5,20.0,1,4,25.0,1,1,100.0,0,2,2,3,1,0,2,3,-25
Ezi Magbegor,SEA,SEA @ ATL,07/03/2025,2025,W,31,5,2,5,40.0,1,3,33.3,0,0,0.0,0,2,2,2,2,4,1,4,0
Brianna Turner,IND,IND vs. LV,07/03/2025,2025,W,4,0,0,1,0.0,0,0,0.0,0,0,0.0,0,1,1,0,0,0,0,0,+3
Sydney Colson,IND,IND vs. LV,07/03/2025,2025,W,21,6,2,4,50.0,0,2,0.0,2,2,100.0,0,0,0,3,0,0,2,2,+8
Sophie Cunningham,IND,IND vs. LV,07/03/2025,2025,W,24,2,1,4,25.0,0,1,0.0,0,0,0.0,0,3,3,1,1,0,0,1,+17
Makayla Timpson,IND,IND vs. LV,07/03/2025,2025,W,14,2,1,2,50.0,0,0,0.0,0,0,0.0,0,3,3,0,2,1,1,3,+7
Natisha Hiedeman,MIN,MIN vs. IND,07/02/2025,2025,L,16,3,1,3,33.3,0,1,0.0,1,3,33.3,0,0,0,0,0,0,2,0,-8
Lexie Hull,IND,IND @ MIN,07/02/2025,2025,W,15,6,2,3,66.7,2,3,66.7,0,0,0.0,0,2,2,1,0,0,0,2,0
Brianna Turner,IND,IND @ MIN,07/02/2025,2025,W,1,0,0,0,0.0,0,0,0.0,0,0,0.0,0,1,1,0,0,0,0,0,+3
Makayla Timpson,IND,IND @ MIN,07/02/2025,2025,W,11,0,0,1,0.0,0,0,0.0,0,0,0.0,1,1,2,0,1,1,0,1,-5
Sydney Colson,IND,IND @ MIN,07/02/2025,2025,W,21,3,1,6,16.7,1,3,33.3,0,0,0.0,1,0,1,4,1,0,2,1,+19
Sophie Cunningham,IND,IND @ MIN,07/02/2025,2025,W,26,13,4,6,66.7,3,5,60.0,2,2,100.0,0,7,7,1,0,0,0,2,+18
Maria Kliundikova,MIN,MIN vs. IND,07/02/2025,2025,L,6,2,1,1,100.0,0,0,0.0,0,0,0.0,0,1,1,0,0,0,0,1,-3
Diamond Miller,MIN,MIN vs. IND,07/02/2025,2025,L,1,0,0,3,0.0,0,0,0.0,0,0,0.0,1,0,1,0,0,1,0,0,-3
Alissa Pili,MIN,MIN vs. IND,07/02/2025,2025,L,1,0,0,0,0.0,0,0,0.0,0,0,0.0,0,0,0,0,0,0,0,0,-3
Anastasiia Olairi Kosu,MIN,MIN vs. IND,07/02/2025,2025,L,1,0,0,0,0.0,0,0,0.0,0,0,0.0,0,0,0,0,0,0,0,0,-3
Mackenzie Holmes,SEA,SEA @ GS,06/30/2025,2025,L,5,2,1,1,100.0,0,0,0.0,0,0,0.0,2,0,2,0,0,0,0,0,-2
Dominique Malonga,SEA,SEA @ GS,06/30/2025,2025,L,11,2,1,8,12.5,0,1,0.0,0,0,0.0,3,1,4,1,1,0,1,2,-5
Kaitlyn Chen,GS,GS vs. SEA,06/30/2025,2025,W,23,2,1,1,100.0,0,0,0.0,0,0,0.0,1,5,6,3,1,0,2,1,+10
Gabby Williams,SEA,SEA @ GS,06/30/2025,2025,L,30,2,1,11,9.1,0,4,0.0,0,0,0.0,1,3,4,0,3,1,1,2,-22
Bree Hall,GS,GS vs. SEA,06/30/2025,2025,W,5,0,0,0,0.0,0,0,0.0,0,0,0.0,0,1,1,0,0,0,2,0,+2
Kate Martin,GS,GS vs. SEA,06/30/2025,2025,W,26,11,4,11,36.4,2,6,33.3,1,2,50.0,0,3,3,2,2,0,2,0,+22
Laeticia Amihere,GS,GS vs. SEA,06/30/2025,2025,W,18,15,6,8,75.0,0,1,0.0,3,3,100.0,1,7,8,1,1,1,2,1,+10
Chloe Bibby,GS,GS vs. SEA,06/30/2025,2025,W,5,0,0,1,0.0,0,1,0.0,0,0,0.0,0,1,1,0,0,0,0,1,+2
Zia Cooke,SEA,SEA @ GS,06/30/2025,2025,L,22,10,3,13,23.1,2,7,28.6,2,4,50.0,1,2,3,0,1,0,1,2,-12
Erica Wheeler,SEA,SEA @ GS,06/30/2025,2025,L,28,13,4,12,33.3,3,9,33.3,2,2,100.0,0,4,4,3,1,0,1,2,-13
Allisha Gray,ATL,ATL vs. NY,06/29/2025,2025,W,36,20,8,14,57.1,2,4,50.0,2,2,100.0,1,8,9,6,0,0,4,5,+9
Jordin Canada,ATL,ATL vs. NY,06/29/2025,2025,W,33,15,6,10,60.0,1,2,50.0,2,5,40.0,0,5,5,8,2,0,4,2,+6
Brionna Jones,ATL,ATL vs. NY,06/29/2025,2025,W,32,21,8,14,57.1,0,1,0.0,5,6,83.3,1,5,6,3,1,2,1,3,+10
Jaylyn Sherrod,NY,NY @ ATL,06/29/2025,2025,L,9,0,0,1,0.0,0,1,0.0,0,0,0.0,0,1,1,0,0,0,1,1,0
Marine Johannes,NY,NY @ ATL,06/29/2025,2025,L,11,6,2,3,66.7,2,3,66.7,0,0,0.0,1,1,2,1,0,0,0,2,+1
Kennedy Burke,NY,NY @ ATL,06/29/2025,2025,L,23,11,4,10,40.0,1,6,16.7,2,3,66.7,0,0,0,1,3,0,0,0,+3
Isabelle Harrison,NY,NY @ ATL,06/29/2025,2025,L,21,8,4,6,66.7,0,0,0.0,0,0,0.0,1,5,6,2,1,0,2,2,+9
Sami Whitcomb,PHX,PHX vs. LV,06/29/2025,2025,L,28,14,5,12,41.7,4,9,44.4,0,0,0.0,0,1,1,3,1,0,1,2,-1
Nyara Sabally,NY,NY @ ATL,06/29/2025,2025,L,25,0,0,2,0.0,0,0,0.0,0,0,0.0,1,3,4,1,0,0,0,3,-6
Jewell Loyd,LV,LV @ PHX,06/29/2025,2025,W,30,10,3,6,50.0,2,4,50.0,2,2,100.0,0,0,0,1,0,0,2,3,+2
Kahleah Copper,PHX,PHX vs. LV,06/29/2025,2025,L,30,15,5,12,41.7,2,2,100.0,3,4,75.0,3,3,6,3,1,1,4,4,+4
Kelsey Plum,LA,LA vs. CHI,06/29/2025,2025,L,35,22,4,16,25.0,2,9,22.2,12,12,100.0,0,5,5,7,2,0,2,5,-4
Rachel Banham,CHI,CHI @ LA,06/29/2025,2025,W,28,13,4,10,40.0,3,8,37.5,2,2,100.0,1,0,1,4,1,0,1,1,-2
Ariel Atkins,CHI,CHI @ LA,06/29/2025,2025,W,37,20,7,12,58.3,2,5,40.0,4,4,100.0,0,2,2,2,1,2,2,5,+8
Michaela Onyenwere,CHI,CHI @ LA,06/29/2025,2025,W,6,3,1,4,25.0,1,3,33.3,0,0,0.0,0,1,1,2,0,0,0,2,-9
Kia Nurse,CHI,CHI @ LA,06/29/2025,2025,W,24,14,4,7,57.1,3,5,60.0,3,3,100.0,0,2,2,0,0,0,2,1,+13
Dearica Hamby,LA,LA vs. CHI,06/29/2025,2025,L,37,20,9,15,60.0,0,1,0.0,2,5,40.0,6,4,10,4,3,1,3,3,-5
Azura Stevens,LA,LA vs. CHI,06/29/2025,2025,L,26,17,6,11,54.5,3,5,60.0,2,3,66.7,3,3,6,4,1,3,4,3,-19
Rickea Jackson,LA,LA vs. CHI,06/29/2025,2025,L,28,6,3,11,27.3,0,4,0.0,0,0,0.0,0,1,1,1,0,0,1,2,-13
Odyssey Sims,LA,LA vs. CHI,06/29/2025,2025,L,17,2,1,3,33.3,0,0,0.0,0,0,0.0,0,2,2,4,0,0,1,1,-8
Satou Sabally,PHX,PHX vs. LV,06/29/2025,2025,L,29,10,3,14,21.4,1,5,20.0,3,3,100.0,1,8,9,2,0,0,2,3,-3
A'ja Wilson,LV,LV @ PHX,06/29/2025,2025,W,35,26,8,20,40.0,0,1,0.0,10,11,90.9,3,15,18,7,1,1,3,1,+7
Chelsea Gray,LV,LV @ PHX,06/29/2025,2025,W,35,9,2,10,20.0,1,5,20.0,4,4,100.0,0,5,5,5,0,1,1,2,+9
Shatori Walker-Kimbrough,ATL,ATL vs. NY,06/29/2025,2025,W,8,2,1,1,100.0,0,0,0.0,0,0,0.0,0,1,1,0,2,0,0,0,-4
Jackie Young,LV,LV @ PHX,06/29/2025,2025,W,35,15,5,8,62.5,0,2,0.0,5,5,100.0,1,2,3,6,2,0,4,4,0
Tiffany Mitchell,LV,LV @ PHX,06/29/2025,2025,W,21,6,2,3,66.7,1,2,50.0,1,2,50.0,1,1,2,0,1,1,0,2,+1
Alyssa Thomas,PHX,PHX vs. LV,06/29/2025,2025,L,33,16,5,10,50.0,0,0,0.0,6,7,85.7,3,4,7,8,0,0,3,2,-10
Kathryn Westbeld,PHX,PHX vs. LV,06/29/2025,2025,L,18,6,2,4,50.0,2,4,50.0,0,0,0.0,0,1,1,1,1,1,1,3,+5
Naz Hillmon,ATL,ATL vs. NY,06/29/2025,2025,W,25,10,4,7,57.1,1,4,25.0,1,2,50.0,0,4,4,3,1,0,0,1,-1
Angel Reese,CHI,CHI @ LA,06/29/2025,2025,W,38,24,10,19,52.6,0,2,0.0,4,4,100.0,4,12,16,7,1,2,4,5,+3
Maria Kliundikova,MIN,MIN vs. CON,06/29/2025,2025,W,13,2,1,2,50.0,0,1,0.0,0,0,0.0,1,2,3,0,0,1,2,2,+7
NaLyssa Smith,DAL,DAL vs. WSH,06/29/2025,2025,W,23,4,2,5,40.0,0,0,0.0,0,1,0.0,1,6,7,1,0,1,1,4,-8
Alissa Pili,MIN,MIN vs. CON,06/29/2025,2025,W,7,5,2,3,66.7,1,2,50.0,0,0,0.0,0,0,0,1,0,0,1,2,+6
Diamond Miller,MIN,MIN vs. CON,06/29/2025,2025,W,13,2,0,2,0.0,0,1,0.0,2,2,100.0,0,2,2,1,1,0,0,4,-1
Jaelyn Brown,CON,CON @ MIN,06/29/2025,2025,L,17,5,2,4,50.0,1,1,100.0,0,0,0.0,2,0,2,0,1,0,0,3,-14
Lindsay Allen,CON,CON @ MIN,06/29/2025,2025,L,19,0,0,4,0.0,0,1,0.0,0,0,0.0,0,0,0,3,0,1,1,1,-19
Kariata Diaby,CON,CON @ MIN,06/29/2025,2025,L,4,0,0,0,0.0,0,0,0.0,0,0,0.0,0,0,0,0,0,0,2,1,-8
Rayah Marshall,CON,CON @ MIN,06/29/2025,2025,L,7,4,2,3,66.7,0,0,0.0,0,1,0.0,0,1,1,0,0,0,1,1,-6
Natisha Hiedeman,MIN,MIN vs. CON,06/29/2025,2025,W,22,10,4,11,36.4,0,5,0.0,2,2,100.0,1,3,4,7,0,1,2,2,+22
Kiki Iriafen,WSH,WSH @ DAL,06/29/2025,2025,L,29,8,1,7,14.3,0,0,0.0,6,6,100.0,2,0,2,0,3,0,1,4,-1
Shakira Austin,WSH,WSH @ DAL,06/29/2025,2025,L,29,18,6,15,40.0,0,0,0.0,6,8,75.0,0,3,3,1,1,1,5,2,+3
Brittney Sykes,WSH,WSH @ DAL,06/29/2025,2025,L,26,6,3,8,37.5,0,1,0.0,0,0,0.0,0,4,4,5,1,0,2,4,+6
Sonia Citron,WSH,WSH @ DAL,06/29/2025,2025,L,39,22,6,15,40.0,3,8,37.5,7,7,100.0,5,5,10,2,2,0,2,3,-6
Anastasiia Olairi Kosu,MIN,MIN vs. CON,06/29/2025,2025,W,7,6,1,3,33.3,0,0,0.0,4,4,100.0,2,0,2,0,0,0,0,1,+6
Lucy Olsen,WSH,WSH @ DAL,06/29/2025,2025,L,24,0,0,5,0.0,0,2,0.0,0,0,0.0,0,2,2,2,0,0,0,1,-14
Arike Ogunbowale,DAL,DAL vs. WSH,06/29/2025,2025,W,34,14,6,16,37.5,0,1,0.0,2,2,100.0,0,2,2,3,2,0,3,1,-6
JJ Quinerly,DAL,DAL vs. WSH,06/29/2025,2025,W,33,15,4,6,66.7,1,1,100.0,6,6,100.0,1,3,4,4,0,0,5,2,+7
Myisha Hines-Allen,DAL,DAL vs. WSH,06/29/2025,2025,W,22,13,5,7,71.4,0,1,0.0,3,3,100.0,2,4,6,5,3,1,3,4,+13
Aziaha James,DAL,DAL vs. WSH,06/29/2025,2025,W,33,15,5,12,41.7,3,4,75.0,2,2,100.0,2,3,5,1,1,1,1,3,+10
Saniya Rivers,CON,CON @ MIN,06/29/2025,2025,L,24,9,3,8,37.5,0,1,0.0,3,4,75.0,1,1,2,1,1,1,1,1,-24
Monique Billings,GS,GS vs. CHI,06/28/2025,2025,W,28,9,4,9,44.4,0,1,0.0,1,2,50.0,0,4,4,0,1,2,1,3,+5
Kayla Thornton,GS,GS vs. CHI,06/28/2025,2025,W,30,29,8,15,53.3,4,7,57.1,9,10,90.0,0,6,6,1,1,0,3,4,+5
Tiffany Hayes,GS,GS vs. CHI,06/28/2025,2025,W,26,13,4,13,30.8,1,5,20.0,4,7,57.1,0,5,5,4,1,0,2,1,+4
Kate Martin,GS,GS vs. CHI,06/28/2025,2025,W,20,11,4,11,36.4,3,7,42.9,0,0,0.0,0,3,3,0,0,0,0,2,+1
Kaitlyn Chen,GS,GS vs. CHI,06/28/2025,2025,W,25,10,3,4,75.0,1,1,100.0,3,5,60.0,1,1,2,2,0,0,1,2,+5
Kia Nurse,CHI,CHI @ GS,06/28/2025,2025,L,27,17,6,14,42.9,5,11,45.5,0,0,0.0,0,4,4,3,0,0,1,3,-8
Ariel Atkins,CHI,CHI @ GS,06/28/2025,2025,L,38,20,7,16,43.8,2,6,33.3,4,5,80.0,0,5,5,3,2,2,2,5,-10
Rachel Banham,CHI,CHI @ GS,06/28/2025,2025,L,25,11,4,8,50.0,3,6,50.0,0,0,0.0,0,1,1,1,0,0,1,2,-2
Angel Reese,CHI,CHI @ GS,06/28/2025,2025,L,34,17,7,16,43.8,1,2,50.0,2,2,100.0,7,11,18,2,1,0,3,5,-14
Michaela Onyenwere,CHI,CHI @ GS,06/28/2025,2025,L,23,4,0,3,0.0,0,0,0.0,4,4,100.0,0,3,3,2,3,0,1,5,+12
Natasha Cloud,NY,NY @ PHX,06/28/2025,2025,L,30,14,5,11,45.5,0,1,0.0,4,4,100.0,1,3,4,7,1,0,1,2,-16
Rebekah Gardner,NY,NY @ PHX,06/28/2025,2025,L,16,2,1,2,50.0,0,1,0.0,0,0,0.0,0,3,3,0,1,0,1,2,-1
Olivia Nelson-Ododa,CON,CON @ SEA,06/28/2025,2025,L,27,12,5,7,71.4,0,0,0.0,2,5,40.0,0,6,6,2,3,2,0,3,-3
Bria Hartley,CON,CON @ SEA,06/28/2025,2025,L,31,19,7,13,53.8,3,6,50.0,2,4,50.0,0,4,4,6,1,0,2,2,-15
Isabelle Harrison,NY,NY @ PHX,06/28/2025,2025,L,15,10,5,8,62.5,0,0,0.0,0,0,0.0,1,4,5,0,0,0,1,0,+7
Kennedy Burke,NY,NY @ PHX,06/28/2025,2025,L,23,10,4,8,50.0,2,5,40.0,0,0,0.0,1,1,2,1,0,0,2,0,-11
Marquesha Davis,NY,NY @ PHX,06/28/2025,2025,L,8,1,0,1,0.0,0,1,0.0,1,2,50.0,0,1,1,0,0,0,0,1,+6
Kathryn Westbeld,PHX,PHX vs. NY,06/28/2025,2025,W,18,5,2,5,40.0,1,4,25.0,0,0,0.0,1,0,1,4,1,0,0,2,-2
Natasha Mack,PHX,PHX vs. NY,06/28/2025,2025,W,19,2,1,4,25.0,0,2,0.0,0,0,0.0,2,4,6,0,1,0,0,2,+5
Murjanatu Musa,PHX,PHX vs. NY,06/28/2025,2025,W,3,2,1,1,100.0,0,0,0.0,0,0,0.0,1,1,2,0,0,0,0,0,-2
Kitija Laksa,PHX,PHX vs. NY,06/28/2025,2025,W,27,13,6,10,60.0,1,5,20.0,0,0,0.0,0,1,1,0,0,0,0,4,+9
Kiana Williams,PHX,PHX vs. NY,06/28/2025,2025,W,3,2,1,2,50.0,0,1,0.0,0,0,0.0,0,0,0,0,0,0,0,0,-2
Zia Cooke,SEA,SEA vs. CON,06/28/2025,2025,W,24,9,4,9,44.4,1,4,25.0,0,0,0.0,1,0,1,2,0,0,3,4,0
Dominique Malonga,SEA,SEA vs. CON,06/28/2025,2025,W,20,11,4,7,57.1,0,0,0.0,3,4,75.0,1,4,5,1,0,1,0,3,-3
Mackenzie Holmes,SEA,SEA vs. CON,06/28/2025,2025,W,7,2,1,1,100.0,0,0,0.0,0,0,0.0,0,1,1,1,0,1,0,0,-14
Erica Wheeler,SEA,SEA vs. CON,06/28/2025,2025,W,31,6,2,9,22.2,2,7,28.6,0,0,0.0,1,4,5,6,2,0,4,3,+25
Aneesah Morrow,CON,CON @ SEA,06/28/2025,2025,L,27,20,9,14,64.3,2,2,100.0,0,0,0.0,4,7,11,1,2,0,3,2,-1
Saniya Rivers,CON,CON @ SEA,06/28/2025,2025,L,24,4,1,6,16.7,0,1,0.0,2,3,66.7,0,1,1,6,2,2,3,2,-8
Alysha Clark,SEA,SEA vs. CON,06/28/2025,2025,W,17,1,0,2,0.0,0,2,0.0,1,2,50.0,1,3,4,1,0,0,0,1,-9
Haley Peters,CON,CON @ SEA,06/28/2025,2025,L,9,0,0,1,0.0,0,1,0.0,0,0,0.0,0,0,0,1,0,0,0,0,+9
Paige Bueckers,DAL,DAL vs. IND,06/27/2025,2025,L,36,27,9,18,50.0,2,3,66.7,7,7,100.0,0,1,1,6,2,2,0,0,-9
Arike Ogunbowale,DAL,DAL vs. IND,06/27/2025,2025,L,32,15,5,12,41.7,1,4,25.0,4,4,100.0,0,1,1,1,1,1,2,3,-10
Li Yueru,DAL,DAL vs. IND,06/27/2025,2025,L,30,7,3,7,42.9,1,2,50.0,0,0,0.0,1,2,3,1,0,0,2,4,-5
Sophie Cunningham,IND,IND @ DAL,06/27/2025,2025,W,24,5,1,2,50.0,1,2,50.0,2,2,100.0,0,4,4,0,1,0,1,3,+15
Aari McDonald,IND,IND @ DAL,06/27/2025,2025,W,30,13,6,9,66.7,0,1,0.0,1,2,50.0,0,2,2,6,0,0,1,5,+5
Kelsey Mitchell,IND,IND @ DAL,06/27/2025,2025,W,34,32,11,17,64.7,4,6,66.7,6,8,75.0,0,3,3,7,0,0,3,3,+9
Aliyah Boston,IND,IND @ DAL,06/27/2025,2025,W,35,21,9,14,64.3,0,0,0.0,3,3,100.0,3,3,6,3,0,0,2,1,+3
Aziaha James,DAL,DAL vs. IND,06/27/2025,2025,L,26,14,5,9,55.6,1,3,33.3,3,3,100.0,0,1,1,2,1,0,1,1,0
A'ja Wilson,LV,LV vs. WSH,06/27/2025,2025,L,32,22,8,18,44.4,0,2,0.0,6,7,85.7,0,5,5,2,1,4,0,3,-2
Chelsea Gray,LV,LV vs. WSH,06/27/2025,2025,L,31,13,6,8,75.0,1,3,33.3,0,0,0.0,0,4,4,8,1,1,3,4,-10
Kiki Iriafen,WSH,WSH @ LV,06/27/2025,2025,W,25,12,3,13,23.1,0,0,0.0,6,7,85.7,3,6,9,2,0,0,3,4,+10
Shakira Austin,WSH,WSH @ LV,06/27/2025,2025,W,28,13,5,12,41.7,0,0,0.0,3,5,60.0,4,9,13,3,0,0,1,2,+8
Sug Sutton,WSH,WSH @ LV,06/27/2025,2025,W,40,17,6,10,60.0,3,5,60.0,2,2,100.0,0,1,1,5,1,0,2,1,+11
Sonia Citron,WSH,WSH @ LV,06/27/2025,2025,W,34,21,7,13,53.8,3,4,75.0,4,4,100.0,0,2,2,2,1,0,1,1,+8
Lucy Olsen,WSH,WSH @ LV,06/27/2025,2025,W,38,14,5,12,41.7,3,7,42.9,1,1,100.0,1,3,4,3,1,0,0,1,+4
Natasha Howard,IND,IND @ DAL,06/27/2025,2025,W,32,15,6,9,66.7,0,1,0.0,3,3,100.0,1,12,13,4,3,0,3,4,+16
Dana Evans,LV,LV vs. WSH,06/27/2025,2025,L,19,12,4,6,66.7,2,2,100.0,2,2,100.0,0,2,2,4,0,0,0,2,+3
Jackie Young,LV,LV vs. WSH,06/27/2025,2025,L,28,13,6,12,50.0,1,6,16.7,0,0,0.0,1,3,4,5,1,1,1,4,-11
Jewell Loyd,LV,LV vs. WSH,06/27/2025,2025,L,25,11,4,8,50.0,1,3,33.3,2,2,100.0,0,4,4,1,0,0,3,1,-2
Myisha Hines-Allen,DAL,DAL vs. IND,06/27/2025,2025,L,23,9,3,8,37.5,1,4,25.0,2,3,66.7,0,1,1,3,1,0,0,4,-8
Kayla McBride,MIN,MIN @ ATL,06/27/2025,2025,W,38,18,5,11,45.5,2,6,33.3,6,6,100.0,0,3,3,3,1,0,5,2,-3
Bridget Carleton,MIN,MIN @ ATL,06/27/2025,2025,W,37,14,5,5,100.0,4,4,100.0,0,0,0.0,1,1,2,3,0,0,1,5,+2
Alanna Smith,MIN,MIN @ ATL,06/27/2025,2025,W,30,9,4,10,40.0,1,5,20.0,0,0,0.0,3,5,8,4,2,3,4,4,-1
Napheesa Collier,MIN,MIN @ ATL,06/27/2025,2025,W,40,26,8,18,44.4,2,6,33.3,8,8,100.0,2,5,7,6,1,2,4,5,+3
Courtney Williams,MIN,MIN @ ATL,06/27/2025,2025,W,34,16,7,16,43.8,2,6,33.3,0,0,0.0,0,2,2,8,2,0,0,4,+4
Brittney Griner,ATL,ATL vs. MIN,06/27/2025,2025,L,28,16,6,10,60.0,0,0,0.0,4,4,100.0,2,5,7,1,0,1,3,4,-9
Allisha Gray,ATL,ATL vs. MIN,06/27/2025,2025,L,42,17,4,11,36.4,1,4,25.0,8,10,80.0,0,8,8,4,0,0,2,5,+5
Rhyne Howard,ATL,ATL vs. MIN,06/27/2025,2025,L,44,15,4,14,28.6,1,7,14.3,6,7,85.7,1,5,6,8,3,1,3,4,-1
Naz Hillmon,ATL,ATL vs. MIN,06/27/2025,2025,L,25,10,4,8,50.0,1,4,25.0,1,1,100.0,4,4,8,1,1,0,3,3,+3
Te-Hina Paopao,ATL,ATL vs. MIN,06/27/2025,2025,L,10,2,1,3,33.3,0,2,0.0,0,0,0.0,0,0,0,0,0,0,0,1,-11
Shey Peddy,LA,LA @ IND,06/26/2025,2025,W,32,5,2,6,33.3,1,3,33.3,0,0,0.0,1,1,2,4,0,0,0,4,+11
Rickea Jackson,LA,LA @ IND,06/26/2025,2025,W,30,14,6,14,42.9,1,4,25.0,1,1,100.0,0,2,2,1,1,0,2,3,+18
Azura Stevens,LA,LA @ IND,06/26/2025,2025,W,32,23,9,12,75.0,1,3,33.3,4,5,80.0,1,6,7,3,1,0,2,5,+17
Dearica Hamby,LA,LA @ IND,06/26/2025,2025,W,29,14,5,8,62.5,0,1,0.0,4,8,50.0,2,5,7,5,3,0,7,3,+10
Kate Martin,GS,GS vs. NY,06/26/2025,2025,L,24,21,7,15,46.7,4,10,40.0,3,3,100.0,0,2,2,0,1,0,2,1,-9
Veronica Burton,GS,GS vs. NY,06/26/2025,2025,L,34,7,3,10,30.0,1,4,25.0,0,1,0.0,3,2,5,10,0,1,0,4,-2
Sabrina Ionescu,NY,NY @ GS,06/26/2025,2025,W,29,11,1,11,9.1,1,7,14.3,8,8,100.0,1,6,7,4,1,1,1,2,-8
Stephanie Talbot,GS,GS vs. NY,06/26/2025,2025,L,28,13,5,7,71.4,3,5,60.0,0,0,0.0,1,4,5,3,0,0,2,1,+7
Kayla Thornton,GS,GS vs. NY,06/26/2025,2025,L,34,11,5,12,41.7,1,5,20.0,0,0,0.0,1,6,7,3,1,0,1,2,-4
Kennedy Burke,NY,NY @ GS,06/26/2025,2025,W,30,20,6,14,42.9,4,9,44.4,4,4,100.0,4,1,5,1,1,0,0,0,+1
Natasha Howard,IND,IND vs. LA,06/26/2025,2025,L,26,13,4,9,44.4,0,1,0.0,5,6,83.3,1,2,3,0,0,1,2,2,-6
Natasha Cloud,NY,NY @ GS,06/26/2025,2025,W,27,2,1,8,12.5,0,6,0.0,0,0,0.0,0,3,3,7,1,0,3,4,-7
Rebekah Gardner,NY,NY @ GS,06/26/2025,2025,W,34,11,4,10,40.0,2,5,40.0,1,2,50.0,3,0,3,0,0,1,1,3,+9
Breanna Stewart,NY,NY @ GS,06/26/2025,2025,W,37,23,9,19,47.4,2,4,50.0,3,3,100.0,1,9,10,3,1,2,2,1,+6
Kelsey Plum,LA,LA @ IND,06/26/2025,2025,W,35,21,6,11,54.5,3,6,50.0,6,8,75.0,0,3,3,6,1,0,2,2,+16
Tiffany Hayes,GS,GS vs. NY,06/26/2025,2025,L,34,15,4,12,33.3,2,6,33.3,5,6,83.3,1,4,5,3,1,1,3,5,-3
Sydney Colson,IND,IND vs. LA,06/26/2025,2025,L,17,0,0,2,0.0,0,2,0.0,0,0,0.0,1,1,2,4,1,1,2,1,-2
Kierstan Bell,LV,LV vs. CON,06/26/2025,2025,W,13,8,3,6,50.0,2,3,66.7,0,0,0.0,1,3,4,0,1,1,0,1,+4
Brianna Turner,IND,IND vs. LA,06/26/2025,2025,L,4,0,0,0,0.0,0,0,0.0,0,0,0.0,0,1,1,0,0,0,0,3,+1
Bria Hartley,CON,CON @ LV,06/26/2025,2025,L,25,6,2,10,20.0,0,2,0.0,2,2,100.0,0,1,1,2,0,0,0,3,-30
Aneesah Morrow,CON,CON @ LV,06/26/2025,2025,L,12,0,0,5,0.0,0,0,0.0,0,0,0.0,0,6,6,1,0,1,2,3,-6
Kariata Diaby,CON,CON @ LV,06/26/2025,2025,L,1,0,0,0,0.0,0,0,0.0,0,0,0.0,0,0,0,0,0,0,0,0,-4
Jaelyn Brown,CON,CON @ LV,06/26/2025,2025,L,12,2,1,5,20.0,0,3,0.0,0,0,0.0,1,1,2,0,1,1,1,1,-3
Joyner Holmes,LV,LV vs. CON,06/26/2025,2025,W,4,2,1,2,50.0,0,0,0.0,0,0,0.0,0,1,1,0,0,0,0,0,+4
Haley Peters,CON,CON @ LV,06/26/2025,2025,L,22,1,0,6,0.0,0,2,0.0,1,2,50.0,2,4,6,0,1,0,0,3,-8
Elizabeth Kitley,LV,LV vs. CON,06/26/2025,2025,W,6,0,0,2,0.0,0,0,0.0,0,0,0.0,0,1,1,0,1,0,0,1,-5
Makayla Timpson,IND,IND vs. LA,06/26/2025,2025,L,5,0,0,0,0.0,0,0,0.0,0,2,0.0,1,0,1,0,0,0,0,0,0
Dana Evans,LV,LV vs. CON,06/26/2025,2025,W,17,3,1,6,16.7,0,3,0.0,1,1,100.0,0,0,0,1,0,0,2,0,+6
Aari McDonald,IND,IND vs. LA,06/26/2025,2025,L,24,14,3,8,37.5,1,4,25.0,7,10,70.0,1,1,2,1,2,0,0,3,-8
Tiffany Mitchell,LV,LV vs. CON,06/26/2025,2025,W,10,2,1,2,50.0,0,0,0.0,0,0,0.0,0,1,1,1,0,0,3,3,0
Maya Caldwell,ATL,ATL @ DAL,06/25/2025,2025,L,3,0,0,0,0.0,0,0,0.0,0,0,0.0,0,0,0,0,0,0,0,1,-5
Te-Hina Paopao,ATL,ATL @ DAL,06/25/2025,2025,L,14,0,0,5,0.0,0,3,0.0,0,0,0.0,1,1,2,2,1,0,1,0,0
Li Yueru,DAL,DAL vs. ATL,06/25/2025,2025,W,34,10,4,9,44.4,0,1,0.0,2,2,100.0,6,9,15,1,1,0,1,1,+18
Arike Ogunbowale,DAL,DAL vs. ATL,06/25/2025,2025,W,35,21,6,14,42.9,0,3,0.0,9,9,100.0,0,1,1,4,2,0,0,2,+12
Kaila Charles,DAL,DAL vs. ATL,06/25/2025,2025,W,26,0,0,5,0.0,0,2,0.0,0,0,0.0,1,7,8,3,0,0,0,4,+6
Myisha Hines-Allen,DAL,DAL vs. ATL,06/25/2025,2025,W,20,8,3,6,50.0,2,3,66.7,0,0,0.0,0,4,4,1,1,0,2,1,+11
Paige Bueckers,DAL,DAL vs. ATL,06/25/2025,2025,W,33,12,6,15,40.0,0,2,0.0,0,0,0.0,1,4,5,4,0,0,1,2,+8
Kelsey Mitchell,IND,IND @ SEA,06/25/2025,2025,W,34,26,8,14,57.1,5,7,71.4,5,5,100.0,2,2,4,4,1,0,1,3,+10
Lexie Hull,IND,IND @ SEA,06/25/2025,2025,W,31,15,6,10,60.0,2,4,50.0,1,2,50.0,3,8,11,0,2,0,0,4,+12
Taylor Thierry,ATL,ATL @ DAL,06/25/2025,2025,L,0,0,0,0,0.0,0,0,0.0,0,0,0.0,0,0,0,0,0,0,0,0,0
Brianna Turner,IND,IND @ SEA,06/25/2025,2025,W,8,0,0,0,0.0,0,0,0.0,0,0,0.0,0,0,0,0,0,0,1,1,+4
Shatori Walker-Kimbrough,ATL,ATL @ DAL,06/25/2025,2025,L,0,0,0,0,0.0,0,0,0.0,0,0,0.0,0,0,0,0,0,0,0,0,0
Kiki Iriafen,WSH,WSH vs. MIN,06/25/2025,2025,W,27,11,5,11,45.5,0,0,0.0,1,2,50.0,2,9,11,1,0,1,0,3,+6
Brittney Griner,ATL,ATL @ DAL,06/25/2025,2025,L,18,2,1,3,33.3,0,0,0.0,0,0,0.0,2,4,6,0,0,1,0,1,-12
Jessica Shepard,MIN,MIN @ WSH,06/25/2025,2025,L,37,12,5,8,62.5,0,0,0.0,2,7,28.6,6,9,15,4,2,1,1,2,+2
Jade Melbourne,WSH,WSH vs. MIN,06/25/2025,2025,W,36,5,2,7,28.6,1,5,20.0,0,0,0.0,1,2,3,5,0,0,5,3,-4
Sonia Citron,WSH,WSH vs. MIN,06/25/2025,2025,W,37,9,3,13,23.1,1,4,25.0,2,2,100.0,3,1,4,2,2,0,2,1,+8
Sug Sutton,WSH,WSH vs. MIN,06/25/2025,2025,W,35,12,5,12,41.7,2,3,66.7,0,0,0.0,1,0,1,4,4,0,3,0,+13
Shakira Austin,WSH,WSH vs. MIN,06/25/2025,2025,W,28,19,7,18,38.9,0,0,0.0,5,6,83.3,1,7,8,3,2,0,3,4,+13
Courtney Williams,MIN,MIN @ WSH,06/25/2025,2025,L,28,5,2,11,18.2,0,0,0.0,1,2,50.0,0,9,9,4,1,0,10,1,+1
Kayla McBride,MIN,MIN @ WSH,06/25/2025,2025,L,37,7,1,9,11.1,0,7,0.0,5,5,100.0,0,2,2,3,2,0,1,1,-3
Alanna Smith,MIN,MIN @ WSH,06/25/2025,2025,L,30,26,9,17,52.9,2,6,33.3,6,7,85.7,1,4,5,2,2,6,3,3,-6
Bridget Carleton,MIN,MIN @ WSH,06/25/2025,2025,L,25,4,2,4,50.0,0,1,0.0,0,0,0.0,1,1,2,1,1,0,1,4,+7
Sophie Cunningham,IND,IND @ SEA,06/25/2025,2025,W,18,2,0,3,0.0,0,3,0.0,2,2,100.0,0,3,3,1,2,0,2,1,+5
Sydney Colson,IND,IND @ SEA,06/25/2025,2025,W,11,0,0,2,0.0,0,1,0.0,0,0,0.0,0,0,0,1,0,1,0,0,+3
Rickea Jackson,LA,LA @ CHI,06/25/2025,2025,L,36,11,5,11,45.5,0,4,0.0,1,3,33.3,1,0,1,4,0,1,0,3,-13
Nneka Ogwumike,SEA,SEA vs. IND,06/25/2025,2025,L,35,16,5,12,41.7,1,4,25.0,5,5,100.0,1,5,6,1,2,2,2,2,+4
Sarah Ashlee Barker,LA,LA @ CHI,06/25/2025,2025,L,12,5,1,1,100.0,1,1,100.0,2,2,100.0,0,2,2,0,1,0,3,5,-2
Kelsey Plum,LA,LA @ CHI,06/25/2025,2025,L,35,20,6,17,35.3,0,6,0.0,8,8,100.0,0,2,2,5,1,0,3,2,-13
Shey Peddy,LA,LA @ CHI,06/25/2025,2025,L,33,7,3,6,50.0,1,3,33.3,0,0,0.0,2,2,4,5,0,0,0,2,-7
Angel Reese,CHI,CHI vs. LA,06/25/2025,2025,W,33,18,6,12,50.0,0,0,0.0,6,7,85.7,5,12,17,6,4,0,2,4,0
Rachel Banham,CHI,CHI vs. LA,06/25/2025,2025,W,23,8,1,5,20.0,1,3,33.3,5,6,83.3,0,0,0,4,0,0,1,1,+14
Michaela Onyenwere,CHI,CHI vs. LA,06/25/2025,2025,W,7,4,2,4,50.0,0,0,0.0,0,0,0.0,0,1,1,2,1,0,1,0,+3
Elizabeth Williams,CHI,CHI vs. LA,06/25/2025,2025,W,14,6,2,4,50.0,0,0,0.0,2,4,50.0,2,1,3,0,0,0,2,0,+8
Kia Nurse,CHI,CHI vs. LA,06/25/2025,2025,W,23,8,2,8,25.0,2,6,33.3,2,2,100.0,0,1,1,1,0,0,0,3,+13
Gabby Williams,SEA,SEA vs. IND,06/25/2025,2025,L,32,11,4,10,40.0,0,4,0.0,3,4,75.0,0,2,2,3,2,1,4,2,-8
Liatu King,LA,LA @ CHI,06/25/2025,2025,L,4,0,0,0,0.0,0,0,0.0,0,0,0.0,1,1,2,1,0,0,1,0,+2
Ezi Magbegor,SEA,SEA vs. IND,06/25/2025,2025,L,35,9,3,4,75.0,1,1,100.0,2,3,66.7,2,3,5,3,1,2,1,4,-3
Skylar Diggins,SEA,SEA vs. IND,06/25/2025,2025,L,34,22,9,15,60.0,1,5,20.0,3,5,60.0,0,2,2,6,1,2,1,4,0
Erica Wheeler,SEA,SEA vs. IND,06/25/2025,2025,L,31,20,6,13,46.2,5,10,50.0,3,4,75.0,2,0,2,2,1,0,6,4,0
Lindsay Allen,CON,CON @ GS,06/23/2025,2025,L,23,7,3,7,42.9,1,3,33.3,0,0,0.0,0,2,2,2,0,0,3,2,-22
Kaitlyn Chen,GS,GS vs. CON,06/23/2025,2025,W,21,5,2,3,66.7,0,0,0.0,1,1,100.0,0,1,1,1,0,0,1,0,+15
Aneesah Morrow,CON,CON @ GS,06/23/2025,2025,L,16,14,4,9,44.4,1,2,50.0,5,7,71.4,3,1,4,0,0,0,1,4,-15
Jaelyn Brown,CON,CON @ GS,06/23/2025,2025,L,12,3,1,6,16.7,1,2,50.0,0,0,0.0,1,0,1,0,0,0,1,2,-8
Laeticia Amihere,GS,GS vs. CON,06/23/2025,2025,W,23,10,3,9,33.3,0,2,0.0,4,5,80.0,4,8,12,1,1,1,6,4,+6
Bree Hall,GS,GS vs. CON,06/23/2025,2025,W,3,3,1,2,50.0,0,1,0.0,1,3,33.3,0,1,1,0,0,0,0,1,+5
Aerial Powers,GS,GS vs. CON,06/23/2025,2025,W,4,2,0,1,0.0,0,0,0.0,2,2,100.0,1,0,1,1,1,0,0,0,+4
Saniya Rivers,CON,CON @ GS,06/23/2025,2025,L,32,2,1,6,16.7,0,3,0.0,0,0,0.0,0,4,4,3,2,2,2,1,-11
Olivia Nelson-Ododa,CON,CON @ GS,06/23/2025,2025,L,23,4,0,5,0.0,0,0,0.0,4,6,66.7,1,5,6,3,0,5,1,5,-2
Chloe Bibby,GS,GS vs. CON,06/23/2025,2025,W,20,11,4,11,36.4,3,7,42.9,0,0,0.0,1,3,4,2,2,0,0,2,-6
NaLyssa Smith,DAL,DAL @ WSH,06/22/2025,2025,L,32,7,3,7,42.9,0,1,0.0,1,2,50.0,2,7,9,1,1,4,2,5,-6
Arike Ogunbowale,DAL,DAL @ WSH,06/22/2025,2025,L,41,27,8,20,40.0,3,9,33.3,8,9,88.9,1,0,1,3,1,0,2,1,-3
Paige Bueckers,DAL,DAL @ WSH,06/22/2025,2025,L,40,20,7,17,41.2,1,4,25.0,5,5,100.0,3,6,9,7,1,1,3,5,+6
Myisha Hines-Allen,DAL,DAL @ WSH,06/22/2025,2025,L,22,0,0,1,0.0,0,1,0.0,0,0,0.0,0,1,1,3,1,0,2,3,-24
Maya Caldwell,ATL,ATL vs. CHI,06/22/2025,2025,W,4,0,0,0,0.0,0,0,0.0,0,0,0.0,0,0,0,0,0,0,0,0,-4
Shakira Austin,WSH,WSH vs. DAL,06/22/2025,2025,W,30,21,7,16,43.8,0,0,0.0,7,8,87.5,4,3,7,2,1,1,3,3,+22
Taylor Thierry,ATL,ATL vs. CHI,06/22/2025,2025,W,0,0,0,0,0.0,0,0,0.0,0,0,0.0,0,0,0,0,0,0,0,0,0
Shey Peddy,LA,LA @ MIN,06/22/2025,2025,L,19,6,2,5,40.0,1,4,25.0,1,1,100.0,0,1,1,1,2,0,1,3,-11
Emma Cannon,LA,LA @ MIN,06/22/2025,2025,L,12,3,1,3,33.3,0,2,0.0,1,2,50.0,2,1,3,1,0,0,0,2,+7
Liatu King,LA,LA @ MIN,06/22/2025,2025,L,9,2,1,3,33.3,0,1,0.0,0,0,0.0,1,1,2,0,0,0,0,0,+11
Mercedes Russell,LA,LA @ MIN,06/22/2025,2025,L,7,2,0,0,0.0,0,0,0.0,2,2,100.0,0,1,1,0,0,0,0,0,-2
Sarah Ashlee Barker,LA,LA @ MIN,06/22/2025,2025,L,23,5,2,8,25.0,1,6,16.7,0,0,0.0,0,0,0,1,0,0,1,2,-4
Diamond Miller,MIN,MIN vs. LA,06/22/2025,2025,W,10,4,1,1,100.0,0,0,0.0,2,2,100.0,1,0,1,0,0,1,3,2,-7
Alissa Pili,MIN,MIN vs. LA,06/22/2025,2025,W,19,5,2,5,40.0,1,2,50.0,0,0,0.0,1,3,4,0,1,0,1,1,+5
Anastasiia Olairi Kosu,MIN,MIN vs. LA,06/22/2025,2025,W,1,0,0,0,0.0,0,0,0.0,0,0,0.0,0,0,0,0,0,0,0,0,-1
Karlie Samuelson,MIN,MIN vs. LA,06/22/2025,2025,W,15,1,0,1,0.0,0,1,0.0,1,2,50.0,1,3,4,0,0,0,2,1,+9
Natisha Hiedeman,MIN,MIN vs. LA,06/22/2025,2025,W,17,4,2,6,33.3,0,2,0.0,0,0,0.0,0,2,2,6,1,0,2,0,+10
Angel Reese,CHI,CHI @ ATL,06/22/2025,2025,L,33,10,3,11,27.3,0,1,0.0,4,4,100.0,2,17,19,4,3,1,3,4,-13
Rachel Banham,CHI,CHI @ ATL,06/22/2025,2025,L,32,10,2,5,40.0,2,5,40.0,4,4,100.0,0,0,0,4,0,0,0,2,-9
Rebecca Allen,CHI,CHI @ ATL,06/22/2025,2025,L,26,4,2,4,50.0,0,0,0.0,0,0,0.0,0,1,1,0,0,1,0,3,-1
Elizabeth Williams,CHI,CHI @ ATL,06/22/2025,2025,L,22,16,8,12,66.7,0,0,0.0,0,0,0.0,1,4,5,1,1,2,0,0,-11
Kia Nurse,CHI,CHI @ ATL,06/22/2025,2025,L,12,0,0,2,0.0,0,1,0.0,0,0,0.0,2,0,2,2,0,0,2,0,-6
Brionna Jones,ATL,ATL vs. CHI,06/22/2025,2025,W,29,13,5,13,38.5,0,1,0.0,3,4,75.0,5,6,11,1,1,2,3,2,+15
Rhyne Howard,ATL,ATL vs. CHI,06/22/2025,2025,W,35,22,7,17,41.2,4,11,36.4,4,5,80.0,0,3,3,3,2,1,1,3,+18
Aziaha James,DAL,DAL @ WSH,06/22/2025,2025,L,37,11,3,9,33.3,2,4,50.0,3,4,75.0,1,5,6,1,2,1,3,3,+2
Naz Hillmon,ATL,ATL vs. CHI,06/22/2025,2025,W,26,12,3,6,50.0,2,4,50.0,4,6,66.7,1,5,6,4,1,0,3,2,+19
Brittney Sykes,WSH,WSH vs. DAL,06/22/2025,2025,W,39,8,1,8,12.5,0,1,0.0,6,9,66.7,0,1,1,4,0,0,0,5,+2
Skylar Diggins,SEA,SEA vs. NY,06/22/2025,2025,W,36,20,6,17,35.3,3,7,42.9,5,6,83.3,0,2,2,6,2,2,1,4,+6
Jewell Loyd,LV,LV vs. IND,06/22/2025,2025,W,34,10,5,11,45.5,0,4,0.0,0,0,0.0,1,4,5,5,1,0,1,2,+15
Erica Wheeler,SEA,SEA vs. NY,06/22/2025,2025,W,31,9,4,13,30.8,1,5,20.0,0,0,0.0,0,2,2,1,1,0,0,0,+8
Chelsea Gray,LV,LV vs. IND,06/22/2025,2025,W,35,18,8,12,66.7,2,5,40.0,0,0,0.0,1,2,3,3,2,0,4,0,+1
A'ja Wilson,LV,LV vs. IND,06/22/2025,2025,W,34,24,8,21,38.1,0,1,0.0,8,10,80.0,1,6,7,2,1,2,3,3,+4
Kiah Stokes,LV,LV vs. IND,06/22/2025,2025,W,19,0,0,2,0.0,0,0,0.0,0,0,0.0,1,5,6,1,0,0,1,0,-1
Sophie Cunningham,IND,IND @ LV,06/22/2025,2025,L,17,0,0,3,0.0,0,2,0.0,0,0,0.0,1,5,6,0,1,0,0,1,-12
Caitlin Clark,IND,IND @ LV,06/22/2025,2025,L,35,19,7,20,35.0,1,10,10.0,4,4,100.0,0,3,3,10,2,0,8,3,-15
Lexie Hull,IND,IND @ LV,06/22/2025,2025,L,36,7,3,6,50.0,1,2,50.0,0,0,0.0,3,3,6,3,2,0,0,4,-6
Kelsey Mitchell,IND,IND @ LV,06/22/2025,2025,L,35,20,8,13,61.5,3,6,50.0,1,3,33.3,1,1,2,2,1,1,2,0,-4
Aliyah Boston,IND,IND @ LV,06/22/2025,2025,L,33,26,12,19,63.2,0,2,0.0,2,2,100.0,2,8,10,3,0,0,0,5,-2
Sug Sutton,WSH,WSH vs. DAL,06/22/2025,2025,W,32,15,4,4,100.0,3,3,100.0,4,6,66.7,0,4,4,3,2,0,2,1,+18
Jackie Young,LV,LV vs. IND,06/22/2025,2025,W,27,19,6,15,40.0,0,3,0.0,7,7,100.0,4,3,7,7,3,1,3,4,+4
Ezi Magbegor,SEA,SEA vs. NY,06/22/2025,2025,W,28,6,2,9,22.2,0,1,0.0,2,2,100.0,5,3,8,2,3,1,1,1,+9
Jaylyn Sherrod,NY,NY @ SEA,06/22/2025,2025,L,14,8,2,4,50.0,1,3,33.3,3,3,100.0,0,3,3,3,2,0,0,2,-4
Sonia Citron,WSH,WSH vs. DAL,06/22/2025,2025,W,41,27,9,13,69.2,4,7,57.1,5,7,71.4,2,9,11,2,2,1,5,2,+1
Jade Melbourne,WSH,WSH vs. DAL,06/22/2025,2025,W,18,1,0,4,0.0,0,1,0.0,1,2,50.0,0,0,0,3,0,0,1,2,-6
Breanna Stewart,NY,NY @ SEA,06/22/2025,2025,L,37,18,6,14,42.9,0,2,0.0,6,7,85.7,2,7,9,7,0,2,5,1,-5
Nyara Sabally,NY,NY @ SEA,06/22/2025,2025,L,31,8,3,9,33.3,0,1,0.0,2,2,100.0,2,7,9,0,0,2,3,1,-5
Natasha Cloud,NY,NY @ SEA,06/22/2025,2025,L,34,5,2,7,28.6,1,4,25.0,0,0,0.0,2,3,5,8,2,0,6,1,-16
Marine Johannes,NY,NY @ SEA,06/22/2025,2025,L,36,17,7,13,53.8,3,9,33.3,0,0,0.0,0,5,5,1,1,1,4,1,-10
Nneka Ogwumike,SEA,SEA vs. NY,06/22/2025,2025,W,34,26,12,17,70.6,2,5,40.0,0,0,0.0,3,4,7,1,2,2,2,1,+8
Gabby Williams,SEA,SEA vs. NY,06/22/2025,2025,W,37,12,4,16,25.0,1,6,16.7,3,4,75.0,1,5,6,10,4,0,3,2,+10
Alysha Clark,SEA,SEA @ LV,06/21/2025,2025,W,28,2,0,4,0.0,0,3,0.0,2,2,100.0,2,4,6,2,2,0,0,4,+3
Aaliyah Nye,LV,LV vs. SEA,06/21/2025,2025,L,24,13,5,9,55.6,3,4,75.0,0,0,0.0,1,0,1,0,0,1,1,3,-1
Erica Wheeler,SEA,SEA @ LV,06/21/2025,2025,W,33,17,7,14,50.0,3,5,60.0,0,0,0.0,1,3,4,2,2,0,1,3,+8
Jackie Young,LV,LV vs. SEA,06/21/2025,2025,L,31,22,8,13,61.5,4,6,66.7,2,2,100.0,2,2,4,5,0,0,3,5,-9
Jewell Loyd,LV,LV vs. SEA,06/21/2025,2025,L,34,15,5,11,45.5,3,4,75.0,2,2,100.0,1,2,3,4,1,0,1,1,+2
Skylar Diggins,SEA,SEA @ LV,06/21/2025,2025,W,38,24,8,17,47.1,2,3,66.7,6,8,75.0,1,0,1,6,1,1,2,1,+12
Chelsea Gray,LV,LV vs. SEA,06/21/2025,2025,L,31,7,2,7,28.6,1,3,33.3,2,2,100.0,0,4,4,7,1,0,2,1,-5
A'ja Wilson,LV,LV vs. SEA,06/21/2025,2025,L,34,20,6,11,54.5,0,0,0.0,8,13,61.5,1,13,14,2,2,3,7,3,-8
Gabby Williams,SEA,SEA @ LV,06/21/2025,2025,W,38,18,6,15,40.0,3,6,50.0,3,4,75.0,3,9,12,4,0,0,1,2,+5
Kathryn Westbeld,PHX,PHX @ CHI,06/21/2025,2025,W,20,8,2,8,25.0,2,6,33.3,2,2,100.0,1,4,5,0,2,0,1,2,+16
Kitija Laksa,PHX,PHX @ CHI,06/21/2025,2025,W,28,11,3,8,37.5,3,7,42.9,2,3,66.7,0,1,1,3,1,0,2,2,+7
Nneka Ogwumike,SEA,SEA @ LV,06/21/2025,2025,W,34,25,11,16,68.8,3,4,75.0,0,0,0.0,4,8,12,3,2,1,2,3,+9
Hailey Van Lith,CHI,CHI vs. PHX,06/21/2025,2025,L,21,4,1,6,16.7,0,2,0.0,2,2,100.0,0,0,0,3,2,0,3,2,-11
Elizabeth Williams,CHI,CHI vs. PHX,06/21/2025,2025,L,19,8,4,6,66.7,0,0,0.0,0,0,0.0,1,2,3,1,1,0,1,0,-2
Maddy Westbeld,CHI,CHI vs. PHX,06/21/2025,2025,L,15,3,1,2,50.0,1,2,50.0,0,0,0.0,1,0,1,1,0,1,1,4,+4
Michaela Onyenwere,CHI,CHI vs. PHX,06/21/2025,2025,L,24,17,6,9,66.7,1,4,25.0,4,4,100.0,0,2,2,2,1,0,2,4,+1
Natasha Mack,PHX,PHX @ CHI,06/21/2025,2025,W,14,4,1,2,50.0,0,0,0.0,2,4,50.0,2,3,5,1,1,0,3,0,+2
Kalani Brown,PHX,PHX @ CHI,06/21/2025,2025,W,18,11,4,6,66.7,1,1,100.0,2,3,66.7,3,0,3,1,0,1,2,3,+3
Murjanatu Musa,PHX,PHX @ CHI,06/21/2025,2025,W,15,6,2,2,100.0,0,0,0.0,2,2,100.0,3,1,4,2,0,1,2,1,-11
Kia Nurse,CHI,CHI vs. PHX,06/21/2025,2025,L,23,10,3,9,33.3,2,7,28.6,2,2,100.0,0,3,3,0,2,0,1,2,-14
Rhyne Howard,ATL,ATL vs. WSH,06/20/2025,2025,W,37,13,3,11,27.3,1,7,14.3,6,6,100.0,1,4,5,6,0,0,0,4,+2
Naz Hillmon,ATL,ATL vs. WSH,06/20/2025,2025,W,18,8,3,7,42.9,2,4,50.0,0,0,0.0,0,3,3,0,1,0,0,1,+4
Laeticia Amihere,GS,GS vs. IND,06/20/2025,2025,W,19,10,3,6,50.0,0,0,0.0,4,8,50.0,1,2,3,3,1,4,0,2,+13
Brittney Griner,ATL,ATL vs. WSH,06/20/2025,2025,W,27,10,3,6,50.0,0,1,0.0,4,4,100.0,1,6,7,1,0,1,2,1,+2
Brianna Turner,IND,IND @ GS,06/20/2025,2025,L,0,0,0,0,0.0,0,0,0.0,0,0,0.0,0,0,0,0,0,0,0,0,0
Allisha Gray,ATL,ATL vs. WSH,06/20/2025,2025,W,33,18,6,15,40.0,2,3,66.7,4,5,80.0,0,2,2,0,1,2,1,4,+3
Emily Engstler,WSH,WSH @ ATL,06/20/2025,2025,L,13,3,1,1,100.0,0,0,0.0,1,2,50.0,1,1,2,1,1,1,2,2,+11
Brionna Jones,ATL,ATL vs. WSH,06/20/2025,2025,W,22,14,4,6,66.7,1,2,50.0,5,6,83.3,2,2,4,6,1,0,1,3,-5
Jade Melbourne,WSH,WSH @ ATL,06/20/2025,2025,L,26,3,1,4,25.0,0,1,0.0,1,2,50.0,1,1,2,5,0,0,1,5,0
Tiffany Hayes,GS,GS vs. IND,06/20/2025,2025,W,32,14,4,9,44.4,0,2,0.0,6,6,100.0,0,3,3,5,1,0,1,3,+20
Sonia Citron,WSH,WSH @ ATL,06/20/2025,2025,L,37,17,7,14,50.0,2,7,28.6,1,1,100.0,0,3,3,3,1,0,1,1,+1
Brittney Sykes,WSH,WSH @ ATL,06/20/2025,2025,L,36,21,5,10,50.0,1,1,100.0,10,11,90.9,0,5,5,8,2,1,5,3,+2
Shakira Austin,WSH,WSH @ ATL,06/20/2025,2025,L,32,28,13,17,76.5,0,0,0.0,2,2,100.0,4,6,10,3,3,2,1,5,+16
Makayla Timpson,IND,IND @ GS,06/20/2025,2025,L,0,0,0,0,0.0,0,0,0.0,0,0,0.0,0,0,0,0,0,0,0,0,0
Damiris Dantas,IND,IND @ GS,06/20/2025,2025,L,8,3,1,4,25.0,1,3,33.3,0,0,0.0,0,0,0,0,0,0,0,2,-7
Sydney Colson,IND,IND @ GS,06/20/2025,2025,L,13,5,2,3,66.7,1,2,50.0,0,0,0.0,0,1,1,2,1,0,1,2,-14
Sophie Cunningham,IND,IND @ GS,06/20/2025,2025,L,24,9,3,7,42.9,3,7,42.9,0,0,0.0,1,5,6,1,0,0,0,0,-14
Kayla Thornton,GS,GS vs. IND,06/20/2025,2025,W,20,16,5,11,45.5,5,8,62.5,1,4,25.0,2,4,6,0,1,0,1,4,+3
Veronica Burton,GS,GS vs. IND,06/20/2025,2025,W,32,11,2,11,18.2,1,6,16.7,6,6,100.0,0,5,5,3,0,1,0,0,+10
Chloe Bibby,GS,GS vs. IND,06/20/2025,2025,W,24,12,4,9,44.4,2,6,33.3,2,2,100.0,1,2,3,1,1,0,0,1,+25
Tina Charles,CON,CON vs. DAL,06/20/2025,2025,L,29,26,8,17,47.1,0,2,0.0,10,11,90.9,4,2,6,1,1,0,1,2,-2
Li Yueru,DAL,DAL @ CON,06/20/2025,2025,W,24,11,2,5,40.0,1,1,100.0,6,6,100.0,5,4,9,3,1,0,0,2,-5
Arike Ogunbowale,DAL,DAL @ CON,06/20/2025,2025,W,34,7,2,9,22.2,1,4,25.0,2,2,100.0,0,2,2,1,1,0,3,4,-5
Aneesah Morrow,CON,CON vs. DAL,06/20/2025,2025,L,19,10,3,6,50.0,0,0,0.0,4,5,80.0,3,4,7,3,0,1,0,4,-1
Saniya Rivers,CON,CON vs. DAL,06/20/2025,2025,L,28,8,3,10,30.0,2,4,50.0,0,2,0.0,3,1,4,2,3,2,3,5,0
Jacy Sheldon,CON,CON vs. DAL,06/20/2025,2025,L,24,10,4,4,100.0,2,2,100.0,0,0,0.0,0,1,1,2,0,0,0,5,-1
Marina Mabrey,CON,CON vs. DAL,06/20/2025,2025,L,29,8,2,10,20.0,1,6,16.7,3,4,75.0,0,3,3,6,0,1,2,2,-7
DiJonai Carrington,DAL,DAL @ CON,06/20/2025,2025,W,24,5,2,9,22.2,0,3,0.0,1,4,25.0,7,2,9,1,2,1,2,2,-1
Kaila Charles,DAL,DAL @ CON,06/20/2025,2025,W,14,9,4,8,50.0,1,3,33.3,0,1,0.0,1,0,1,1,0,0,1,2,0
Paige Bueckers,DAL,DAL @ CON,06/20/2025,2025,W,37,21,7,16,43.8,1,4,25.0,6,7,85.7,0,2,2,7,2,0,4,1,+7
Satou Sabally,PHX,PHX @ NY,06/19/2025,2025,W,28,15,4,18,22.2,0,8,0.0,7,9,77.8,1,8,9,0,1,0,4,3,0
Alyssa Thomas,PHX,PHX @ NY,06/19/2025,2025,W,27,18,6,10,60.0,0,0,0.0,6,9,66.7,6,9,15,7,2,0,1,2,+12
Monique Akoa Makani,PHX,PHX @ NY,06/19/2025,2025,W,28,21,8,12,66.7,0,4,0.0,5,5,100.0,1,0,1,6,0,0,2,3,+6
Sabrina Ionescu,NY,NY vs. PHX,06/19/2025,2025,L,35,16,3,16,18.8,1,10,10.0,9,9,100.0,1,5,6,6,3,0,5,1,-10
Sami Whitcomb,PHX,PHX @ NY,06/19/2025,2025,W,30,16,5,12,41.7,4,9,44.4,2,2,100.0,0,5,5,5,0,0,2,2,+8
Kitija Laksa,PHX,PHX @ NY,06/19/2025,2025,W,28,13,5,11,45.5,3,6,50.0,0,0,0.0,1,0,1,1,1,0,0,1,+17
Breanna Stewart,NY,NY vs. PHX,06/19/2025,2025,L,37,35,11,17,64.7,3,4,75.0,10,11,90.9,0,3,3,2,3,0,6,1,-2
Natasha Cloud,NY,NY vs. PHX,06/19/2025,2025,L,33,8,3,8,37.5,2,5,40.0,0,0,0.0,1,2,3,10,0,0,0,5,-2
Kennedy Burke,NY,NY vs. PHX,06/19/2025,2025,L,22,6,2,3,66.7,2,2,100.0,0,0,0.0,1,1,2,1,1,0,2,5,-5
Marine Johannes,NY,NY vs. PHX,06/19/2025,2025,L,22,6,3,8,37.5,0,5,0.0,0,0,0.0,0,2,2,0,1,1,0,2,-5
Ariel Atkins,CHI,CHI vs. WSH,06/18/2025,2025,L,34,10,4,9,44.4,0,1,0.0,2,2,100.0,0,2,2,7,2,4,2,2,-7
Kamilla Cardoso,CHI,CHI vs. WSH,06/18/2025,2025,L,29,18,8,13,61.5,0,0,0.0,2,5,40.0,6,4,10,1,1,1,2,2,+5
Brittney Sykes,WSH,WSH @ CHI,06/18/2025,2025,W,36,32,13,24,54.2,4,5,80.0,2,3,66.7,2,0,2,5,3,0,3,3,+13
Michaela Onyenwere,CHI,CHI vs. WSH,06/18/2025,2025,L,11,6,3,5,60.0,0,1,0.0,0,0,0.0,0,1,1,0,0,0,2,5,-10
Rachel Banham,CHI,CHI vs. WSH,06/18/2025,2025,L,15,0,0,3,0.0,0,2,0.0,0,0,0.0,1,0,1,1,3,0,0,4,-4
Kiah Stokes,LV,LV @ MIN,06/18/2025,2025,L,30,7,3,7,42.9,1,2,50.0,0,0,0.0,1,7,8,1,0,1,0,4,-3
Chelsea Gray,LV,LV @ MIN,06/18/2025,2025,L,33,9,2,9,22.2,0,4,0.0,5,7,71.4,1,1,2,6,2,0,3,2,-11
Jewell Loyd,LV,LV @ MIN,06/18/2025,2025,L,34,12,4,12,33.3,4,8,50.0,0,0,0.0,2,6,8,3,0,1,3,3,-7
Angel Reese,CHI,CHI vs. WSH,06/18/2025,2025,L,35,17,7,13,53.8,0,1,0.0,3,4,75.0,2,8,10,5,1,1,7,4,-7
Jackie Young,LV,LV @ MIN,06/18/2025,2025,L,31,9,3,13,23.1,1,3,33.3,2,2,100.0,1,2,3,6,0,0,4,5,-2
Jade Melbourne,WSH,WSH @ CHI,06/18/2025,2025,W,24,2,1,7,14.3,0,2,0.0,0,0,0.0,2,2,4,2,1,0,2,1,-8
Sonia Citron,WSH,WSH @ CHI,06/18/2025,2025,W,36,13,4,9,44.4,1,3,33.3,4,5,80.0,1,8,9,3,3,0,2,2,+21
Monique Billings,GS,GS @ DAL,06/18/2025,2025,L,34,18,7,13,53.8,2,3,66.7,2,6,33.3,1,7,8,0,1,2,1,1,-7
Shakira Austin,WSH,WSH @ CHI,06/18/2025,2025,W,27,9,4,8,50.0,0,1,0.0,1,2,50.0,2,7,9,2,2,4,4,0,+23
Bridget Carleton,MIN,MIN vs. LV,06/18/2025,2025,W,34,7,2,6,33.3,1,4,25.0,2,2,100.0,2,4,6,4,1,0,1,1,+13
Veronica Burton,GS,GS @ DAL,06/18/2025,2025,L,27,4,1,8,12.5,1,4,25.0,1,2,50.0,0,3,3,5,1,1,2,5,0
Stephanie Talbot,GS,GS @ DAL,06/18/2025,2025,L,21,0,0,3,0.0,0,2,0.0,0,0,0.0,0,2,2,4,1,0,1,2,+6
Kiki Iriafen,WSH,WSH @ CHI,06/18/2025,2025,W,27,8,3,8,37.5,0,0,0.0,2,4,50.0,3,3,6,1,1,0,4,4,+12
DiJonai Carrington,DAL,DAL vs. GS,06/18/2025,2025,W,22,8,1,9,11.1,1,5,20.0,5,6,83.3,3,1,4,4,2,0,3,2,+16
Kaila Charles,DAL,DAL vs. GS,06/18/2025,2025,W,24,10,2,6,33.3,1,2,50.0,5,6,83.3,4,1,5,4,3,1,0,4,+21
Paige Bueckers,DAL,DAL vs. GS,06/18/2025,2025,W,39,20,9,18,50.0,0,5,0.0,2,2,100.0,0,4,4,2,4,2,3,3,+11
Arike Ogunbowale,DAL,DAL vs. GS,06/18/2025,2025,W,36,19,7,19,36.8,3,8,37.5,2,2,100.0,1,4,5,6,3,1,1,3,+6
Myisha Hines-Allen,DAL,DAL vs. GS,06/18/2025,2025,W,28,9,4,6,66.7,0,1,0.0,1,3,33.3,2,4,6,2,0,2,2,1,-1
Tiffany Hayes,GS,GS @ DAL,06/18/2025,2025,L,22,10,3,10,30.0,2,4,50.0,2,2,100.0,1,1,2,1,0,0,1,0,-19
Kierstan Bell,LV,LV @ MIN,06/18/2025,2025,L,12,5,2,5,40.0,1,2,50.0,0,0,0.0,0,3,3,0,1,0,1,1,-4
Kayla Thornton,GS,GS @ DAL,06/18/2025,2025,L,35,17,5,11,45.5,2,6,33.3,5,6,83.3,0,5,5,0,1,1,4,3,-3
Alanna Smith,MIN,MIN vs. LV,06/18/2025,2025,W,31,10,4,8,50.0,0,2,0.0,2,4,50.0,7,6,13,3,0,2,3,4,+11
Saniya Rivers,CON,CON vs. PHX,06/18/2025,2025,L,23,7,2,7,28.6,0,2,0.0,3,4,75.0,1,0,1,3,1,0,1,3,+2
Emma Cannon,LA,LA vs. SEA,06/18/2025,2025,L,16,2,1,2,50.0,0,0,0.0,0,0,0.0,2,6,8,1,0,0,1,1,-20
Sarah Ashlee Barker,LA,LA vs. SEA,06/18/2025,2025,L,34,12,4,11,36.4,4,5,80.0,0,0,0.0,1,6,7,1,0,0,2,2,-31
Shey Peddy,LA,LA vs. SEA,06/18/2025,2025,L,24,6,1,2,50.0,1,1,100.0,3,4,75.0,0,4,4,3,0,0,3,3,-5
Zia Cooke,SEA,SEA @ LA,06/18/2025,2025,W,14,5,2,7,28.6,1,3,33.3,0,0,0.0,1,0,1,2,1,0,1,1,+4
Lexie Brown,SEA,SEA @ LA,06/18/2025,2025,W,21,3,1,6,16.7,1,6,16.7,0,0,0.0,0,2,2,1,1,0,1,4,+11
Dominique Malonga,SEA,SEA @ LA,06/18/2025,2025,W,13,7,3,7,42.9,0,1,0.0,1,2,50.0,1,2,3,1,1,0,1,2,0
Mackenzie Holmes,SEA,SEA @ LA,06/18/2025,2025,W,5,0,0,1,0.0,0,0,0.0,0,0,0.0,0,1,1,0,0,0,0,0,+1
Kayla McBride,MIN,MIN vs. LV,06/18/2025,2025,W,36,8,3,12,25.0,0,5,0.0,2,2,100.0,1,0,1,2,2,0,0,1,+10
Liatu King,LA,LA vs. SEA,06/18/2025,2025,L,10,6,1,2,50.0,0,1,0.0,4,4,100.0,0,0,0,1,0,0,0,0,+1
Erica Wheeler,SEA,SEA @ LA,06/18/2025,2025,W,28,15,6,11,54.5,3,5,60.0,0,0,0.0,0,3,3,2,1,0,2,3,+9
Sania Feagin,LA,LA vs. SEA,06/18/2025,2025,L,11,0,0,4,0.0,0,2,0.0,0,0,0.0,0,1,1,1,0,3,2,2,-14
Aneesah Morrow,CON,CON vs. PHX,06/18/2025,2025,L,23,16,5,11,45.5,0,1,0.0,6,8,75.0,3,6,9,1,3,0,2,2,+3
Olivia Nelson-Ododa,CON,CON vs. PHX,06/18/2025,2025,L,23,10,4,6,66.7,0,0,0.0,2,4,50.0,4,10,14,1,0,3,1,2,-8
Courtney Williams,MIN,MIN vs. LV,06/18/2025,2025,W,32,20,8,23,34.8,2,5,40.0,2,4,50.0,1,3,4,5,3,2,1,1,+4
Bria Hartley,CON,CON vs. PHX,06/18/2025,2025,L,19,9,2,6,33.3,2,4,50.0,3,4,75.0,1,0,1,2,0,0,0,4,-5
Natisha Hiedeman,MIN,MIN vs. LV,06/18/2025,2025,W,25,12,5,12,41.7,0,3,0.0,2,2,100.0,1,5,6,3,0,0,0,1,+21
Alyssa Thomas,PHX,PHX @ CON,06/18/2025,2025,W,31,14,5,10,50.0,0,0,0.0,4,6,66.7,3,5,8,11,1,0,5,3,+4
Kathryn Westbeld,PHX,PHX @ CON,06/18/2025,2025,W,23,4,1,4,25.0,0,3,0.0,2,2,100.0,1,3,4,2,1,1,0,1,+14
Satou Sabally,PHX,PHX @ CON,06/18/2025,2025,W,29,12,3,11,27.3,1,5,20.0,5,6,83.3,4,11,15,1,1,1,1,2,+14
Kitija Laksa,PHX,PHX @ CON,06/18/2025,2025,W,23,11,4,10,40.0,2,6,33.3,1,1,100.0,0,2,2,0,0,1,1,1,-14
Lexi Held,PHX,PHX @ CON,06/18/2025,2025,W,20,14,5,6,83.3,2,2,100.0,2,2,100.0,1,1,2,0,2,0,2,0,+5
Marina Mabrey,CON,CON vs. PHX,06/18/2025,2025,L,37,8,2,11,18.2,1,5,20.0,3,3,100.0,0,2,2,7,0,2,2,3,-9
Marine Johannes,NY,NY vs. ATL,06/17/2025,2025,W,19,2,1,5,20.0,0,3,0.0,0,0,0.0,2,4,6,2,0,0,3,1,+23
Sabrina Ionescu,NY,NY vs. ATL,06/17/2025,2025,W,38,34,12,20,60.0,4,8,50.0,6,8,75.0,2,5,7,5,3,0,3,0,+11
Jonquel Jones,NY,NY vs. ATL,06/17/2025,2025,W,25,10,4,10,40.0,2,4,50.0,0,0,0.0,4,6,10,2,1,0,0,1,+8
Breanna Stewart,NY,NY vs. ATL,06/17/2025,2025,W,36,23,8,18,44.4,1,3,33.3,6,7,85.7,1,5,6,4,0,1,2,3,-2
Te-Hina Paopao,ATL,ATL @ NY,06/17/2025,2025,L,15,16,6,8,75.0,4,5,80.0,0,0,0.0,0,1,1,1,2,0,1,4,+3
Rhyne Howard,ATL,ATL @ NY,06/17/2025,2025,L,39,13,3,14,21.4,2,7,28.6,5,5,100.0,2,5,7,9,3,3,4,2,-2
Allisha Gray,ATL,ATL @ NY,06/17/2025,2025,L,36,14,5,12,41.7,2,4,50.0,2,2,100.0,1,4,5,5,0,0,0,3,+1
Brionna Jones,ATL,ATL @ NY,06/17/2025,2025,L,27,13,5,7,71.4,1,2,50.0,2,2,100.0,1,2,3,3,0,1,2,3,-4
Brittney Griner,ATL,ATL @ NY,06/17/2025,2025,L,23,9,4,7,57.1,1,1,100.0,0,0,0.0,1,1,2,0,0,2,1,2,0
Natasha Cloud,NY,NY vs. ATL,06/17/2025,2025,W,29,7,2,7,28.6,0,1,0.0,3,3,100.0,0,1,1,5,1,0,1,3,-4
Olivia Nelson-Ododa,CON,CON @ IND,06/17/2025,2025,L,17,14,6,8,75.0,0,0,0.0,2,2,100.0,5,3,8,0,0,0,2,3,-9
Sydney Colson,IND,IND vs. CON,06/17/2025,2025,W,16,0,0,2,0.0,0,2,0.0,0,0,0.0,1,0,1,1,1,0,3,2,-8
Rayah Marshall,CON,CON @ IND,06/17/2025,2025,L,1,1,0,1,0.0,0,0,0.0,1,2,50.0,0,0,0,0,0,0,0,0,+1
Jaelyn Brown,CON,CON @ IND,06/17/2025,2025,L,18,13,5,7,71.4,2,2,100.0,1,2,50.0,0,1,1,0,1,1,0,2,+3
Saniya Rivers,CON,CON @ IND,06/17/2025,2025,L,20,7,3,6,50.0,1,3,33.3,0,0,0.0,0,3,3,5,0,1,0,4,-6
Lexie Hull,IND,IND vs. CON,06/17/2025,2025,W,31,8,2,5,40.0,2,3,66.7,2,2,100.0,0,3,3,2,0,0,0,3,+29
Brianna Turner,IND,IND vs. CON,06/17/2025,2025,W,2,0,0,0,0.0,0,0,0.0,0,0,0.0,0,0,0,0,0,0,0,0,-2
Makayla Timpson,IND,IND vs. CON,06/17/2025,2025,W,2,0,0,0,0.0,0,0,0.0,0,0,0.0,0,1,1,0,0,0,0,0,-2
Damiris Dantas,IND,IND vs. CON,06/17/2025,2025,W,16,13,4,9,44.4,2,5,40.0,3,4,75.0,0,2,2,2,0,0,3,3,-3
Haley Peters,CON,CON @ IND,06/17/2025,2025,L,25,4,1,4,25.0,0,3,0.0,2,2,100.0,0,1,1,1,1,1,2,2,+4
Veronica Burton,GS,GS vs. SEA,06/15/2025,2025,W,34,8,2,8,25.0,0,1,0.0,4,4,100.0,0,2,2,9,4,1,5,1,+1
Carla Leite,GS,GS vs. SEA,06/15/2025,2025,W,32,14,6,10,60.0,0,2,0.0,2,2,100.0,0,0,0,3,1,0,4,2,+15
Gabby Williams,SEA,SEA @ GS,06/15/2025,2025,L,32,9,3,8,37.5,1,5,20.0,2,2,100.0,0,3,3,4,4,0,2,3,-9
Ezi Magbegor,SEA,SEA @ GS,06/15/2025,2025,L,31,10,5,8,62.5,0,0,0.0,0,0,0.0,2,4,6,2,2,2,0,0,0
Skylar Diggins,SEA,SEA @ GS,06/15/2025,2025,L,35,21,7,16,43.8,3,7,42.9,4,5,80.0,0,0,0,3,2,1,2,2,-1
Erica Wheeler,SEA,SEA @ GS,06/15/2025,2025,L,27,6,3,11,27.3,0,4,0.0,0,0,0.0,0,2,2,5,1,0,4,2,-8
Alysha Clark,SEA,SEA @ GS,06/15/2025,2025,L,24,11,4,6,66.7,3,5,60.0,0,0,0.0,0,3,3,1,1,0,1,3,+8
Kayla Thornton,GS,GS vs. SEA,06/15/2025,2025,W,36,22,7,14,50.0,3,9,33.3,5,6,83.3,2,10,12,1,0,0,3,4,-2
Stephanie Talbot,GS,GS vs. SEA,06/15/2025,2025,W,25,4,2,3,66.7,0,1,0.0,0,0,0.0,1,3,4,5,1,0,3,3,+9
Temi Fagbenle,GS,GS vs. SEA,06/15/2025,2025,W,27,16,8,14,57.1,0,2,0.0,0,0,0.0,2,5,7,2,0,0,0,3,+3
Aaliyah Nye,LV,LV vs. PHX,06/15/2025,2025,L,15,2,0,3,0.0,0,1,0.0,2,2,100.0,0,1,1,2,0,1,0,3,-1
Jackie Young,LV,LV vs. PHX,06/15/2025,2025,L,32,15,4,14,28.6,2,5,40.0,5,5,100.0,2,1,3,5,0,1,2,2,-4
Jewell Loyd,LV,LV vs. PHX,06/15/2025,2025,L,32,17,6,11,54.5,3,8,37.5,2,2,100.0,2,4,6,2,1,0,1,1,-5
Chelsea Gray,LV,LV vs. PHX,06/15/2025,2025,L,38,20,8,17,47.1,1,6,16.7,3,3,100.0,1,9,10,4,1,1,5,2,-4
Kiah Stokes,LV,LV vs. PHX,06/15/2025,2025,L,29,0,0,5,0.0,0,2,0.0,0,0,0.0,5,9,14,1,2,0,3,3,-2
Naz Hillmon,ATL,ATL @ WSH,06/15/2025,2025,W,26,10,4,7,57.1,2,4,50.0,0,0,0.0,1,10,11,5,1,0,1,2,+23
Sami Whitcomb,PHX,PHX @ LV,06/15/2025,2025,W,23,18,7,14,50.0,4,8,50.0,0,0,0.0,1,1,2,0,0,0,0,1,+4
Monique Akoa Makani,PHX,PHX @ LV,06/15/2025,2025,W,21,0,0,3,0.0,0,0,0.0,0,0,0.0,2,2,4,1,1,0,0,3,+1
Satou Sabally,PHX,PHX @ LV,06/15/2025,2025,W,30,22,6,15,40.0,3,8,37.5,7,7,100.0,2,7,9,3,1,1,1,2,+4
Lexi Held,PHX,PHX @ LV,06/15/2025,2025,W,23,3,1,7,14.3,1,5,20.0,0,0,0.0,0,1,1,2,1,1,0,1,+7
Alyssa Thomas,PHX,PHX @ LV,06/15/2025,2025,W,29,14,7,11,63.6,0,0,0.0,0,0,0.0,3,3,6,13,2,1,7,3,+5
Taylor Thierry,ATL,ATL @ WSH,06/15/2025,2025,W,3,3,1,2,50.0,1,1,100.0,0,0,0.0,0,1,1,0,0,0,0,0,+1
Kamilla Cardoso,CHI,CHI @ CON,06/15/2025,2025,W,25,10,3,8,37.5,0,0,0.0,4,4,100.0,1,6,7,1,0,0,2,4,+4
Shatori Walker-Kimbrough,ATL,ATL @ WSH,06/15/2025,2025,W,10,0,0,2,0.0,0,1,0.0,0,0,0.0,0,0,0,2,0,0,1,0,+8
Jacy Sheldon,CON,CON vs. CHI,06/15/2025,2025,L,29,12,4,5,80.0,2,2,100.0,2,2,100.0,3,1,4,2,3,0,0,2,-1
Bria Hartley,CON,CON vs. CHI,06/15/2025,2025,L,30,6,3,10,30.0,0,3,0.0,0,0,0.0,1,2,3,5,2,0,1,4,-1
Olivia Nelson-Ododa,CON,CON vs. CHI,06/15/2025,2025,L,26,5,2,6,33.3,0,0,0.0,1,4,25.0,1,9,10,0,1,2,2,3,-6
Tina Charles,CON,CON vs. CHI,06/15/2025,2025,L,36,19,8,20,40.0,1,2,50.0,2,2,100.0,1,5,6,1,1,0,1,4,-8
Hailey Van Lith,CHI,CHI @ CON,06/15/2025,2025,W,24,16,6,8,75.0,1,2,50.0,3,4,75.0,2,3,5,1,0,1,1,2,+23
Michaela Onyenwere,CHI,CHI @ CON,06/15/2025,2025,W,16,7,3,5,60.0,0,1,0.0,1,1,100.0,0,0,0,0,0,0,0,1,+13
Ariel Atkins,CHI,CHI @ CON,06/15/2025,2025,W,31,10,4,11,36.4,2,4,50.0,0,0,0.0,0,5,5,4,2,1,6,1,+4
Marina Mabrey,CON,CON vs. CHI,06/15/2025,2025,L,39,22,7,17,41.2,5,12,41.7,3,4,75.0,2,3,5,4,0,0,6,1,-10
Angel Reese,CHI,CHI @ CON,06/15/2025,2025,W,36,11,2,7,28.6,0,2,0.0,7,7,100.0,3,10,13,11,3,2,2,4,+8
Sika Kone,WSH,WSH vs. ATL,06/15/2025,2025,L,4,0,0,1,0.0,0,0,0.0,0,0,0.0,0,1,1,0,0,0,0,0,-2
Aaliyah Edwards,WSH,WSH vs. ATL,06/15/2025,2025,L,17,5,1,7,14.3,0,1,0.0,3,4,75.0,1,2,3,0,1,0,2,2,-1
Emily Engstler,WSH,WSH vs. ATL,06/15/2025,2025,L,17,2,1,3,33.3,0,1,0.0,0,0,0.0,2,3,5,2,1,0,0,0,-13
Sug Sutton,WSH,WSH vs. ATL,06/15/2025,2025,L,20,2,1,3,33.3,0,2,0.0,0,0,0.0,0,1,1,4,0,0,0,1,-15
Te-Hina Paopao,ATL,ATL @ WSH,06/15/2025,2025,W,17,16,6,8,75.0,4,6,66.7,0,0,0.0,0,1,1,5,0,0,0,1,+23
Maya Caldwell,ATL,ATL @ WSH,06/15/2025,2025,W,9,3,1,3,33.3,0,2,0.0,1,2,50.0,1,1,2,1,0,0,1,3,0
Lucy Olsen,WSH,WSH vs. ATL,06/15/2025,2025,L,5,2,1,2,50.0,0,1,0.0,0,0,0.0,0,1,1,0,0,0,1,0,-1
Liatu King,LA,LA @ MIN,06/14/2025,2025,L,16,3,0,3,0.0,0,1,0.0,3,4,75.0,1,1,2,0,0,0,3,2,-8
Natisha Hiedeman,MIN,MIN vs. LA,06/14/2025,2025,W,25,14,6,11,54.5,2,6,33.3,0,0,0.0,0,0,0,5,1,0,0,2,+2
Jaylyn Sherrod,NY,NY @ IND,06/14/2025,2025,L,0,0,0,0,0.0,0,0,0.0,0,0,0.0,0,0,0,0,0,0,0,0,0
Karlie Samuelson,MIN,MIN vs. LA,06/14/2025,2025,W,20,0,0,3,0.0,0,1,0.0,0,0,0.0,0,0,0,4,2,1,1,1,+9
Anastasiia Olairi Kosu,MIN,MIN vs. LA,06/14/2025,2025,W,3,3,1,1,100.0,0,0,0.0,1,2,50.0,0,0,0,1,0,0,0,0,+3
Diamond Miller,MIN,MIN vs. LA,06/14/2025,2025,W,13,3,1,4,25.0,1,2,50.0,0,0,0.0,0,3,3,2,0,0,1,2,-8
Maria Kliundikova,MIN,MIN vs. LA,06/14/2025,2025,W,14,11,5,6,83.3,0,0,0.0,1,2,50.0,3,2,5,1,2,3,0,1,+3
Shey Peddy,LA,LA @ MIN,06/14/2025,2025,L,7,3,1,2,50.0,0,0,0.0,1,1,100.0,1,0,1,2,0,0,0,1,-7
Sophie Cunningham,IND,IND vs. NY,06/14/2025,2025,W,25,5,2,4,50.0,1,2,50.0,0,0,0.0,1,3,4,0,1,0,1,5,+31
Sania Feagin,LA,LA @ MIN,06/14/2025,2025,L,3,2,1,2,50.0,0,0,0.0,0,0,0.0,0,1,1,0,0,0,0,0,-3
Sarah Ashlee Barker,LA,LA @ MIN,06/14/2025,2025,L,28,4,1,2,50.0,0,0,0.0,2,4,50.0,1,3,4,2,1,0,5,1,-24
Azura Stevens,LA,LA @ MIN,06/14/2025,2025,L,18,4,1,3,33.3,0,1,0.0,2,2,100.0,3,3,6,1,0,0,4,1,-22
Sydney Colson,IND,IND vs. NY,06/14/2025,2025,W,20,10,3,4,75.0,2,3,66.7,2,2,100.0,0,1,1,6,1,0,0,2,+8
Damiris Dantas,IND,IND vs. NY,06/14/2025,2025,W,10,5,2,4,50.0,1,2,50.0,0,0,0.0,3,1,4,1,0,0,0,0,+4
Makayla Timpson,IND,IND vs. NY,06/14/2025,2025,W,0,0,0,0,0.0,0,0,0.0,0,0,0.0,0,0,0,0,0,0,0,0,0
Brianna Turner,IND,IND vs. NY,06/14/2025,2025,W,0,0,0,0,0.0,0,0,0.0,0,0,0.0,0,0,0,0,0,0,0,0,0
Nyara Sabally,NY,NY @ IND,06/14/2025,2025,L,31,10,5,12,41.7,0,3,0.0,0,0,0.0,4,5,9,1,4,2,2,4,+3
Natasha Cloud,NY,NY @ IND,06/14/2025,2025,L,31,5,1,8,12.5,0,4,0.0,3,4,75.0,1,5,6,5,1,0,2,4,-19
Arike Ogunbowale,DAL,DAL @ LV,06/14/2025,2025,L,38,26,9,17,52.9,3,8,37.5,5,5,100.0,0,4,4,8,2,0,4,3,0
Paige Bueckers,DAL,DAL @ LV,06/14/2025,2025,L,38,16,7,19,36.8,0,2,0.0,2,2,100.0,0,2,2,5,2,0,2,4,-6
Aziaha James,DAL,DAL @ LV,06/14/2025,2025,L,21,3,1,5,20.0,1,3,33.3,0,0,0.0,4,1,5,2,0,0,2,2,-11
Myisha Hines-Allen,DAL,DAL @ LV,06/14/2025,2025,L,27,6,2,3,66.7,0,0,0.0,2,2,100.0,0,5,5,2,3,0,1,1,+5
Aaliyah Nye,LV,LV vs. DAL,06/14/2025,2025,W,22,5,2,6,33.3,1,3,33.3,0,0,0.0,0,4,4,0,1,0,1,3,+18
Jackie Young,LV,LV vs. DAL,06/14/2025,2025,W,33,28,7,16,43.8,3,8,37.5,11,11,100.0,3,2,5,3,3,1,6,1,+10
Jewell Loyd,LV,LV vs. DAL,06/14/2025,2025,W,28,21,7,13,53.8,5,8,62.5,2,2,100.0,1,2,3,2,1,0,3,1,-6
Chelsea Gray,LV,LV vs. DAL,06/14/2025,2025,W,28,13,3,8,37.5,0,3,0.0,7,7,100.0,2,2,4,5,3,0,3,2,-1
Kiah Stokes,LV,LV vs. DAL,06/14/2025,2025,W,33,6,3,5,60.0,0,2,0.0,0,0,0.0,1,7,8,2,1,2,1,3,+7
Isabelle Harrison,NY,NY @ IND,06/14/2025,2025,L,8,2,1,2,50.0,0,0,0.0,0,0,0.0,2,2,4,1,0,0,0,0,-14
Kennedy Burke,NY,NY @ IND,06/14/2025,2025,L,25,3,1,5,20.0,0,3,0.0,1,3,33.3,1,2,3,3,0,2,0,1,-11
Luisa Geiselsoder,DAL,DAL @ LV,06/14/2025,2025,L,26,13,6,6,100.0,1,1,100.0,0,0,0.0,0,3,3,2,1,2,1,3,+2
Maya Caldwell,ATL,ATL vs. CHI,06/13/2025,2025,W,8,2,1,2,50.0,0,1,0.0,0,0,0.0,1,3,4,2,1,0,0,0,+3
Rachel Banham,CHI,CHI @ ATL,06/13/2025,2025,L,23,9,3,8,37.5,3,6,50.0,0,0,0.0,2,2,4,3,0,0,1,0,+2
Hailey Van Lith,CHI,CHI @ ATL,06/13/2025,2025,L,4,4,2,3,66.7,0,0,0.0,0,0,0.0,0,0,0,1,0,0,0,0,-1
Nia Coffey,ATL,ATL vs. CHI,06/13/2025,2025,W,12,3,1,5,20.0,1,5,20.0,0,0,0.0,0,1,1,1,1,0,1,0,-2
Taylor Thierry,ATL,ATL vs. CHI,06/13/2025,2025,W,1,0,0,0,0.0,0,0,0.0,0,0,0.0,0,0,0,0,0,0,0,0,-2
Shatori Walker-Kimbrough,ATL,ATL vs. CHI,06/13/2025,2025,W,2,0,0,0,0.0,0,0,0.0,0,0,0.0,0,0,0,0,0,0,0,0,-2
Elizabeth Williams,CHI,CHI @ ATL,06/13/2025,2025,L,15,8,4,8,50.0,0,0,0.0,0,0,0.0,1,4,5,0,2,1,1,0,+6
Te-Hina Paopao,ATL,ATL vs. CHI,06/13/2025,2025,W,5,0,0,2,0.0,0,2,0.0,0,0,0.0,0,0,0,0,0,0,1,1,-3
Maddy Westbeld,CHI,CHI @ ATL,06/13/2025,2025,L,4,0,0,0,0.0,0,0,0.0,0,0,0.0,0,1,1,0,0,0,0,1,-1
Rebecca Allen,CHI,CHI @ ATL,06/13/2025,2025,L,29,6,2,8,25.0,2,7,28.6,0,0,0.0,0,4,4,4,0,0,0,1,-9
Erica Wheeler,SEA,SEA vs. MIN,06/12/2025,2025,W,31,20,7,13,53.8,3,5,60.0,3,5,60.0,0,2,2,9,1,0,2,2,+4
Skylar Diggins,SEA,SEA vs. MIN,06/12/2025,2025,W,35,18,6,14,42.9,2,5,40.0,4,5,80.0,0,1,1,6,1,0,2,4,+16
Ezi Magbegor,SEA,SEA vs. MIN,06/12/2025,2025,W,31,13,6,8,75.0,0,0,0.0,1,2,50.0,3,5,8,1,0,3,0,4,+11
Gabby Williams,SEA,SEA vs. MIN,06/12/2025,2025,W,37,12,6,12,50.0,0,3,0.0,0,0,0.0,1,7,8,7,4,0,2,0,+17
Nneka Ogwumike,SEA,SEA vs. MIN,06/12/2025,2025,W,32,21,9,14,64.3,2,4,50.0,1,3,33.3,3,7,10,4,2,0,2,1,+16
Kayla McBride,MIN,MIN @ SEA,06/12/2025,2025,L,37,19,7,15,46.7,5,11,45.5,0,0,0.0,1,3,4,6,1,0,3,2,-5
Napheesa Collier,MIN,MIN @ SEA,06/12/2025,2025,L,38,25,9,23,39.1,1,4,25.0,6,6,100.0,2,7,9,5,0,3,0,1,-9
Alanna Smith,MIN,MIN @ SEA,06/12/2025,2025,L,37,14,6,10,60.0,1,3,33.3,1,1,100.0,1,5,6,1,1,0,2,3,-16
Bridget Carleton,MIN,MIN @ SEA,06/12/2025,2025,L,35,11,4,6,66.7,3,4,75.0,0,0,0.0,1,0,1,1,1,1,3,5,-15
Natisha Hiedeman,MIN,MIN @ SEA,06/12/2025,2025,L,22,7,3,5,60.0,1,1,100.0,0,0,0.0,0,1,1,5,0,0,1,3,-4
Rickea Jackson,LA,LA @ LV,06/12/2025,2025,W,33,30,11,17,64.7,4,8,50.0,4,5,80.0,1,6,7,1,0,0,3,3,-1
Dearica Hamby,LA,LA @ LV,06/12/2025,2025,W,33,19,7,11,63.6,1,2,50.0,4,7,57.1,0,8,8,7,2,0,2,3,+8
Arike Ogunbowale,DAL,DAL @ PHX,06/12/2025,2025,L,35,10,2,10,20.0,0,4,0.0,6,6,100.0,0,2,2,4,1,0,4,5,-15
Azura Stevens,LA,LA @ LV,06/12/2025,2025,W,33,19,7,14,50.0,1,3,33.3,4,4,100.0,3,7,10,1,1,0,1,4,-3
Lexi Held,PHX,PHX vs. DAL,06/12/2025,2025,W,20,11,3,8,37.5,2,6,33.3,3,4,75.0,0,0,0,1,0,0,3,2,+10
Kitija Laksa,PHX,PHX vs. DAL,06/12/2025,2025,W,27,14,5,8,62.5,4,7,57.1,0,0,0.0,0,1,1,1,0,1,0,3,+7
Monique Akoa Makani,PHX,PHX vs. DAL,06/12/2025,2025,W,23,9,3,5,60.0,3,3,100.0,0,0,0.0,1,1,2,3,0,0,0,4,+8
Satou Sabally,PHX,PHX vs. DAL,06/12/2025,2025,W,26,20,7,15,46.7,4,10,40.0,2,3,66.7,1,8,9,2,1,0,2,5,+2
Kathryn Westbeld,PHX,PHX vs. DAL,06/12/2025,2025,W,25,11,5,10,50.0,1,5,20.0,0,0,0.0,0,2,2,2,3,1,1,1,+23
Maddy Siegrist,DAL,DAL @ PHX,06/12/2025,2025,L,15,3,1,5,20.0,0,1,0.0,1,2,50.0,1,2,3,0,0,0,0,1,-5
Paige Bueckers,DAL,DAL @ PHX,06/12/2025,2025,L,37,35,13,19,68.4,5,7,71.4,4,5,80.0,0,6,6,4,1,1,2,2,-12
Aziaha James,DAL,DAL @ PHX,06/12/2025,2025,L,1,0,0,1,0.0,0,1,0.0,0,0,0.0,0,0,0,0,0,0,0,0,-2
Myisha Hines-Allen,DAL,DAL @ PHX,06/12/2025,2025,L,18,3,1,2,50.0,0,0,0.0,1,2,50.0,1,1,2,3,0,0,2,2,+6
Chelsea Gray,LV,LV vs. LA,06/12/2025,2025,L,36,28,7,13,53.8,6,11,54.5,8,9,88.9,0,1,1,1,2,0,5,4,-5
Aaliyah Nye,LV,LV vs. LA,06/12/2025,2025,L,21,0,0,4,0.0,0,4,0.0,0,0,0.0,2,1,3,0,0,0,0,3,-7
Kelsey Plum,LA,LA @ LV,06/12/2025,2025,W,37,13,2,7,28.6,0,4,0.0,9,9,100.0,0,4,4,9,1,1,4,3,+2
Kiah Stokes,LV,LV vs. LA,06/12/2025,2025,L,30,4,2,3,66.7,0,1,0.0,0,0,0.0,2,5,7,1,0,0,0,2,+2
Odyssey Sims,LA,LA @ LV,06/12/2025,2025,W,22,0,0,2,0.0,0,0,0.0,0,0,0.0,0,4,4,4,0,0,0,3,+1
Jewell Loyd,LV,LV vs. LA,06/12/2025,2025,L,25,7,3,9,33.3,1,4,25.0,0,0,0.0,0,0,0,1,1,0,1,4,-2
Jackie Young,LV,LV vs. LA,06/12/2025,2025,L,37,34,12,24,50.0,2,10,20.0,8,9,88.9,3,5,8,4,3,0,1,3,+5
Marquesha Davis,NY,NY vs. CHI,06/11/2025,2025,W,3,2,0,0,0.0,0,0,0.0,2,2,100.0,0,0,0,0,0,0,0,0,-5
Michaela Onyenwere,CHI,CHI @ NY,06/11/2025,2025,L,8,8,3,3,100.0,2,2,100.0,0,0,0.0,0,1,1,1,0,0,1,1,+15
Maddy Westbeld,CHI,CHI @ NY,06/11/2025,2025,L,7,2,1,4,25.0,0,1,0.0,0,0,0.0,0,1,1,0,1,0,2,0,-9
Elizabeth Williams,CHI,CHI @ NY,06/11/2025,2025,L,21,4,2,7,28.6,0,0,0.0,0,0,0.0,1,3,4,4,0,2,3,2,-17
Hailey Van Lith,CHI,CHI @ NY,06/11/2025,2025,L,16,5,1,5,20.0,1,3,33.3,2,2,100.0,0,0,0,2,1,0,2,0,-10
Rachel Banham,CHI,CHI @ NY,06/11/2025,2025,L,27,3,1,6,16.7,1,5,20.0,0,0,0.0,0,1,1,5,0,0,0,3,-4
Isabelle Harrison,NY,NY vs. CHI,06/11/2025,2025,W,16,0,0,3,0.0,0,1,0.0,0,0,0.0,1,4,5,1,0,0,0,0,0
Kennedy Burke,NY,NY vs. CHI,06/11/2025,2025,W,22,15,6,8,75.0,3,3,100.0,0,0,0.0,0,3,3,2,2,0,3,1,+12
Jaylyn Sherrod,NY,NY vs. CHI,06/11/2025,2025,W,10,0,0,3,0.0,0,1,0.0,0,0,0.0,1,1,2,2,2,0,2,3,-9
Leonie Fiebich,NY,NY vs. CHI,06/11/2025,2025,W,24,6,2,6,33.3,1,4,25.0,1,2,50.0,0,1,1,0,1,0,0,2,+18
Kayla Thornton,GS,GS @ LA,06/10/2025,2025,W,35,18,7,18,38.9,2,8,25.0,2,3,66.7,3,8,11,1,1,0,0,2,-1
Te-Hina Paopao,ATL,ATL vs. IND,06/10/2025,2025,W,7,3,1,2,50.0,1,1,100.0,0,0,0.0,0,2,2,1,0,0,0,3,+3
Janelle Salaun,GS,GS @ LA,06/10/2025,2025,W,39,21,7,11,63.6,3,4,75.0,4,4,100.0,2,6,8,1,0,0,2,5,+17
Lexie Hull,IND,IND @ ATL,06/10/2025,2025,L,32,0,0,5,0.0,0,3,0.0,0,0,0.0,0,5,5,1,2,0,1,5,-13
Brianna Turner,IND,IND @ ATL,06/10/2025,2025,L,1,0,0,0,0.0,0,0,0.0,0,0,0.0,0,1,1,0,0,0,0,0,+1
Makayla Timpson,IND,IND @ ATL,06/10/2025,2025,L,1,0,0,0,0.0,0,0,0.0,0,0,0.0,0,0,0,0,0,0,0,1,+1
Aari McDonald,IND,IND @ ATL,06/10/2025,2025,L,24,14,3,6,50.0,2,5,40.0,6,8,75.0,0,1,1,2,0,0,3,1,-8
Nia Coffey,ATL,ATL vs. IND,06/10/2025,2025,W,20,10,3,8,37.5,3,7,42.9,1,2,50.0,1,6,7,1,1,0,3,1,+12
Taylor Thierry,ATL,ATL vs. IND,06/10/2025,2025,W,1,0,0,0,0.0,0,0,0.0,0,0,0.0,0,0,0,0,0,0,0,0,-1
Shatori Walker-Kimbrough,ATL,ATL vs. IND,06/10/2025,2025,W,6,0,0,0,0.0,0,0,0.0,0,0,0.0,1,0,1,0,0,0,1,2,+2
Maya Caldwell,ATL,ATL vs. IND,06/10/2025,2025,W,4,2,1,2,50.0,0,1,0.0,0,0,0.0,0,1,1,0,1,0,0,0,-3
Sydney Colson,IND,IND @ ATL,06/10/2025,2025,L,25,3,1,4,25.0,1,3,33.3,0,0,0.0,0,1,1,1,0,0,2,0,-12
Odyssey Sims,LA,LA vs. GS,06/10/2025,2025,L,31,5,2,7,28.6,0,3,0.0,1,2,50.0,0,3,3,2,2,0,2,1,-15
Rickea Jackson,LA,LA vs. GS,06/10/2025,2025,L,35,8,4,10,40.0,0,3,0.0,0,0,0.0,0,2,2,1,0,0,3,3,-3
Azura Stevens,LA,LA vs. GS,06/10/2025,2025,L,34,6,1,7,14.3,0,3,0.0,4,6,66.7,2,6,8,4,3,3,1,2,-22
Dearica Hamby,LA,LA vs. GS,06/10/2025,2025,L,39,20,7,16,43.8,0,2,0.0,6,9,66.7,3,6,9,5,0,1,2,3,+2
Carla Leite,GS,GS @ LA,06/10/2025,2025,W,26,15,6,16,37.5,0,7,0.0,3,3,100.0,2,3,5,3,1,0,1,4,+11
Veronica Burton,GS,GS @ LA,06/10/2025,2025,W,32,9,1,5,20.0,0,2,0.0,7,8,87.5,0,2,2,6,0,0,2,5,+3
Temi Fagbenle,GS,GS @ LA,06/10/2025,2025,W,28,14,5,12,41.7,0,4,0.0,4,5,80.0,8,5,13,1,4,4,5,3,+14
Julie Allemand,LA,LA vs. GS,06/10/2025,2025,L,19,3,1,4,25.0,1,4,25.0,0,0,0.0,1,3,4,3,2,0,0,1,+3
JJ Quinerly,DAL,DAL vs. MIN,06/08/2025,2025,L,19,6,2,8,25.0,0,1,0.0,2,3,66.7,0,2,2,2,1,0,1,4,-2
Alissa Pili,MIN,MIN @ DAL,06/08/2025,2025,W,1,0,0,0,0.0,0,0,0.0,0,0,0.0,0,0,0,0,0,0,0,0,+1
Maria Kliundikova,MIN,MIN @ DAL,06/08/2025,2025,W,3,1,0,0,0.0,0,0,0.0,1,2,50.0,1,1,2,0,0,1,0,2,-1
Diamond Miller,MIN,MIN @ DAL,06/08/2025,2025,W,3,0,0,1,0.0,0,0,0.0,0,0,0.0,0,0,0,0,0,0,1,1,-1
DiJonai Carrington,DAL,DAL vs. MIN,06/08/2025,2025,L,28,6,2,9,22.2,0,3,0.0,2,3,66.7,4,3,7,1,0,0,4,3,-22
Anastasiia Olairi Kosu,MIN,MIN @ DAL,06/08/2025,2025,W,1,0,0,2,0.0,0,0,0.0,0,0,0.0,0,0,0,0,0,1,0,0,+1
Luisa Geiselsoder,DAL,DAL vs. MIN,06/08/2025,2025,L,34,5,2,7,28.6,1,4,25.0,0,0,0.0,1,2,3,1,1,1,0,1,-13
Arike Ogunbowale,DAL,DAL vs. MIN,06/08/2025,2025,L,40,26,6,20,30.0,6,11,54.5,8,9,88.9,1,4,5,6,0,2,6,2,-16
Hailey Van Lith,CHI,CHI vs. IND,06/08/2025,2025,L,26,7,2,5,40.0,0,0,0.0,3,3,100.0,0,2,2,0,1,1,3,1,-26
Jessica Shepard,MIN,MIN @ DAL,06/08/2025,2025,W,9,5,2,3,66.7,0,0,0.0,1,2,50.0,3,3,6,1,1,0,0,1,-13
Michaela Onyenwere,CHI,CHI vs. IND,06/08/2025,2025,L,14,0,0,2,0.0,0,1,0.0,0,0,0.0,0,1,1,0,1,0,4,2,+3
Rachel Banham,CHI,CHI vs. IND,06/08/2025,2025,L,21,4,2,8,25.0,0,4,0.0,0,0,0.0,0,0,0,2,0,0,1,3,-7
Elizabeth Williams,CHI,CHI vs. IND,06/08/2025,2025,L,19,7,2,4,50.0,0,0,0.0,3,6,50.0,2,1,3,1,0,1,0,2,-19
Maddy Westbeld,CHI,CHI vs. IND,06/08/2025,2025,L,6,5,1,2,50.0,1,2,50.0,2,2,100.0,0,1,1,0,1,0,0,0,+1
Aari McDonald,IND,IND @ CHI,06/08/2025,2025,W,25,12,4,8,50.0,3,6,50.0,1,1,100.0,0,2,2,2,3,1,1,2,+19
Damiris Dantas,IND,IND @ CHI,06/08/2025,2025,W,15,3,0,3,0.0,0,2,0.0,3,4,75.0,1,2,3,1,0,0,0,3,+12
Makayla Timpson,IND,IND @ CHI,06/08/2025,2025,W,3,0,0,0,0.0,0,0,0.0,0,0,0.0,0,0,0,0,0,0,0,1,+6
Brianna Turner,IND,IND @ CHI,06/08/2025,2025,W,6,2,1,2,50.0,0,0,0.0,0,0,0.0,1,1,2,1,0,0,1,0,-1
Sydney Colson,IND,IND @ CHI,06/08/2025,2025,W,25,6,2,5,40.0,2,4,50.0,0,0,0.0,0,1,1,3,1,0,2,1,+6
Maddy Siegrist,DAL,DAL vs. MIN,06/08/2025,2025,L,26,15,5,11,45.5,1,3,33.3,4,4,100.0,4,7,11,2,1,0,0,2,-7
Kathryn Westbeld,PHX,PHX vs. SEA,06/08/2025,2025,L,23,4,2,5,40.0,0,2,0.0,0,0,0.0,1,0,1,2,0,1,0,3,-9
Nneka Ogwumike,SEA,SEA @ PHX,06/08/2025,2025,W,29,13,5,13,38.5,1,2,50.0,2,3,66.7,3,3,6,6,1,0,2,1,+13
Saniya Rivers,CON,CON @ WSH,06/08/2025,2025,L,22,2,1,6,16.7,0,2,0.0,0,0,0.0,0,0,0,2,2,1,3,3,-34
Lucy Olsen,WSH,WSH vs. CON,06/08/2025,2025,W,11,5,1,1,100.0,1,1,100.0,2,2,100.0,0,1,1,3,0,0,0,2,+24
Sika Kone,WSH,WSH vs. CON,06/08/2025,2025,W,4,4,1,2,50.0,0,0,0.0,2,2,100.0,2,2,4,0,0,0,0,1,+11
Emily Engstler,WSH,WSH vs. CON,06/08/2025,2025,W,18,2,1,3,33.3,0,1,0.0,0,1,0.0,2,7,9,2,1,0,1,3,+11
Sug Sutton,WSH,WSH vs. CON,06/08/2025,2025,W,20,10,4,7,57.1,2,4,50.0,0,2,0.0,0,1,1,4,2,0,3,1,+18
Jacy Sheldon,CON,CON @ WSH,06/08/2025,2025,L,24,15,6,8,75.0,3,5,60.0,0,0,0.0,0,1,1,1,1,1,0,3,-20
Jaelyn Brown,CON,CON @ WSH,06/08/2025,2025,L,21,8,3,7,42.9,2,4,50.0,0,0,0.0,0,2,2,0,0,0,1,5,-14
Kariata Diaby,CON,CON @ WSH,06/08/2025,2025,L,15,2,0,0,0.0,0,0,0.0,2,3,66.7,0,2,2,1,1,0,2,1,-8
Aneesah Morrow,CON,CON @ WSH,06/08/2025,2025,L,17,2,1,4,25.0,0,1,0.0,0,0,0.0,0,0,0,1,1,1,2,3,-17
Aaliyah Edwards,WSH,WSH vs. CON,06/08/2025,2025,W,20,13,5,8,62.5,0,1,0.0,3,5,60.0,5,2,7,1,1,0,0,0,+19
Lexi Held,PHX,PHX vs. SEA,06/08/2025,2025,L,28,14,5,13,38.5,2,8,25.0,2,2,100.0,1,2,3,3,2,0,2,0,-6
Sami Whitcomb,PHX,PHX vs. SEA,06/08/2025,2025,L,26,7,3,4,75.0,1,2,50.0,0,0,0.0,1,4,5,2,0,0,1,0,-6
Satou Sabally,PHX,PHX vs. SEA,06/08/2025,2025,L,30,22,7,20,35.0,2,7,28.6,6,6,100.0,1,4,5,6,0,0,4,4,-8
Gabby Williams,SEA,SEA @ PHX,06/08/2025,2025,W,35,21,8,10,80.0,5,6,83.3,0,0,0.0,1,2,3,7,0,1,0,0,+18
Erica Wheeler,SEA,SEA @ PHX,06/08/2025,2025,W,23,9,4,8,50.0,1,2,50.0,0,0,0.0,1,5,6,1,1,0,1,5,+13
Skylar Diggins,SEA,SEA @ PHX,06/08/2025,2025,W,35,26,8,18,44.4,4,8,50.0,6,7,85.7,1,2,3,7,2,0,3,2,+17
Ezi Magbegor,SEA,SEA @ PHX,06/08/2025,2025,W,25,4,2,5,40.0,0,0,0.0,0,2,0.0,3,5,8,1,0,3,1,3,+17
Kitija Laksa,PHX,PHX vs. SEA,06/08/2025,2025,L,31,9,3,6,50.0,3,5,60.0,0,0,0.0,0,1,1,1,0,0,0,0,-23
Luisa Geiselsoder,DAL,DAL vs. LA,06/07/2025,2025,L,32,11,5,9,55.6,1,3,33.3,0,0,0.0,4,6,10,6,2,1,0,3,-3
Dana Evans,LV,LV @ GS,06/07/2025,2025,L,18,7,2,7,28.6,1,1,100.0,2,4,50.0,1,0,1,0,0,0,0,0,-11
Tiffany Mitchell,LV,LV @ GS,06/07/2025,2025,L,17,5,2,4,50.0,0,2,0.0,1,2,50.0,0,1,1,1,1,0,1,4,-10
Elizabeth Kitley,LV,LV @ GS,06/07/2025,2025,L,8,0,0,0,0.0,0,0,0.0,0,0,0.0,0,1,1,0,0,0,0,0,-6
JJ Quinerly,DAL,DAL vs. LA,06/07/2025,2025,L,16,14,5,10,50.0,1,3,33.3,3,3,100.0,0,2,2,4,1,0,0,2,+1
Aziaha James,DAL,DAL vs. LA,06/07/2025,2025,L,11,5,2,5,40.0,1,3,33.3,0,0,0.0,0,2,2,0,0,0,0,0,+7
Kaila Charles,DAL,DAL vs. LA,06/07/2025,2025,L,31,10,3,9,33.3,2,4,50.0,2,2,100.0,2,4,6,1,0,2,1,0,+2
Sania Feagin,LA,LA @ DAL,06/07/2025,2025,W,3,0,0,1,0.0,0,1,0.0,0,0,0.0,0,0,0,0,0,0,1,1,-8
Maddy Siegrist,DAL,DAL vs. LA,06/07/2025,2025,L,20,4,2,4,50.0,0,1,0.0,0,0,0.0,1,1,2,1,1,0,1,4,-14
Sarah Ashlee Barker,LA,LA @ DAL,06/07/2025,2025,W,15,4,1,2,50.0,0,1,0.0,2,2,100.0,0,3,3,2,1,0,0,0,+2
Liatu King,LA,LA @ DAL,06/07/2025,2025,W,3,0,0,1,0.0,0,0,0.0,0,0,0.0,0,1,1,0,0,0,0,1,-8
Emma Cannon,LA,LA @ DAL,06/07/2025,2025,W,10,4,1,2,50.0,0,1,0.0,2,2,100.0,1,0,1,0,1,0,1,3,-2
Rickea Jackson,LA,LA @ DAL,06/07/2025,2025,W,26,10,4,8,50.0,0,1,0.0,2,2,100.0,0,2,2,2,2,1,4,0,+2
Stephanie Talbot,GS,GS vs. LV,06/07/2025,2025,W,1,0,0,0,0.0,0,0,0.0,0,0,0.0,0,0,0,0,0,0,0,0,0
Aaliyah Nye,LV,LV @ GS,06/07/2025,2025,L,26,13,4,9,44.4,3,8,37.5,2,2,100.0,0,2,2,1,1,0,2,3,-14
Kierstan Bell,LV,LV @ GS,06/07/2025,2025,L,7,0,0,2,0.0,0,2,0.0,0,0,0.0,0,1,1,1,0,0,0,0,-2
Kyara Linskens,GS,GS vs. LV,06/07/2025,2025,W,1,2,1,1,100.0,0,0,0.0,0,0,0.0,0,2,2,0,0,0,0,0,0
Kate Martin,GS,GS vs. LV,06/07/2025,2025,W,26,12,5,11,45.5,2,7,28.6,0,0,0.0,0,7,7,1,0,0,1,2,+30
Carla Leite,GS,GS vs. LV,06/07/2025,2025,W,1,0,0,0,0.0,0,0,0.0,0,0,0.0,0,0,0,0,0,0,0,0,0
Julie Vanloo,GS,GS vs. LV,06/07/2025,2025,W,13,2,1,4,25.0,0,2,0.0,0,0,0.0,0,1,1,5,1,0,4,2,-5
Kayla Thornton,GS,GS @ PHX,06/06/2025,2025,L,32,10,4,13,30.8,1,7,14.3,1,3,33.3,1,2,3,1,1,0,3,1,-1
Aneesah Morrow,CON,CON vs. ATL,06/06/2025,2025,W,13,3,1,2,50.0,0,0,0.0,1,2,50.0,0,2,2,1,0,0,0,2,+12
Saniya Rivers,CON,CON vs. ATL,06/06/2025,2025,W,24,9,4,9,44.4,0,2,0.0,1,2,50.0,2,3,5,2,3,2,2,1,+8
Bria Hartley,CON,CON vs. ATL,06/06/2025,2025,W,26,11,5,11,45.5,0,2,0.0,1,1,100.0,0,4,4,6,0,0,2,2,+15
Tina Charles,CON,CON vs. ATL,06/06/2025,2025,W,33,19,8,13,61.5,0,1,0.0,3,4,75.0,0,4,4,2,2,0,3,3,+10
Maya Caldwell,ATL,ATL @ CON,06/06/2025,2025,L,14,3,1,4,25.0,1,3,33.3,0,0,0.0,0,0,0,0,0,2,1,3,+4
Naz Hillmon,ATL,ATL @ CON,06/06/2025,2025,L,23,14,4,6,66.7,2,3,66.7,4,5,80.0,0,3,3,2,0,0,1,2,+1
Nia Coffey,ATL,ATL @ CON,06/06/2025,2025,L,10,3,1,2,50.0,1,2,50.0,0,0,0.0,0,1,1,0,0,0,0,2,-2
Rhyne Howard,ATL,ATL @ CON,06/06/2025,2025,L,36,18,6,16,37.5,3,10,30.0,3,5,60.0,1,3,4,6,1,2,4,3,-11
Allisha Gray,ATL,ATL @ CON,06/06/2025,2025,L,38,11,5,13,38.5,1,3,33.3,0,0,0.0,2,4,6,4,3,0,3,1,-5
Marina Mabrey,CON,CON vs. ATL,06/06/2025,2025,W,33,34,13,22,59.1,3,8,37.5,5,6,83.3,0,4,4,4,0,1,1,2,+8
Cecilia Zandalasini,GS,GS @ PHX,06/06/2025,2025,L,30,10,4,8,50.0,2,4,50.0,0,0,0.0,1,4,5,1,4,1,1,5,-18
Satou Sabally,PHX,PHX vs. GS,06/06/2025,2025,W,25,19,6,13,46.2,1,2,50.0,6,9,66.7,2,5,7,5,1,1,4,5,+18
Janelle Salaun,GS,GS @ PHX,06/06/2025,2025,L,22,9,4,6,66.7,1,2,50.0,0,0,0.0,0,0,0,1,0,0,2,2,-5
Monique Akoa Makani,PHX,PHX vs. GS,06/06/2025,2025,W,17,4,1,3,33.3,0,1,0.0,2,2,100.0,0,1,1,2,1,0,3,1,-5
Kitija Laksa,PHX,PHX vs. GS,06/06/2025,2025,W,26,6,2,5,40.0,2,4,50.0,0,2,0.0,2,2,4,0,1,0,1,1,+14
Lexi Held,PHX,PHX vs. GS,06/06/2025,2025,W,27,24,7,15,46.7,4,9,44.4,6,6,100.0,0,0,0,2,1,0,2,2,+18
Kathryn Westbeld,PHX,PHX vs. GS,06/06/2025,2025,W,30,7,3,7,42.9,1,2,50.0,0,0,0.0,1,6,7,2,2,2,2,1,+3
Stephanie Talbot,GS,GS @ PHX,06/06/2025,2025,L,12,2,1,3,33.3,0,2,0.0,0,0,0.0,0,3,3,3,0,0,3,1,+7
Temi Fagbenle,GS,GS @ PHX,06/06/2025,2025,L,28,12,5,12,41.7,1,3,33.3,1,2,50.0,5,6,11,1,2,2,1,1,-13
Jade Melbourne,WSH,WSH vs. NY,06/05/2025,2025,L,27,15,6,8,75.0,2,3,66.7,1,2,50.0,1,1,2,4,1,0,1,1,+1
Natasha Cloud,NY,NY @ WSH,06/05/2025,2025,W,30,4,1,4,25.0,0,2,0.0,2,2,100.0,0,2,2,5,3,0,4,5,+10
Sabrina Ionescu,NY,NY @ WSH,06/05/2025,2025,W,35,13,3,17,17.6,2,10,20.0,5,5,100.0,0,3,3,7,2,2,3,1,+5
Isabelle Harrison,NY,NY @ WSH,06/05/2025,2025,W,15,7,3,7,42.9,0,1,0.0,1,2,50.0,3,2,5,0,2,0,0,5,+1
Kiki Iriafen,WSH,WSH vs. NY,06/05/2025,2025,L,18,17,6,13,46.2,0,0,0.0,5,6,83.3,6,3,9,1,0,0,0,5,-2
Brittney Sykes,WSH,WSH vs. NY,06/05/2025,2025,L,32,7,2,9,22.2,1,2,50.0,2,6,33.3,1,1,2,5,0,0,3,4,-2
Sonia Citron,WSH,WSH vs. NY,06/05/2025,2025,L,35,13,4,8,50.0,2,4,50.0,3,4,75.0,0,5,5,3,1,0,2,4,-2
Shakira Austin,WSH,WSH vs. NY,06/05/2025,2025,L,23,9,3,11,27.3,0,2,0.0,3,4,75.0,3,8,11,4,1,0,1,4,-9
Leonie Fiebich,NY,NY @ WSH,06/05/2025,2025,W,31,9,3,5,60.0,2,4,50.0,1,2,50.0,1,2,3,0,1,0,3,4,+13
Breanna Stewart,NY,NY @ WSH,06/05/2025,2025,W,35,26,8,16,50.0,0,3,0.0,10,13,76.9,1,10,11,1,1,1,2,4,+6
Skylar Diggins,SEA,SEA vs. DAL,06/04/2025,2025,W,33,9,3,7,42.9,0,2,0.0,3,4,75.0,0,1,1,5,1,1,5,2,+3
Erica Wheeler,SEA,SEA vs. DAL,06/04/2025,2025,W,24,11,4,8,50.0,0,2,0.0,3,4,75.0,0,5,5,7,1,1,0,3,+18
Ezi Magbegor,SEA,SEA vs. DAL,06/04/2025,2025,W,30,9,4,9,44.4,0,1,0.0,1,3,33.3,2,5,7,3,0,5,0,5,+15
Gabby Williams,SEA,SEA vs. DAL,06/04/2025,2025,W,31,18,6,13,46.2,1,5,20.0,5,6,83.3,0,3,3,4,3,0,1,1,0
Nneka Ogwumike,SEA,SEA vs. DAL,06/04/2025,2025,W,31,14,5,11,45.5,2,2,100.0,2,2,100.0,1,8,9,1,0,2,4,1,+10
DiJonai Carrington,DAL,DAL @ SEA,06/04/2025,2025,L,38,22,9,21,42.9,2,4,50.0,2,2,100.0,1,7,8,4,1,0,3,1,-2
Arike Ogunbowale,DAL,DAL @ SEA,06/04/2025,2025,L,34,8,4,15,26.7,0,3,0.0,0,0,0.0,0,3,3,3,2,0,2,4,0
Maddy Siegrist,DAL,DAL @ SEA,06/04/2025,2025,L,30,11,5,15,33.3,0,4,0.0,1,4,25.0,6,3,9,1,0,1,1,2,-1
Myisha Hines-Allen,DAL,DAL @ SEA,06/04/2025,2025,L,23,16,6,9,66.7,1,1,100.0,3,4,75.0,4,8,12,3,2,0,3,3,-1
Kaila Charles,DAL,DAL @ SEA,06/04/2025,2025,L,13,4,1,5,20.0,0,1,0.0,2,2,100.0,4,0,4,1,0,0,0,1,-4
Murjanatu Musa,PHX,PHX @ MIN,06/04/2025,2025,L,18,3,1,6,16.7,0,1,0.0,1,2,50.0,1,1,2,1,1,0,1,1,-12
Kathryn Westbeld,PHX,PHX @ MIN,06/04/2025,2025,L,21,4,2,8,25.0,0,5,0.0,0,0,0.0,1,2,3,0,0,2,0,2,-11
Kalani Brown,PHX,PHX @ MIN,06/04/2025,2025,L,20,2,1,1,100.0,0,0,0.0,0,0,0.0,0,3,3,1,1,0,1,1,-13
Lexi Held,PHX,PHX @ MIN,06/04/2025,2025,L,29,16,7,14,50.0,2,6,33.3,0,0,0.0,1,0,1,3,3,1,1,1,-17
Haley Jones,PHX,PHX @ MIN,06/04/2025,2025,L,15,2,1,4,25.0,0,1,0.0,0,0,0.0,0,1,1,0,1,0,0,0,-7
Jessica Shepard,MIN,MIN vs. PHX,06/04/2025,2025,W,16,6,1,3,33.3,0,1,0.0,4,4,100.0,0,5,5,2,1,0,2,0,-5
Diamond Miller,MIN,MIN vs. PHX,06/04/2025,2025,W,8,2,1,2,50.0,0,0,0.0,0,0,0.0,0,1,1,0,0,0,0,2,-4
Alissa Pili,MIN,MIN vs. PHX,06/04/2025,2025,W,8,0,0,3,0.0,0,3,0.0,0,0,0.0,0,2,2,0,0,0,0,1,-4
Anastasiia Olairi Kosu,MIN,MIN vs. PHX,06/04/2025,2025,W,3,0,0,1,0.0,0,0,0.0,0,0,0.0,1,0,1,0,0,0,1,0,-2
Natisha Hiedeman,MIN,MIN vs. PHX,06/04/2025,2025,W,24,18,7,10,70.0,2,4,50.0,2,2,100.0,0,3,3,1,0,0,4,1,+14
Natasha Howard,IND,IND vs. WSH,06/03/2025,2025,W,19,6,2,5,40.0,0,1,0.0,2,2,100.0,0,2,2,1,1,0,0,2,+8
Aari McDonald,IND,IND vs. WSH,06/03/2025,2025,W,27,7,2,7,28.6,1,5,20.0,2,4,50.0,0,1,1,5,3,0,0,2,+6
Lexie Hull,IND,IND vs. WSH,06/03/2025,2025,W,36,14,6,9,66.7,2,4,50.0,0,0,0.0,0,6,6,4,1,0,1,3,+19
Kelsey Mitchell,IND,IND vs. WSH,06/03/2025,2025,W,32,24,7,14,50.0,4,7,57.1,6,10,60.0,0,2,2,3,2,0,1,4,+11
Aliyah Boston,IND,IND vs. WSH,06/03/2025,2025,W,29,10,5,5,100.0,0,0,0.0,0,2,0.0,0,1,1,4,0,1,2,4,+2
Sonia Citron,WSH,WSH @ IND,06/03/2025,2025,L,33,13,5,8,62.5,1,3,33.3,2,2,100.0,0,7,7,1,0,1,2,1,-13
Jade Melbourne,WSH,WSH @ IND,06/03/2025,2025,L,26,2,0,5,0.0,0,2,0.0,2,4,50.0,0,2,2,0,0,0,0,4,-9
Brittney Sykes,WSH,WSH @ IND,06/03/2025,2025,L,36,20,7,14,50.0,0,2,0.0,6,8,75.0,1,5,6,4,1,0,4,5,-10
Stefanie Dolson,WSH,WSH @ IND,06/03/2025,2025,L,26,0,0,4,0.0,0,1,0.0,0,0,0.0,0,1,1,0,1,1,0,4,+11
Kiki Iriafen,WSH,WSH @ IND,06/03/2025,2025,L,27,20,9,11,81.8,0,0,0.0,2,2,100.0,1,8,9,0,0,0,3,3,+3
Kayla Thornton,GS,GS vs. MIN,06/02/2025,2025,L,27,11,4,8,50.0,1,3,33.3,2,2,100.0,1,5,6,2,3,0,1,1,-2
Bridget Carleton,MIN,MIN @ GS,06/02/2025,2025,W,34,12,4,9,44.4,2,6,33.3,2,2,100.0,2,0,2,2,1,0,0,0,+13
Napheesa Collier,MIN,MIN @ GS,06/02/2025,2025,W,37,24,8,18,44.4,2,4,50.0,6,7,85.7,2,9,11,4,2,1,3,3,+9
Courtney Williams,MIN,MIN @ GS,06/02/2025,2025,W,26,20,8,16,50.0,3,7,42.9,1,1,100.0,2,3,5,5,2,0,1,2,-10
Natisha Hiedeman,MIN,MIN @ GS,06/02/2025,2025,W,15,8,3,7,42.9,1,2,50.0,1,1,100.0,0,0,0,4,2,0,1,3,+21
Kayla McBride,MIN,MIN @ GS,06/02/2025,2025,W,33,16,6,10,60.0,2,3,66.7,2,3,66.7,0,6,6,3,1,0,2,1,+6
Janelle Salaun,GS,GS vs. MIN,06/02/2025,2025,L,28,5,2,10,20.0,1,7,14.3,0,0,0.0,2,4,6,3,0,0,1,2,+9
Veronica Burton,GS,GS vs. MIN,06/02/2025,2025,L,24,21,7,11,63.6,3,5,60.0,4,5,80.0,2,3,5,3,0,1,4,2,+8
Kate Martin,GS,GS vs. MIN,06/02/2025,2025,L,19,14,4,8,50.0,2,4,50.0,4,5,80.0,0,4,4,0,0,0,2,1,+2
Temi Fagbenle,GS,GS vs. MIN,06/02/2025,2025,L,25,5,1,4,25.0,0,3,0.0,3,4,75.0,0,3,3,1,2,1,0,3,+1
Satou Sabally,PHX,PHX @ LA,06/01/2025,2025,W,32,24,7,19,36.8,2,5,40.0,8,11,72.7,1,8,9,2,4,0,2,4,+7
Aneesah Morrow,CON,CON @ NY,06/01/2025,2025,L,15,8,2,6,33.3,2,5,40.0,2,2,100.0,1,2,3,0,0,0,0,2,0
Haley Peters,CON,CON @ NY,06/01/2025,2025,L,23,2,1,4,25.0,0,2,0.0,0,0,0.0,1,4,5,3,1,0,3,1,-13
Saniya Rivers,CON,CON @ NY,06/01/2025,2025,L,31,2,1,7,14.3,0,5,0.0,0,0,0.0,1,0,1,2,2,0,3,0,-26
Julie Allemand,LA,LA vs. PHX,06/01/2025,2025,L,35,0,0,2,0.0,0,2,0.0,0,0,0.0,2,3,5,6,1,0,4,2,-10
Kelsey Plum,LA,LA vs. PHX,06/01/2025,2025,L,34,15,4,19,21.1,2,10,20.0,5,5,100.0,0,6,6,2,1,0,1,4,-10
Odyssey Sims,LA,LA vs. PHX,06/01/2025,2025,L,37,32,10,14,71.4,3,5,60.0,9,10,90.0,1,4,5,4,1,0,2,4,-8
Azura Stevens,LA,LA vs. PHX,06/01/2025,2025,L,20,5,2,10,20.0,1,7,14.3,0,0,0.0,1,6,7,1,3,0,1,4,-3
Dearica Hamby,LA,LA vs. PHX,06/01/2025,2025,L,29,15,5,10,50.0,0,2,0.0,5,8,62.5,3,5,8,2,0,0,4,3,-6
Monique Akoa Makani,PHX,PHX @ LA,06/01/2025,2025,W,20,10,3,5,60.0,2,4,50.0,2,2,100.0,1,4,5,6,0,0,0,1,+10
Kitija Laksa,PHX,PHX @ LA,06/01/2025,2025,W,29,15,3,5,60.0,2,3,66.7,7,7,100.0,0,2,2,1,1,0,1,3,+2
Sami Whitcomb,PHX,PHX @ LA,06/01/2025,2025,W,28,11,4,10,40.0,3,8,37.5,0,0,0.0,1,5,6,5,1,0,4,2,+5
Jacy Sheldon,CON,CON @ NY,06/01/2025,2025,L,27,10,4,7,57.1,1,4,25.0,1,1,100.0,3,0,3,2,2,0,2,2,-28
Kathryn Westbeld,PHX,PHX @ LA,06/01/2025,2025,W,30,15,5,10,50.0,3,5,60.0,2,2,100.0,0,3,3,2,1,2,2,3,+11
Courtney Vandersloot,CHI,CHI @ DAL,06/01/2025,2025,W,30,15,5,13,38.5,1,5,20.0,4,5,80.0,0,7,7,7,0,0,2,4,+3
Kia Nurse,CHI,CHI @ DAL,06/01/2025,2025,W,29,11,3,7,42.9,2,5,40.0,3,4,75.0,1,0,1,2,0,1,1,4,-2
Ariel Atkins,CHI,CHI @ DAL,06/01/2025,2025,W,26,26,8,14,57.1,4,8,50.0,6,8,75.0,2,2,4,3,4,0,1,5,+5
Rebecca Allen,CHI,CHI @ DAL,06/01/2025,2025,W,24,7,3,7,42.9,0,4,0.0,1,2,50.0,0,4,4,2,1,1,3,0,+19
NaLyssa Smith,DAL,DAL vs. CHI,06/01/2025,2025,L,28,20,6,12,50.0,1,1,100.0,7,10,70.0,3,2,5,1,0,3,1,3,-2
Maddy Siegrist,DAL,DAL vs. CHI,06/01/2025,2025,L,31,11,4,9,44.4,0,2,0.0,3,4,75.0,5,3,8,0,0,2,0,3,-8
Arike Ogunbowale,DAL,DAL vs. CHI,06/01/2025,2025,L,35,15,5,16,31.2,1,5,20.0,4,5,80.0,0,4,4,2,1,0,3,4,-1
Angel Reese,CHI,CHI @ DAL,06/01/2025,2025,W,32,14,4,13,30.8,0,0,0.0,6,6,100.0,4,5,9,2,3,0,4,3,-1
DiJonai Carrington,DAL,DAL vs. CHI,06/01/2025,2025,L,32,16,5,15,33.3,0,2,0.0,6,6,100.0,3,0,3,6,3,1,2,4,-10
Kaila Charles,DAL,DAL vs. CHI,06/01/2025,2025,L,20,11,3,5,60.0,2,3,66.7,3,4,75.0,1,3,4,0,0,0,1,3,-7
Rayah Marshall,CON,CON @ NY,06/01/2025,2025,L,8,1,0,2,0.0,0,0,0.0,1,2,50.0,2,2,4,2,0,0,0,0,+9
Chelsea Gray,LV,LV @ SEA,06/01/2025,2025,W,34,10,3,6,50.0,2,3,66.7,2,2,100.0,0,4,4,6,0,0,6,1,+2
Isabelle Harrison,NY,NY vs. CON,06/01/2025,2025,W,17,9,4,6,66.7,1,1,100.0,0,0,0.0,1,5,6,1,3,0,2,1,+8
Kiah Stokes,LV,LV @ SEA,06/01/2025,2025,W,19,2,1,2,50.0,0,1,0.0,0,0,0.0,1,6,7,0,0,0,0,0,-2
Rebekah Gardner,NY,NY vs. CON,06/01/2025,2025,W,20,3,1,1,100.0,1,1,100.0,0,0,0.0,0,0,0,4,0,1,1,5,+5
Dominique Malonga,SEA,SEA vs. LV,06/01/2025,2025,L,13,8,4,7,57.1,0,1,0.0,0,0,0.0,1,0,1,2,0,0,1,3,+8
Skylar Diggins,SEA,SEA vs. LV,06/01/2025,2025,L,32,11,5,15,33.3,0,3,0.0,1,1,100.0,0,4,4,5,1,0,6,4,+11
Gabby Williams,SEA,SEA vs. LV,06/01/2025,2025,L,33,20,8,16,50.0,4,8,50.0,0,0,0.0,0,4,4,2,1,0,3,0,+6
Nneka Ogwumike,SEA,SEA vs. LV,06/01/2025,2025,L,34,9,4,13,30.8,1,4,25.0,0,0,0.0,1,7,8,2,0,1,1,2,+12
Jackie Young,LV,LV @ SEA,06/01/2025,2025,W,32,12,4,9,44.4,1,4,25.0,3,4,75.0,0,4,4,1,2,0,2,2,-6
Jewell Loyd,LV,LV @ SEA,06/01/2025,2025,W,28,10,3,6,50.0,2,4,50.0,2,3,66.7,1,6,7,4,4,0,2,3,-4
A'ja Wilson,LV,LV @ SEA,06/01/2025,2025,W,35,19,9,22,40.9,1,2,50.0,0,0,0.0,4,3,7,3,3,4,3,2,0
Erica Wheeler,SEA,SEA vs. LV,06/01/2025,2025,L,22,8,3,6,50.0,2,4,50.0,0,0,0.0,1,3,4,4,0,1,5,3,-11
Kennedy Burke,NY,NY vs. CON,06/01/2025,2025,W,18,7,2,7,28.6,1,5,20.0,2,2,100.0,0,1,1,0,0,0,3,0,+1
Marquesha Davis,NY,NY vs. CON,06/01/2025,2025,W,8,2,0,1,0.0,0,1,0.0,2,2,100.0,0,2,2,0,0,0,2,1,-6
Jaylyn Sherrod,NY,NY vs. CON,06/01/2025,2025,W,18,6,2,5,40.0,1,3,33.3,1,3,33.3,0,1,1,0,3,0,2,3,+1
Julie Allemand,LA,LA @ LV,05/31/2025,2025,L,17,6,2,3,66.7,2,3,66.7,0,0,0.0,1,3,4,4,0,0,2,2,+8
Kiah Stokes,LV,LV vs. LA,05/31/2025,2025,W,18,7,2,2,100.0,1,1,100.0,2,2,100.0,1,3,4,1,2,1,0,1,+23
A'ja Wilson,LV,LV vs. LA,05/31/2025,2025,W,36,35,12,18,66.7,1,3,33.3,10,10,100.0,3,10,13,6,3,3,1,1,+23
Lexi Held,PHX,PHX vs. MIN,05/31/2025,2025,L,26,4,2,9,22.2,0,7,0.0,0,0,0.0,2,4,6,1,0,0,1,2,-12
Monique Akoa Makani,PHX,PHX vs. MIN,05/31/2025,2025,L,22,5,2,10,20.0,1,5,20.0,0,0,0.0,1,0,1,4,2,0,3,2,+3
Sami Whitcomb,PHX,PHX vs. MIN,05/31/2025,2025,L,29,13,5,11,45.5,1,5,20.0,2,2,100.0,0,5,5,6,2,0,1,2,-1
Satou Sabally,PHX,PHX vs. MIN,05/31/2025,2025,L,32,26,10,20,50.0,0,4,0.0,6,7,85.7,4,7,11,4,3,1,3,2,+2
Odyssey Sims,LA,LA @ LV,05/31/2025,2025,L,36,15,6,8,75.0,0,2,0.0,3,4,75.0,0,4,4,2,0,0,2,1,-13
Kathryn Westbeld,PHX,PHX vs. MIN,05/31/2025,2025,L,22,3,1,5,20.0,1,2,50.0,0,0,0.0,1,2,3,0,0,1,1,4,-15
Natisha Hiedeman,MIN,MIN @ PHX,05/31/2025,2025,W,22,9,3,6,50.0,1,2,50.0,2,2,100.0,0,5,5,2,1,2,2,0,+12
Courtney Williams,MIN,MIN @ PHX,05/31/2025,2025,W,30,11,5,18,27.8,1,6,16.7,0,0,0.0,1,6,7,7,0,0,4,3,-4
Kayla McBride,MIN,MIN @ PHX,05/31/2025,2025,W,35,20,4,11,36.4,3,7,42.9,9,9,100.0,0,3,3,4,1,0,4,0,+2
Alanna Smith,MIN,MIN @ PHX,05/31/2025,2025,W,34,19,8,15,53.3,2,6,33.3,1,2,50.0,2,2,4,0,0,4,0,3,+2
Bridget Carleton,MIN,MIN @ PHX,05/31/2025,2025,W,18,5,2,7,28.6,1,5,20.0,0,0,0.0,2,3,5,2,1,0,0,0,-9
Jackie Young,LV,LV vs. LA,05/31/2025,2025,W,36,26,11,22,50.0,3,8,37.5,1,2,50.0,0,1,1,3,2,0,2,4,+20
Kelsey Plum,LA,LA @ LV,05/31/2025,2025,L,34,17,6,19,31.6,1,7,14.3,4,4,100.0,0,0,0,3,1,0,5,4,-21
Gabby Williams,SEA,SEA vs. ATL,05/31/2025,2025,L,31,14,6,10,60.0,2,4,50.0,0,0,0.0,0,3,3,1,2,0,7,5,+3
Ezi Magbegor,SEA,SEA vs. ATL,05/31/2025,2025,L,29,8,4,9,44.4,0,1,0.0,0,3,0.0,2,6,8,2,0,1,3,4,+1
Azura Stevens,LA,LA @ LV,05/31/2025,2025,L,29,10,5,11,45.5,0,4,0.0,0,0,0.0,2,8,10,1,1,0,0,4,-20
Dearica Hamby,LA,LA @ LV,05/31/2025,2025,L,33,14,6,13,46.2,0,1,0.0,2,7,28.6,4,6,10,6,2,0,3,4,-16
Chelsea Gray,LV,LV vs. LA,05/31/2025,2025,W,32,15,4,11,36.4,4,7,57.1,3,3,100.0,1,3,4,4,4,2,3,3,+21
Allisha Gray,ATL,ATL @ SEA,05/31/2025,2025,W,38,28,8,15,53.3,3,6,50.0,9,11,81.8,1,3,4,2,0,0,2,3,+4
Maya Caldwell,ATL,ATL @ SEA,05/31/2025,2025,W,14,0,0,5,0.0,0,2,0.0,0,0,0.0,1,4,5,1,1,0,2,0,+2
Rhyne Howard,ATL,ATL @ SEA,05/31/2025,2025,W,36,33,12,24,50.0,4,12,33.3,5,6,83.3,1,5,6,5,2,1,1,5,+1
Nia Coffey,ATL,ATL @ SEA,05/31/2025,2025,W,12,0,0,2,0.0,0,1,0.0,0,2,0.0,0,3,3,2,1,0,2,0,+6
Naz Hillmon,ATL,ATL @ SEA,05/31/2025,2025,W,24,11,4,5,80.0,1,2,50.0,2,2,100.0,6,1,7,2,0,1,1,2,+24
Nneka Ogwumike,SEA,SEA vs. ATL,05/31/2025,2025,L,31,16,7,15,46.7,0,3,0.0,2,2,100.0,1,5,6,4,1,0,1,3,-6
Zia Cooke,SEA,SEA vs. ATL,05/31/2025,2025,L,18,6,2,5,40.0,1,2,50.0,1,1,100.0,1,1,2,2,2,0,0,1,-3
Skylar Diggins,SEA,SEA vs. ATL,05/31/2025,2025,L,33,20,6,10,60.0,0,0,0.0,8,9,88.9,2,2,4,3,1,0,1,3,+3
Jewell Loyd,LV,LV vs. LA,05/31/2025,2025,W,33,3,1,8,12.5,1,2,50.0,0,2,0.0,0,6,6,4,0,0,0,2,+30
Isabelle Harrison,NY,NY @ WSH,05/30/2025,2025,W,9,4,2,3,66.7,0,0,0.0,0,0,0.0,1,2,3,0,0,0,0,3,-2
Rebekah Gardner,NY,NY @ WSH,05/30/2025,2025,W,18,11,4,6,66.7,1,2,50.0,2,2,100.0,1,3,4,0,1,0,0,0,+4
Kennedy Burke,NY,NY @ WSH,05/30/2025,2025,W,17,3,1,4,25.0,1,3,33.3,0,0,0.0,1,1,2,2,0,2,1,2,+3
Angel Reese,CHI,CHI vs. DAL,05/30/2025,2025,W,25,6,2,6,33.3,0,0,0.0,2,4,50.0,4,5,9,5,0,0,2,2,+3
Rebecca Allen,CHI,CHI vs. DAL,05/30/2025,2025,W,23,13,5,11,45.5,3,6,50.0,0,0,0.0,2,2,4,1,1,0,1,0,+16
Ariel Atkins,CHI,CHI vs. DAL,05/30/2025,2025,W,35,17,7,14,50.0,2,5,40.0,1,2,50.0,1,4,5,6,1,0,1,2,+1
Courtney Vandersloot,CHI,CHI vs. DAL,05/30/2025,2025,W,32,13,5,9,55.6,1,1,100.0,2,2,100.0,1,0,1,9,5,0,5,3,-1
Myisha Hines-Allen,DAL,DAL @ CHI,05/30/2025,2025,L,25,10,4,8,50.0,0,3,0.0,2,2,100.0,1,3,4,6,0,0,2,2,-1
Kamilla Cardoso,CHI,CHI vs. DAL,05/30/2025,2025,W,26,23,9,13,69.2,0,0,0.0,5,6,83.3,3,5,8,1,1,0,1,3,+6
Teaira McCowan,DAL,DAL @ CHI,05/30/2025,2025,L,23,6,3,5,60.0,0,0,0.0,0,0,0.0,3,5,8,2,0,2,4,2,-6
Paige Bueckers,DAL,DAL @ CHI,05/30/2025,2025,L,36,15,6,11,54.5,1,2,50.0,2,2,100.0,2,3,5,8,3,3,3,3,+7
DiJonai Carrington,DAL,DAL @ CHI,05/30/2025,2025,L,37,15,6,13,46.2,1,3,33.3,2,2,100.0,1,3,4,0,1,2,4,3,+1
Arike Ogunbowale,DAL,DAL @ CHI,05/30/2025,2025,L,36,37,14,25,56.0,6,12,50.0,3,3,100.0,1,4,5,7,1,0,2,2,0
Marquesha Davis,NY,NY @ WSH,05/30/2025,2025,W,2,0,0,1,0.0,0,1,0.0,0,0,0.0,0,0,0,1,0,0,0,0,+2
Jaylyn Sherrod,NY,NY @ WSH,05/30/2025,2025,W,2,0,0,0,0.0,0,0,0.0,0,0,0.0,0,0,0,0,0,0,1,1,+2
Saniya Rivers,CON,CON @ IND,05/30/2025,2025,W,32,12,3,6,50.0,3,5,60.0,3,4,75.0,0,2,2,6,0,0,0,1,+14
Kiki Iriafen,WSH,WSH vs. NY,05/30/2025,2025,L,25,12,4,14,28.6,0,0,0.0,4,4,100.0,4,3,7,2,2,0,2,0,-1
Tina Charles,CON,CON @ IND,05/30/2025,2025,W,34,18,7,16,43.8,1,1,100.0,3,4,75.0,1,1,2,3,0,0,11,2,+6
Damiris Dantas,IND,IND vs. CON,05/30/2025,2025,L,14,9,3,5,60.0,1,2,50.0,2,2,100.0,0,4,4,0,0,1,1,3,-7
DeWanna Bonner,IND,IND vs. CON,05/30/2025,2025,L,22,13,4,7,57.1,3,5,60.0,2,2,100.0,0,2,2,1,2,0,3,0,-8
Kelsey Mitchell,IND,IND vs. CON,05/30/2025,2025,L,35,13,4,15,26.7,0,4,0.0,5,6,83.3,0,2,2,5,1,0,3,3,+4
Aliyah Boston,IND,IND vs. CON,05/30/2025,2025,L,26,17,8,10,80.0,0,0,0.0,1,2,50.0,2,3,5,8,1,0,1,5,+3
Jacy Sheldon,CON,CON @ IND,05/30/2025,2025,W,16,4,2,3,66.7,0,1,0.0,0,0,0.0,0,0,0,0,1,0,1,3,-1
Bria Hartley,CON,CON @ IND,05/30/2025,2025,W,24,6,2,5,40.0,2,4,50.0,0,0,0.0,0,3,3,3,2,0,0,3,-11
Olivia Nelson-Ododa,CON,CON @ IND,05/30/2025,2025,W,29,8,2,8,25.0,0,0,0.0,4,4,100.0,3,6,9,0,1,1,0,4,-6
Lexie Hull,IND,IND vs. CON,05/30/2025,2025,L,35,12,5,8,62.5,2,2,100.0,0,0,0.0,1,3,4,1,1,1,1,3,0
Sug Sutton,WSH,WSH vs. NY,05/30/2025,2025,L,25,7,2,2,100.0,1,1,100.0,2,2,100.0,0,3,3,3,1,0,1,1,-1
Emily Engstler,WSH,WSH vs. NY,05/30/2025,2025,L,8,4,1,3,33.3,0,2,0.0,2,2,100.0,1,1,2,1,1,0,0,1,-3
Aaliyah Edwards,WSH,WSH vs. NY,05/30/2025,2025,L,17,2,1,7,14.3,0,1,0.0,0,0,0.0,0,5,5,1,0,0,0,2,-27
Lucy Olsen,WSH,WSH vs. NY,05/30/2025,2025,L,13,2,1,3,33.3,0,1,0.0,0,0,0.0,1,2,3,2,1,0,0,0,-1
Sabrina Ionescu,NY,NY vs. GS,05/29/2025,2025,W,36,24,7,21,33.3,6,15,40.0,4,4,100.0,1,5,6,4,1,0,2,2,+4
Stephanie Talbot,GS,GS @ NY,05/29/2025,2025,L,20,9,2,5,40.0,2,3,66.7,3,4,75.0,1,1,2,1,0,0,1,3,-14
Janelle Salaun,GS,GS @ NY,05/29/2025,2025,L,30,18,7,19,36.8,3,8,37.5,1,2,50.0,4,9,13,3,1,0,2,5,0
Monique Billings,GS,GS @ NY,05/29/2025,2025,L,20,10,4,9,44.4,0,2,0.0,2,3,66.7,4,3,7,2,0,0,0,1,0
Kennedy Burke,NY,NY vs. GS,05/29/2025,2025,W,28,11,3,5,60.0,3,4,75.0,2,2,100.0,1,6,7,2,0,1,1,4,+6
Natasha Cloud,NY,NY vs. GS,05/29/2025,2025,W,30,7,2,8,25.0,1,7,14.3,2,2,100.0,0,5,5,5,2,1,1,4,+14
Leonie Fiebich,NY,NY vs. GS,05/29/2025,2025,W,32,3,1,5,20.0,1,3,33.3,0,0,0.0,3,5,8,1,2,0,3,3,+8
Breanna Stewart,NY,NY vs. GS,05/29/2025,2025,W,34,27,6,12,50.0,0,2,0.0,15,19,78.9,2,5,7,4,2,3,3,1,+11
Julie Vanloo,GS,GS @ NY,05/29/2025,2025,L,25,8,3,4,75.0,2,3,66.7,0,1,0.0,0,1,1,8,0,0,3,3,-3
Cecilia Zandalasini,GS,GS @ NY,05/29/2025,2025,L,15,9,3,8,37.5,2,6,33.3,1,2,50.0,0,1,1,2,1,0,0,2,-1
Dearica Hamby,LA,LA vs. ATL,05/28/2025,2025,L,36,28,10,15,66.7,0,1,0.0,8,9,88.9,3,3,6,8,4,0,2,2,-2
Julie Allemand,LA,LA vs. ATL,05/28/2025,2025,L,17,3,1,1,100.0,1,1,100.0,0,0,0.0,0,0,0,2,0,0,1,3,+1
Emma Cannon,LA,LA vs. ATL,05/28/2025,2025,L,12,5,2,2,100.0,1,1,100.0,0,0,0.0,1,1,2,1,2,0,1,1,+8
Sarah Ashlee Barker,LA,LA vs. ATL,05/28/2025,2025,L,20,2,0,2,0.0,0,1,0.0,2,2,100.0,0,1,1,0,1,0,1,1,0
Kelsey Plum,LA,LA vs. ATL,05/28/2025,2025,L,37,27,10,20,50.0,4,9,44.4,3,5,60.0,1,2,3,5,4,0,4,2,-3
Bridget Carleton,MIN,MIN vs. SEA,05/28/2025,2025,W,29,2,1,4,25.0,0,1,0.0,0,0,0.0,0,2,2,1,0,2,0,2,+7
Te-Hina Paopao,ATL,ATL @ LA,05/28/2025,2025,W,6,4,1,2,50.0,0,0,0.0,2,2,100.0,1,1,2,0,0,0,1,1,-2
Taylor Thierry,ATL,ATL @ LA,05/28/2025,2025,W,1,0,0,1,0.0,0,0,0.0,0,0,0.0,0,0,0,0,0,0,0,0,+1
Alanna Smith,MIN,MIN vs. SEA,05/28/2025,2025,W,28,16,7,11,63.6,2,3,66.7,0,1,0.0,1,6,7,3,2,0,0,3,+10
Allisha Gray,ATL,ATL @ LA,05/28/2025,2025,W,36,25,7,8,87.5,2,2,100.0,9,9,100.0,0,5,5,6,1,0,2,2,+2
Nia Coffey,ATL,ATL @ LA,05/28/2025,2025,W,20,7,2,5,40.0,1,4,25.0,2,2,100.0,0,3,3,3,2,1,5,4,+1
Nneka Ogwumike,SEA,SEA @ MIN,05/28/2025,2025,L,32,11,5,14,35.7,0,3,0.0,1,3,33.3,2,6,8,1,2,0,2,2,-5
Gabby Williams,SEA,SEA @ MIN,05/28/2025,2025,L,37,20,8,15,53.3,2,6,33.3,2,3,66.7,0,4,4,6,1,2,1,0,-1
Ezi Magbegor,SEA,SEA @ MIN,05/28/2025,2025,L,33,6,3,10,30.0,0,2,0.0,0,0,0.0,5,5,10,3,0,1,1,3,-10
Skylar Diggins,SEA,SEA @ MIN,05/28/2025,2025,L,26,18,5,11,45.5,2,5,40.0,6,8,75.0,1,2,3,3,2,0,6,1,-11
Courtney Williams,MIN,MIN vs. SEA,05/28/2025,2025,W,33,23,10,18,55.6,1,1,100.0,2,2,100.0,2,3,5,4,1,1,2,2,+11
Kayla McBride,MIN,MIN vs. SEA,05/28/2025,2025,W,31,15,4,8,50.0,3,6,50.0,4,4,100.0,0,1,1,3,2,0,3,0,+10
Napheesa Collier,MIN,MIN vs. SEA,05/28/2025,2025,W,37,16,7,18,38.9,0,3,0.0,2,2,100.0,4,6,10,5,5,2,4,4,+10
Maya Caldwell,ATL,ATL @ LA,05/28/2025,2025,W,25,3,1,6,16.7,1,4,25.0,0,0,0.0,1,1,2,3,1,0,3,4,-8
Alysha Clark,SEA,SEA @ MIN,05/28/2025,2025,L,27,6,3,3,100.0,0,0,0.0,0,0,0.0,0,1,1,1,1,0,0,3,-11
Sydney Colson,IND,IND @ WSH,05/28/2025,2025,L,31,4,2,7,28.6,0,3,0.0,0,0,0.0,2,1,3,3,0,1,3,5,-4
Kiki Iriafen,WSH,WSH vs. IND,05/28/2025,2025,W,23,16,7,13,53.8,0,0,0.0,2,2,100.0,3,5,8,1,1,0,2,4,+4
Kitija Laksa,PHX,PHX vs. CHI,05/28/2025,2025,W,24,18,6,9,66.7,3,6,50.0,3,5,60.0,0,0,0,1,1,0,0,1,+13
Sami Whitcomb,PHX,PHX vs. CHI,05/28/2025,2025,W,20,3,1,8,12.5,1,5,20.0,0,0,0.0,0,0,0,0,0,1,1,0,-13
Satou Sabally,PHX,PHX vs. CHI,05/28/2025,2025,W,33,20,7,21,33.3,2,8,25.0,4,6,66.7,3,5,8,3,2,0,2,4,+5
Kathryn Westbeld,PHX,PHX vs. CHI,05/28/2025,2025,W,27,13,5,10,50.0,3,8,37.5,0,0,0.0,2,3,5,1,1,3,0,3,+10
Alyssa Thomas,PHX,PHX vs. CHI,05/28/2025,2025,W,35,10,4,7,57.1,0,0,0.0,2,4,50.0,0,7,7,15,3,2,1,2,+5
Ariel Atkins,CHI,CHI @ PHX,05/28/2025,2025,L,33,21,7,15,46.7,2,7,28.6,5,6,83.3,0,6,6,2,1,1,3,3,-4
Courtney Vandersloot,CHI,CHI @ PHX,05/28/2025,2025,L,36,15,7,13,53.8,0,4,0.0,1,1,100.0,0,4,4,11,2,0,3,0,-5
Kamilla Cardoso,CHI,CHI @ PHX,05/28/2025,2025,L,27,16,8,14,57.1,0,0,0.0,0,0,0.0,4,5,9,4,0,1,2,4,+7
Angel Reese,CHI,CHI @ PHX,05/28/2025,2025,L,34,13,3,9,33.3,0,0,0.0,7,9,77.8,5,10,15,3,3,2,3,5,-7
Jade Melbourne,WSH,WSH vs. IND,05/28/2025,2025,W,23,3,1,4,25.0,0,1,0.0,1,2,50.0,1,0,1,5,0,0,0,4,+5
Aaliyah Edwards,WSH,WSH vs. IND,05/28/2025,2025,W,20,4,1,5,20.0,0,0,0.0,2,4,50.0,2,2,4,1,1,0,4,4,+9
Sonia Citron,WSH,WSH vs. IND,05/28/2025,2025,W,34,13,5,12,41.7,0,4,0.0,3,3,100.0,1,6,7,1,0,0,0,1,+6
Brittney Sykes,WSH,WSH vs. IND,05/28/2025,2025,W,34,21,6,17,35.3,1,2,50.0,8,10,80.0,2,7,9,4,0,2,7,3,+3
Kia Nurse,CHI,CHI @ PHX,05/28/2025,2025,L,32,14,4,8,50.0,4,7,57.1,2,2,100.0,0,2,2,2,0,0,1,5,-1
Sophie Cunningham,IND,IND @ WSH,05/28/2025,2025,L,20,2,0,3,0.0,0,2,0.0,2,2,100.0,0,3,3,1,1,0,2,5,-5
DeWanna Bonner,IND,IND @ WSH,05/28/2025,2025,L,25,21,5,10,50.0,2,4,50.0,9,9,100.0,0,4,4,1,3,1,2,1,-7
Lexie Hull,IND,IND @ WSH,05/28/2025,2025,L,31,9,3,8,37.5,1,3,33.3,2,3,66.7,0,4,4,2,1,0,1,2,+1
Makayla Timpson,IND,IND @ WSH,05/28/2025,2025,L,0,0,0,0,0.0,0,0,0.0,0,0,0.0,0,1,1,0,0,0,0,0,+4
Kariata Diaby,CON,CON vs. DAL,05/27/2025,2025,L,6,3,0,0,0.0,0,0,0.0,3,4,75.0,0,0,0,0,0,0,0,1,+1
Jaylyn Sherrod,NY,NY vs. GS,05/27/2025,2025,W,3,0,0,1,0.0,0,0,0.0,0,0,0.0,1,1,2,1,0,0,0,0,+3
Marquesha Davis,NY,NY vs. GS,05/27/2025,2025,W,0,0,0,0,0.0,0,0,0.0,0,0,0.0,0,0,0,0,0,0,0,0,0
Maddy Siegrist,DAL,DAL @ CON,05/27/2025,2025,W,23,12,4,9,44.4,2,2,100.0,2,4,50.0,1,2,3,0,0,0,0,1,+24
Luisa Geiselsoder,DAL,DAL @ CON,05/27/2025,2025,W,3,2,1,1,100.0,0,0,0.0,0,0,0.0,0,0,0,0,0,0,0,2,-1
Kaila Charles,DAL,DAL @ CON,05/27/2025,2025,W,16,10,4,6,66.7,0,1,0.0,2,2,100.0,1,3,4,1,0,0,1,3,+9
Aziaha James,DAL,DAL @ CON,05/27/2025,2025,W,9,9,2,3,66.7,2,3,66.7,3,3,100.0,0,1,1,2,0,0,0,1,+13
JJ Quinerly,DAL,DAL @ CON,05/27/2025,2025,W,4,5,2,2,100.0,1,1,100.0,0,0,0.0,0,0,0,0,0,0,1,0,0
Jacy Sheldon,CON,CON vs. DAL,05/27/2025,2025,L,33,6,3,7,42.9,0,2,0.0,0,0,0.0,0,1,1,7,4,0,2,3,-15
Saniya Rivers,CON,CON vs. DAL,05/27/2025,2025,L,22,8,3,9,33.3,0,3,0.0,2,2,100.0,0,2,2,2,0,0,1,4,-6
Aneesah Morrow,CON,CON vs. DAL,05/27/2025,2025,L,8,3,1,3,33.3,0,1,0.0,1,5,20.0,0,0,0,0,0,0,1,2,-3
Rayah Marshall,CON,CON vs. DAL,05/27/2025,2025,L,8,0,0,0,0.0,0,0,0.0,0,0,0.0,1,2,3,0,0,0,2,0,+4
Stephanie Talbot,GS,GS @ NY,05/27/2025,2025,L,24,2,1,2,50.0,0,0,0.0,0,0,0.0,0,6,6,2,0,0,4,1,-15
Rebekah Gardner,NY,NY vs. GS,05/27/2025,2025,W,16,8,4,6,66.7,0,0,0.0,0,0,0.0,1,1,2,1,2,1,0,1,+16
Isabelle Harrison,NY,NY vs. GS,05/27/2025,2025,W,7,4,2,3,66.7,0,1,0.0,0,0,0.0,0,1,1,2,0,0,0,0,+7
Kate Martin,GS,GS @ NY,05/27/2025,2025,L,18,10,3,9,33.3,2,7,28.6,2,4,50.0,0,3,3,0,1,1,1,0,-19
Veronica Burton,GS,GS @ NY,05/27/2025,2025,L,30,13,3,11,27.3,2,7,28.6,5,5,100.0,1,3,4,6,3,0,3,1,-21
Temi Fagbenle,GS,GS @ NY,05/27/2025,2025,L,31,11,5,5,100.0,1,1,100.0,0,1,0.0,2,1,3,4,0,1,2,3,-20
Kennedy Burke,NY,NY vs. GS,05/27/2025,2025,W,22,7,3,6,50.0,0,1,0.0,1,1,100.0,1,4,5,0,1,0,0,2,+5
Kayla Thornton,GS,GS @ NY,05/27/2025,2025,L,28,13,3,10,30.0,2,5,40.0,5,7,71.4,1,5,6,0,4,0,2,2,-15
Sonia Citron,WSH,WSH @ PHX,05/25/2025,2025,L,33,14,5,8,62.5,2,4,50.0,2,2,100.0,0,1,1,4,1,0,6,5,-12
Satou Sabally,PHX,PHX vs. WSH,05/25/2025,2025,W,31,12,4,14,28.6,1,4,25.0,3,3,100.0,2,7,9,2,2,0,4,1,+9
Brittney Sykes,WSH,WSH @ PHX,05/25/2025,2025,L,28,10,1,13,7.7,1,5,20.0,7,8,87.5,0,5,5,5,1,0,3,1,+2
Kathryn Westbeld,PHX,PHX vs. WSH,05/25/2025,2025,W,27,6,2,9,22.2,2,8,25.0,0,0,0.0,2,2,4,1,4,0,0,2,+12
Emily Engstler,WSH,WSH @ PHX,05/25/2025,2025,L,15,6,2,6,33.3,1,3,33.3,1,2,50.0,3,1,4,1,0,1,2,4,+3
Jade Melbourne,WSH,WSH @ PHX,05/25/2025,2025,L,29,6,2,7,28.6,1,5,20.0,1,1,100.0,1,2,3,1,1,0,4,4,-11
Alyssa Thomas,PHX,PHX vs. WSH,05/25/2025,2025,W,34,11,4,10,40.0,0,0,0.0,3,5,60.0,2,6,8,5,1,0,3,5,+14
Kelsey Plum,LA,LA vs. CHI,05/25/2025,2025,W,36,28,9,18,50.0,6,10,60.0,4,4,100.0,0,2,2,8,0,0,3,1,+19
Kiki Iriafen,WSH,WSH @ PHX,05/25/2025,2025,L,26,11,3,4,75.0,0,0,0.0,5,6,83.3,3,10,13,0,0,0,7,3,-10
Dominique Malonga,SEA,SEA vs. LV,05/25/2025,2025,W,12,8,4,7,57.1,0,0,0.0,0,0,0.0,1,4,5,0,0,0,0,2,+1
Julie Allemand,LA,LA vs. CHI,05/25/2025,2025,W,18,4,1,5,20.0,0,3,0.0,2,2,100.0,1,3,4,1,2,0,1,1,-8
Kierstan Bell,LV,LV @ SEA,05/25/2025,2025,L,2,3,1,1,100.0,1,1,100.0,0,0,0.0,0,1,1,1,0,0,0,0,-1
Elizabeth Kitley,LV,LV @ SEA,05/25/2025,2025,L,16,11,5,8,62.5,0,1,0.0,1,2,50.0,3,2,5,0,2,2,0,3,+7
Tiffany Mitchell,LV,LV @ SEA,05/25/2025,2025,L,10,4,1,3,33.3,0,1,0.0,2,3,66.7,1,3,4,2,0,1,0,1,+1
Dana Evans,LV,LV @ SEA,05/25/2025,2025,L,19,6,2,8,25.0,2,4,50.0,0,0,0.0,0,0,0,2,0,0,2,0,-6
Aaliyah Nye,LV,LV @ SEA,05/25/2025,2025,L,18,7,2,2,100.0,2,2,100.0,1,2,50.0,0,0,0,1,0,0,0,2,+3
Li Yueru,SEA,SEA vs. LV,05/25/2025,2025,W,4,2,1,1,100.0,0,0,0.0,0,0,0.0,0,1,1,0,0,0,0,2,+2
Monique Akoa Makani,PHX,PHX vs. WSH,05/25/2025,2025,W,22,13,4,8,50.0,3,6,50.0,2,2,100.0,0,1,1,2,3,0,1,3,+10
Zia Cooke,SEA,SEA vs. LV,05/25/2025,2025,W,11,5,1,3,33.3,0,1,0.0,3,4,75.0,1,1,2,2,0,0,1,1,-1
Sami Whitcomb,PHX,PHX vs. WSH,05/25/2025,2025,W,29,5,1,7,14.3,1,7,14.3,2,2,100.0,1,1,2,4,2,0,1,4,+10
Shatori Walker-Kimbrough,ATL,ATL vs. CON,05/25/2025,2025,W,15,5,2,4,50.0,1,2,50.0,0,0,0.0,0,4,4,1,0,1,1,0,+16
Odyssey Sims,LA,LA vs. CHI,05/25/2025,2025,W,27,12,4,6,66.7,2,4,50.0,2,4,50.0,0,1,1,3,2,0,0,0,+17
Marina Mabrey,CON,CON @ ATL,05/25/2025,2025,L,34,12,4,14,28.6,2,7,28.6,2,2,100.0,1,9,10,4,0,0,1,5,-17
Erica Wheeler,SEA,SEA vs. LV,05/25/2025,2025,W,30,21,8,11,72.7,3,5,60.0,2,2,100.0,0,3,3,7,2,1,1,0,+17
Taylor Thierry,ATL,ATL vs. CON,05/25/2025,2025,W,3,0,0,1,0.0,0,1,0.0,0,0,0.0,0,0,0,0,0,0,0,1,+5
Naz Hillmon,ATL,ATL vs. CON,05/25/2025,2025,W,29,7,3,6,50.0,1,3,33.3,0,0,0.0,1,8,9,3,0,2,1,1,+27
Maya Caldwell,ATL,ATL vs. CON,05/25/2025,2025,W,36,12,5,14,35.7,2,7,28.6,0,0,0.0,2,2,4,6,2,1,3,3,+17
Nia Coffey,ATL,ATL vs. CON,05/25/2025,2025,W,26,18,6,13,46.2,3,7,42.9,3,4,75.0,2,9,11,4,0,0,2,3,+9
Rayah Marshall,CON,CON @ ATL,05/25/2025,2025,L,2,0,0,0,0.0,0,0,0.0,0,0,0.0,0,0,0,0,0,0,0,0,-5
Robyn Parks,CON,CON @ ATL,05/25/2025,2025,L,12,0,0,2,0.0,0,2,0.0,0,0,0.0,0,1,1,0,1,0,0,2,-7
Azura Stevens,LA,LA vs. CHI,05/25/2025,2025,W,32,24,10,14,71.4,2,4,50.0,2,2,100.0,2,6,8,3,2,1,2,2,+20
Jacy Sheldon,CON,CON @ ATL,05/25/2025,2025,L,23,4,2,3,66.7,0,1,0.0,0,1,0.0,0,0,0,2,0,1,0,2,-16
Olivia Nelson-Ododa,CON,CON @ ATL,05/25/2025,2025,L,21,11,4,7,57.1,0,0,0.0,3,6,50.0,0,5,5,0,0,2,1,2,-19
Angel Reese,CHI,CHI @ LA,05/25/2025,2025,L,32,13,5,11,45.5,0,1,0.0,3,3,100.0,6,6,12,4,2,0,4,3,-14
Kamilla Cardoso,CHI,CHI @ LA,05/25/2025,2025,L,19,12,6,9,66.7,0,0,0.0,0,0,0.0,2,4,6,3,0,0,1,5,-9
Courtney Vandersloot,CHI,CHI @ LA,05/25/2025,2025,L,35,11,4,10,40.0,1,5,20.0,2,2,100.0,0,4,4,2,1,1,1,2,-22
Kia Nurse,CHI,CHI @ LA,05/25/2025,2025,L,24,9,4,9,44.4,0,4,0.0,1,2,50.0,0,3,3,0,1,0,5,3,-19
Ariel Atkins,CHI,CHI @ LA,05/25/2025,2025,L,27,9,3,6,50.0,0,1,0.0,3,3,100.0,1,1,2,5,1,0,3,5,-12
Dearica Hamby,LA,LA vs. CHI,05/25/2025,2025,W,35,10,3,11,27.3,1,1,100.0,3,7,42.9,4,2,6,8,6,1,2,2,+19
Lexie Brown,SEA,SEA vs. LV,05/25/2025,2025,W,6,0,0,1,0.0,0,0,0.0,0,0,0.0,0,0,0,0,1,0,0,0,+1
Paige Bueckers,DAL,DAL @ ATL,05/24/2025,2025,L,28,11,4,15,26.7,1,3,33.3,2,3,66.7,1,3,4,5,2,0,1,3,-21
Teaira McCowan,DAL,DAL @ ATL,05/24/2025,2025,L,24,10,5,11,45.5,0,0,0.0,0,0,0.0,3,3,6,0,1,0,1,2,0
Tyasha Harris,DAL,DAL @ ATL,05/24/2025,2025,L,24,10,3,7,42.9,2,5,40.0,2,2,100.0,0,1,1,2,1,1,0,1,+2
Sonia Citron,WSH,WSH @ LV,05/24/2025,2025,L,36,19,6,11,54.5,4,6,66.7,3,3,100.0,0,5,5,3,0,0,1,1,-3
Arike Ogunbowale,DAL,DAL @ ATL,05/24/2025,2025,L,33,5,2,10,20.0,0,4,0.0,1,2,50.0,0,3,3,5,1,0,1,3,-1
Jackie Young,LV,LV vs. WSH,05/24/2025,2025,W,33,25,7,15,46.7,2,6,33.3,9,10,90.0,1,4,5,3,2,1,1,4,+8
Kiki Iriafen,WSH,WSH @ LV,05/24/2025,2025,L,35,17,6,14,42.9,0,0,0.0,5,6,83.3,4,9,13,2,0,0,1,1,+6
Brittney Griner,ATL,ATL vs. DAL,05/24/2025,2025,W,30,15,7,14,50.0,1,1,100.0,0,0,0.0,2,6,8,1,1,0,4,2,0
Sug Sutton,WSH,WSH @ LV,05/24/2025,2025,L,33,10,3,9,33.3,2,5,40.0,2,2,100.0,0,2,2,1,1,1,2,1,0
Jade Melbourne,WSH,WSH @ LV,05/24/2025,2025,L,35,14,4,11,36.4,2,5,40.0,4,6,66.7,0,3,3,1,1,0,2,5,-3
Sika Kone,WSH,WSH @ LV,05/24/2025,2025,L,10,0,0,1,0.0,0,0,0.0,0,0,0.0,0,2,2,1,0,0,1,4,-21
A'ja Wilson,LV,LV vs. WSH,05/24/2025,2025,W,38,15,5,13,38.5,1,3,33.3,4,4,100.0,2,10,12,5,2,3,3,3,+11
Chelsea Gray,LV,LV vs. WSH,05/24/2025,2025,W,34,17,7,17,41.2,2,8,25.0,1,1,100.0,0,4,4,2,1,0,3,2,+2
Jewell Loyd,LV,LV vs. WSH,05/24/2025,2025,W,29,9,2,9,22.2,2,7,28.6,3,3,100.0,1,2,3,2,2,0,0,3,+11
Dana Evans,LV,LV vs. WSH,05/24/2025,2025,W,20,5,2,6,33.3,1,3,33.3,0,0,0.0,1,1,2,2,0,0,1,1,+6
Sophie Cunningham,IND,IND vs. NY,05/24/2025,2025,L,20,5,2,4,50.0,1,2,50.0,0,0,0.0,2,1,3,0,0,0,2,2,-8
Breanna Stewart,NY,NY @ IND,05/24/2025,2025,W,36,16,4,11,36.4,0,4,0.0,8,10,80.0,1,6,7,3,0,1,0,4,-7
Jonquel Jones,NY,NY @ IND,05/24/2025,2025,W,36,26,9,15,60.0,2,5,40.0,6,7,85.7,4,8,12,3,1,1,3,3,+2
Natasha Cloud,NY,NY @ IND,05/24/2025,2025,W,35,16,6,9,66.7,2,5,40.0,2,2,100.0,1,6,7,6,5,2,3,3,+13
Kennedy Burke,NY,NY @ IND,05/24/2025,2025,W,28,7,2,4,50.0,1,3,33.3,2,4,50.0,0,2,2,2,0,1,4,1,+10
Aliyah Boston,IND,IND vs. NY,05/24/2025,2025,L,36,27,12,19,63.2,0,0,0.0,3,4,75.0,6,7,13,2,0,1,1,4,-2
Kelsey Mitchell,IND,IND vs. NY,05/24/2025,2025,L,34,15,6,16,37.5,2,7,28.6,1,2,50.0,0,0,0,4,3,0,1,2,-2
Caitlin Clark,IND,IND vs. NY,05/24/2025,2025,L,38,18,6,18,33.3,2,11,18.2,4,5,80.0,0,5,5,10,0,0,10,5,+6
DeWanna Bonner,IND,IND vs. NY,05/24/2025,2025,L,23,2,0,4,0.0,0,1,0.0,2,2,100.0,1,6,7,2,2,0,0,3,+9
Kaila Charles,DAL,DAL @ ATL,05/24/2025,2025,L,17,7,3,5,60.0,1,3,33.3,0,0,0.0,1,1,2,2,1,1,1,1,+10
Sabrina Ionescu,NY,NY @ IND,05/24/2025,2025,W,37,23,8,20,40.0,2,8,25.0,5,7,71.4,0,5,5,4,0,0,0,0,+11
Allisha Gray,ATL,ATL vs. DAL,05/24/2025,2025,W,37,27,8,15,53.3,4,9,44.4,7,8,87.5,1,4,5,6,0,3,0,4,+8
Satou Sabally,PHX,PHX @ SEA,05/24/2025,2025,L,32,15,5,12,41.7,2,8,25.0,3,4,75.0,0,9,9,2,0,1,3,5,+6
Azura Stevens,LA,LA vs. GS,05/24/2025,2025,L,32,6,1,3,33.3,0,0,0.0,4,4,100.0,2,8,10,3,0,0,1,2,+7
Kelsey Plum,LA,LA vs. GS,05/24/2025,2025,L,37,16,6,18,33.3,2,10,20.0,2,2,100.0,0,1,1,3,4,0,3,4,-1
Sarah Ashlee Barker,LA,LA vs. GS,05/24/2025,2025,L,29,7,2,7,28.6,1,4,25.0,2,2,100.0,1,3,4,4,2,0,2,4,0
Julie Allemand,LA,LA vs. GS,05/24/2025,2025,L,16,3,1,2,50.0,1,2,50.0,0,0,0.0,0,2,2,2,0,0,3,1,-6
Alyssa Thomas,PHX,PHX @ SEA,05/24/2025,2025,L,34,16,7,19,36.8,0,1,0.0,2,3,66.7,3,8,11,7,2,0,6,3,-4
Rhyne Howard,ATL,ATL vs. DAL,05/24/2025,2025,W,38,9,2,12,16.7,1,8,12.5,4,6,66.7,2,5,7,10,1,1,4,3,+7
Sami Whitcomb,PHX,PHX @ SEA,05/24/2025,2025,L,28,7,3,6,50.0,1,4,25.0,0,0,0.0,0,4,4,1,1,0,0,1,0
Carla Leite,GS,GS @ LA,05/24/2025,2025,W,23,19,7,10,70.0,2,2,100.0,3,4,75.0,1,1,2,3,1,0,1,0,+17
Lexi Held,PHX,PHX @ SEA,05/24/2025,2025,L,17,7,3,5,60.0,1,2,50.0,0,0,0.0,0,2,2,0,3,1,2,3,-10
Nneka Ogwumike,SEA,SEA vs. PHX,05/24/2025,2025,W,35,24,11,15,73.3,1,3,33.3,1,1,100.0,0,8,8,0,1,1,1,1,+5
Gabby Williams,SEA,SEA vs. PHX,05/24/2025,2025,W,37,11,4,9,44.4,3,7,42.9,0,0,0.0,1,4,5,2,2,0,3,2,+8
Ezi Magbegor,SEA,SEA vs. PHX,05/24/2025,2025,W,32,6,3,6,50.0,0,2,0.0,0,0,0.0,1,6,7,2,1,1,2,2,-2
Skylar Diggins,SEA,SEA vs. PHX,05/24/2025,2025,W,37,24,8,16,50.0,1,2,50.0,7,9,77.8,0,4,4,14,2,2,4,2,+9
Erica Wheeler,SEA,SEA vs. PHX,05/24/2025,2025,W,23,6,2,9,22.2,0,0,0.0,2,2,100.0,1,2,3,3,0,0,0,1,+14
Dearica Hamby,LA,LA vs. GS,05/24/2025,2025,L,34,25,9,16,56.2,2,4,50.0,5,9,55.6,1,5,6,2,1,3,4,3,-11
Kathryn Westbeld,PHX,PHX @ SEA,05/24/2025,2025,L,27,3,1,4,25.0,1,3,33.3,0,0,0.0,0,1,1,4,0,1,0,0,+4
Veronica Burton,GS,GS @ LA,05/24/2025,2025,W,33,12,3,8,37.5,0,2,0.0,6,6,100.0,1,1,2,3,5,0,2,4,+8
Kayla Thornton,GS,GS @ LA,05/24/2025,2025,W,30,14,4,15,26.7,1,9,11.1,5,5,100.0,4,6,10,1,4,1,5,2,+1
Nia Coffey,ATL,ATL vs. DAL,05/24/2025,2025,W,15,8,2,5,40.0,1,3,33.3,3,4,75.0,1,1,2,1,0,2,0,1,+7
Maya Caldwell,ATL,ATL vs. DAL,05/24/2025,2025,W,23,9,3,7,42.9,2,2,100.0,1,2,50.0,0,1,1,2,1,0,1,1,+5
Temi Fagbenle,GS,GS @ LA,05/24/2025,2025,W,27,8,4,6,66.7,0,1,0.0,0,0,0.0,1,5,6,3,0,1,2,4,-6
Janelle Salaun,GS,GS @ LA,05/24/2025,2025,W,30,18,5,11,45.5,4,8,50.0,4,4,100.0,0,8,8,1,2,1,2,1,-2
Tina Charles,CON,CON @ MIN,05/23/2025,2025,L,30,4,2,6,33.3,0,1,0.0,0,0,0.0,1,4,5,1,0,0,3,2,-16
Olivia Nelson-Ododa,CON,CON @ MIN,05/23/2025,2025,L,28,10,5,7,71.4,0,0,0.0,0,0,0.0,5,5,10,2,0,1,3,4,-3
Marina Mabrey,CON,CON @ MIN,05/23/2025,2025,L,31,22,7,19,36.8,4,12,33.3,4,4,100.0,0,8,8,6,0,0,3,5,-5
Jessica Shepard,MIN,MIN vs. CON,05/23/2025,2025,W,25,13,5,8,62.5,0,0,0.0,3,4,75.0,2,4,6,4,0,1,2,0,+17
Jacy Sheldon,CON,CON @ MIN,05/23/2025,2025,L,30,6,2,8,25.0,2,3,66.7,0,0,0.0,1,0,1,4,0,0,3,1,-11
Bridget Carleton,MIN,MIN vs. CON,05/23/2025,2025,W,35,6,2,11,18.2,2,11,18.2,0,0,0.0,0,2,2,3,2,0,4,4,+8
Napheesa Collier,MIN,MIN vs. CON,05/23/2025,2025,W,38,33,11,21,52.4,3,4,75.0,8,10,80.0,4,7,11,3,3,3,2,2,+8
Karlie Samuelson,MIN,MIN vs. CON,05/23/2025,2025,W,23,7,1,2,50.0,1,2,50.0,4,4,100.0,1,2,3,3,1,0,3,3,+8
Rachel Banham,CHI,CHI vs. NY,05/23/2025,2025,L,15,15,5,7,71.4,5,7,71.4,0,0,0.0,0,1,1,1,0,0,1,0,-4
Hailey Van Lith,CHI,CHI vs. NY,05/23/2025,2025,L,15,4,0,4,0.0,0,3,0.0,4,6,66.7,0,0,0,6,0,0,0,0,-6
Bria Hartley,CON,CON @ MIN,05/23/2025,2025,L,24,5,1,6,16.7,1,3,33.3,2,2,100.0,0,0,0,4,0,0,4,3,-3
Elizabeth Williams,CHI,CHI vs. NY,05/23/2025,2025,L,17,7,3,5,60.0,0,0,0.0,1,3,33.3,3,3,6,2,3,0,2,2,-12
Natisha Hiedeman,MIN,MIN vs. CON,05/23/2025,2025,W,30,11,4,6,66.7,1,2,50.0,2,4,50.0,0,3,3,2,0,0,0,1,+15
Isabelle Harrison,NY,NY @ CHI,05/23/2025,2025,W,6,0,0,2,0.0,0,0,0.0,0,0,0.0,0,2,2,1,0,0,2,0,-3
Rebekah Gardner,NY,NY @ CHI,05/23/2025,2025,W,17,7,3,4,75.0,1,2,50.0,0,0,0.0,1,1,2,2,1,0,1,2,+3
Kennedy Burke,NY,NY @ CHI,05/23/2025,2025,W,21,17,5,6,83.3,4,4,100.0,3,4,75.0,0,1,1,2,3,1,0,1,+13
Jaylyn Sherrod,NY,NY @ CHI,05/23/2025,2025,W,5,3,1,3,33.3,0,2,0.0,1,1,100.0,0,0,0,1,0,0,0,1,-3
Marquesha Davis,NY,NY @ CHI,05/23/2025,2025,W,5,0,0,0,0.0,0,0,0.0,0,0,0.0,1,1,2,0,0,1,1,0,-3
Michaela Onyenwere,CHI,CHI vs. NY,05/23/2025,2025,L,13,2,1,4,25.0,0,0,0.0,0,0,0.0,2,1,3,1,0,0,3,1,0
Maddy Westbeld,CHI,CHI vs. NY,05/23/2025,2025,L,3,2,1,1,100.0,0,0,0.0,0,0,0.0,0,0,0,0,0,0,0,0,+3
DiJonai Carrington,DAL,DAL @ MIN,05/22/2025,2025,L,27,11,3,9,33.3,2,4,50.0,3,3,100.0,0,2,2,0,2,0,1,4,-8
Arike Ogunbowale,DAL,DAL @ MIN,05/22/2025,2025,L,35,21,8,20,40.0,5,13,38.5,0,0,0.0,0,2,2,5,2,0,2,4,-4
NaLyssa Smith,DAL,DAL @ MIN,05/22/2025,2025,L,25,8,4,8,50.0,0,2,0.0,0,0,0.0,3,4,7,0,1,1,1,1,-2
Myisha Hines-Allen,DAL,DAL @ MIN,05/22/2025,2025,L,26,11,4,6,66.7,0,0,0.0,3,3,100.0,2,5,7,3,0,0,2,4,+12
Carla Leite,GS,GS vs. WSH,05/22/2025,2025,W,21,10,2,7,28.6,1,6,16.7,5,6,83.3,2,0,2,3,0,0,0,4,+17
Monique Billings,GS,GS vs. WSH,05/22/2025,2025,W,24,7,3,7,42.9,0,3,0.0,1,3,33.3,2,1,3,1,1,0,0,2,-6
Kiki Iriafen,WSH,WSH @ GS,05/22/2025,2025,L,31,10,5,11,45.5,0,0,0.0,0,0,0.0,3,9,12,0,0,0,0,2,-11
Janelle Salaun,GS,GS vs. WSH,05/22/2025,2025,W,28,10,4,11,36.4,1,4,25.0,1,1,100.0,0,4,4,0,1,0,3,2,0
Kayla Thornton,GS,GS vs. WSH,05/22/2025,2025,W,27,18,5,14,35.7,2,8,25.0,6,6,100.0,0,5,5,1,2,1,1,4,+19
Natasha Howard,IND,IND @ ATL,05/22/2025,2025,W,29,26,12,17,70.6,1,2,50.0,1,2,50.0,2,5,7,2,1,0,2,4,+5
Aliyah Boston,IND,IND @ ATL,05/22/2025,2025,W,23,4,2,7,28.6,0,0,0.0,0,0,0.0,3,4,7,3,0,0,0,4,-3
Kelsey Mitchell,IND,IND @ ATL,05/22/2025,2025,W,28,17,7,19,36.8,1,6,16.7,2,4,50.0,1,2,3,1,0,1,3,2,0
Sophie Cunningham,IND,IND @ ATL,05/22/2025,2025,W,20,9,3,6,50.0,2,4,50.0,1,2,50.0,0,6,6,3,0,1,2,1,+10
Lexie Hull,IND,IND @ ATL,05/22/2025,2025,W,27,10,4,7,57.1,2,2,100.0,0,0,0.0,0,0,0,4,2,0,0,5,+14
Brionna Jones,ATL,ATL vs. IND,05/22/2025,2025,L,33,15,4,13,30.8,2,4,50.0,5,7,71.4,3,8,11,3,1,0,0,2,-6
Allisha Gray,ATL,ATL vs. IND,05/22/2025,2025,L,31,11,4,13,30.8,0,5,0.0,3,4,75.0,1,4,5,2,1,0,1,5,-10
Rhyne Howard,ATL,ATL vs. IND,05/22/2025,2025,L,37,24,8,17,47.1,3,7,42.9,5,6,83.3,0,5,5,2,2,1,3,5,-2
Te-Hina Paopao,ATL,ATL vs. IND,05/22/2025,2025,L,30,11,3,9,33.3,3,6,50.0,2,2,100.0,0,2,2,3,0,0,2,1,+5
Nia Coffey,ATL,ATL vs. IND,05/22/2025,2025,L,17,6,2,5,40.0,2,5,40.0,0,0,0.0,0,5,5,2,0,1,1,2,-5
Bridget Carleton,MIN,MIN vs. DAL,05/22/2025,2025,W,33,9,4,10,40.0,1,4,25.0,0,0,0.0,2,4,6,3,1,0,1,3,-7
Brittney Sykes,WSH,WSH @ GS,05/22/2025,2025,L,33,30,8,19,42.1,3,5,60.0,11,14,78.6,1,4,5,3,1,0,1,4,+2
Sonia Citron,WSH,WSH @ GS,05/22/2025,2025,L,35,10,3,11,27.3,2,6,33.3,2,2,100.0,0,8,8,1,1,1,1,2,-9
Sika Kone,WSH,WSH @ GS,05/22/2025,2025,L,14,3,1,5,20.0,0,1,0.0,1,1,100.0,0,0,0,2,0,0,2,2,-1
Jade Melbourne,WSH,WSH @ GS,05/22/2025,2025,L,29,8,3,5,60.0,1,2,50.0,1,1,100.0,0,7,7,7,1,0,5,3,+1
Paige Bueckers,DAL,DAL @ MIN,05/22/2025,2025,L,37,12,3,11,27.3,2,5,40.0,4,6,66.7,0,1,1,10,3,0,2,4,0
Veronica Burton,GS,GS vs. WSH,05/22/2025,2025,W,29,22,6,11,54.5,3,4,75.0,7,8,87.5,4,5,9,5,2,0,3,2,0
Alanna Smith,MIN,MIN vs. DAL,05/22/2025,2025,W,29,13,5,9,55.6,3,7,42.9,0,2,0.0,1,5,6,2,0,2,2,1,-11
Azura Stevens,LA,LA @ PHX,05/22/2025,2025,L,30,23,7,12,58.3,2,4,50.0,7,8,87.5,1,16,17,0,0,1,1,0,+7
Sami Whitcomb,PHX,PHX vs. LA,05/22/2025,2025,W,28,6,1,7,14.3,1,6,16.7,3,4,75.0,1,2,3,1,1,1,0,2,-2
Satou Sabally,PHX,PHX vs. LA,05/22/2025,2025,W,29,25,6,16,37.5,1,4,25.0,12,15,80.0,1,4,5,3,3,1,2,4,+17
Kathryn Westbeld,PHX,PHX vs. LA,05/22/2025,2025,W,19,6,2,5,40.0,2,4,50.0,0,0,0.0,2,4,6,1,0,2,2,2,-18
Alyssa Thomas,PHX,PHX vs. LA,05/22/2025,2025,W,33,19,7,10,70.0,0,0,0.0,5,6,83.3,1,4,5,7,1,2,4,2,-8
Sarah Ashlee Barker,LA,LA @ PHX,05/22/2025,2025,L,28,2,1,7,14.3,0,5,0.0,0,0,0.0,0,1,1,4,0,1,2,2,-8
Kelsey Plum,LA,LA @ PHX,05/22/2025,2025,L,40,25,7,19,36.8,4,9,44.4,7,10,70.0,1,2,3,6,2,1,8,4,-3
Odyssey Sims,LA,LA @ PHX,05/22/2025,2025,L,30,8,2,7,28.6,1,2,50.0,3,4,75.0,0,3,3,4,1,0,2,4,+4
Lexi Held,PHX,PHX vs. LA,05/22/2025,2025,W,13,5,2,4,50.0,1,2,50.0,0,0,0.0,0,1,1,1,0,1,0,0,+1
Courtney Williams,MIN,MIN vs. DAL,05/22/2025,2025,W,33,13,5,13,38.5,1,4,25.0,2,2,100.0,1,4,5,7,1,0,6,3,0
Natisha Hiedeman,MIN,MIN vs. DAL,05/22/2025,2025,W,27,10,3,6,50.0,2,4,50.0,2,6,33.3,0,2,2,8,0,0,2,0,+19
Dearica Hamby,LA,LA @ PHX,05/22/2025,2025,L,33,15,6,13,46.2,1,3,33.3,2,2,100.0,2,5,7,2,0,0,0,4,+10
Napheesa Collier,MIN,MIN vs. DAL,05/22/2025,2025,W,37,28,8,13,61.5,0,3,0.0,12,12,100.0,3,5,8,2,2,1,2,2,+5
Aaliyah Nye,LV,LV @ CON,05/20/2025,2025,W,12,3,1,3,33.3,1,3,33.3,0,0,0.0,0,0,0,0,0,0,1,1,-6
Rhyne Howard,ATL,ATL @ IND,05/20/2025,2025,W,36,20,5,17,29.4,4,13,30.8,6,6,100.0,1,1,2,3,3,0,0,4,+1
Kierstan Bell,LV,LV @ CON,05/20/2025,2025,W,13,3,1,3,33.3,1,3,33.3,0,0,0.0,0,1,1,1,1,1,0,0,-1
Elizabeth Kitley,LV,LV @ CON,05/20/2025,2025,W,11,0,0,3,0.0,0,0,0.0,0,0,0.0,0,3,3,0,1,1,0,2,-4
Tiffany Mitchell,LV,LV @ CON,05/20/2025,2025,W,16,4,0,1,0.0,0,0,0.0,4,4,100.0,1,3,4,1,1,0,2,3,+1
Dana Evans,LV,LV @ CON,05/20/2025,2025,W,23,5,2,7,28.6,0,1,0.0,1,2,50.0,0,0,0,3,0,0,0,4,-2
Allisha Gray,ATL,ATL @ IND,05/20/2025,2025,W,36,16,5,15,33.3,3,10,30.0,3,4,75.0,1,1,2,6,1,1,1,3,+8
Nia Coffey,ATL,ATL @ IND,05/20/2025,2025,W,11,0,0,0,0.0,0,0,0.0,0,0,0.0,1,4,5,3,0,1,0,0,-13
Jacy Sheldon,CON,CON vs. LV,05/20/2025,2025,L,23,0,0,7,0.0,0,2,0.0,0,0,0.0,0,2,2,1,0,0,4,2,-16
Maya Caldwell,ATL,ATL @ IND,05/20/2025,2025,W,12,4,2,4,50.0,0,1,0.0,0,0,0.0,1,2,3,0,0,0,0,1,-4
Natasha Howard,IND,IND vs. ATL,05/20/2025,2025,L,29,6,3,9,33.3,0,0,0.0,0,4,0.0,3,6,9,0,0,0,4,4,+7
Aliyah Boston,IND,IND vs. ATL,05/20/2025,2025,L,37,24,9,13,69.2,0,1,0.0,6,7,85.7,3,7,10,4,0,2,2,2,-4
Caitlin Clark,IND,IND vs. ATL,05/20/2025,2025,L,38,27,9,20,45.0,5,11,45.5,4,6,66.7,0,5,5,11,2,0,3,3,+5
Brionna Jones,ATL,ATL @ IND,05/20/2025,2025,W,33,19,6,12,50.0,0,2,0.0,7,10,70.0,6,7,13,3,1,1,3,2,+10
Kariata Diaby,CON,CON vs. LV,05/20/2025,2025,L,13,3,1,1,100.0,0,0,0.0,1,2,50.0,0,3,3,1,1,0,1,1,+4
Rayah Marshall,CON,CON vs. LV,05/20/2025,2025,L,10,0,0,3,0.0,0,1,0.0,0,0,0.0,1,5,6,1,0,1,0,2,-3
Robyn Parks,CON,CON vs. LV,05/20/2025,2025,L,20,2,1,2,50.0,0,1,0.0,0,0,0.0,1,2,3,0,0,0,0,2,-1
Haley Peters,CON,CON vs. LV,05/20/2025,2025,L,12,4,2,3,66.7,0,0,0.0,0,0,0.0,3,1,4,1,0,0,0,3,-4
Lexie Hull,IND,IND vs. ATL,05/20/2025,2025,L,29,6,2,4,50.0,1,1,100.0,1,3,33.3,2,1,3,0,0,0,0,3,+14
Kelsey Mitchell,IND,IND vs. ATL,05/20/2025,2025,L,33,24,9,15,60.0,2,3,66.7,4,4,100.0,0,0,0,2,1,0,1,3,+3
Nneka Ogwumike,SEA,SEA @ DAL,05/20/2025,2025,W,35,23,10,21,47.6,1,2,50.0,2,3,66.7,2,16,18,3,2,0,3,4,+13
Maddy Siegrist,DAL,DAL vs. SEA,05/20/2025,2025,L,29,12,5,10,50.0,2,4,50.0,0,2,0.0,2,2,4,0,0,0,0,1,+4
Alysha Clark,SEA,SEA @ DAL,05/20/2025,2025,W,36,6,2,6,33.3,2,3,66.7,0,0,0.0,0,1,1,2,1,0,1,4,+10
Gabby Williams,SEA,SEA @ DAL,05/20/2025,2025,W,39,17,7,13,53.8,3,4,75.0,0,0,0.0,2,3,5,5,3,2,4,3,+10
Ezi Magbegor,SEA,SEA @ DAL,05/20/2025,2025,W,28,7,3,6,50.0,0,1,0.0,1,4,25.0,2,6,8,5,1,1,1,3,+2
Skylar Diggins,SEA,SEA @ DAL,05/20/2025,2025,W,36,21,6,16,37.5,3,4,75.0,6,8,75.0,0,1,1,9,0,1,1,2,+13
Myisha Hines-Allen,DAL,DAL vs. SEA,05/20/2025,2025,L,26,4,2,9,22.2,0,0,0.0,0,0,0.0,3,6,9,6,1,2,3,4,-7
Arike Ogunbowale,DAL,DAL vs. SEA,05/20/2025,2025,L,27,8,2,14,14.3,1,8,12.5,3,4,75.0,0,2,2,0,0,0,0,1,-15
Paige Bueckers,DAL,DAL vs. SEA,05/20/2025,2025,L,37,19,7,14,50.0,1,2,50.0,4,5,80.0,1,5,6,8,2,1,3,5,+2
Tyasha Harris,DAL,DAL vs. SEA,05/20/2025,2025,L,22,2,1,4,25.0,0,2,0.0,0,0,0.0,0,1,1,3,0,1,3,1,+6
Sevgi Uzun,PHX,PHX vs. SEA,05/18/2025,2025,W,22,0,0,1,0.0,0,1,0.0,0,2,0.0,0,2,2,3,0,1,0,3,+1
Karlie Samuelson,MIN,MIN @ LA,05/18/2025,2025,W,28,6,1,4,25.0,1,4,25.0,3,3,100.0,0,1,1,3,0,0,2,5,+13
Bria Hartley,CON,CON vs. WSH,05/18/2025,2025,L,19,11,3,4,75.0,2,2,100.0,3,3,100.0,2,2,4,3,2,0,3,2,-10
Marina Mabrey,CON,CON vs. WSH,05/18/2025,2025,L,35,11,5,21,23.8,1,8,12.5,0,1,0.0,0,4,4,3,0,1,3,5,+8
Lindsay Allen,CON,CON vs. WSH,05/18/2025,2025,L,24,6,2,5,40.0,0,0,0.0,2,3,66.7,0,1,1,8,0,2,0,1,-7
Olivia Nelson-Ododa,CON,CON vs. WSH,05/18/2025,2025,L,25,18,5,8,62.5,0,0,0.0,8,8,100.0,3,5,8,0,0,0,0,4,+7
Tina Charles,CON,CON vs. WSH,05/18/2025,2025,L,32,23,8,15,53.3,0,0,0.0,7,9,77.8,4,6,10,2,3,2,0,1,-2
Jade Melbourne,WSH,WSH @ CON,05/18/2025,2025,W,25,15,5,8,62.5,3,4,75.0,2,6,33.3,0,2,2,4,0,1,1,5,+18
Sonia Citron,WSH,WSH @ CON,05/18/2025,2025,W,24,15,5,10,50.0,0,3,0.0,5,6,83.3,0,1,1,3,2,1,1,4,+9
Lexi Held,PHX,PHX vs. SEA,05/18/2025,2025,W,22,11,4,9,44.4,1,4,25.0,2,3,66.7,1,1,2,3,2,0,2,1,+6
Sug Sutton,WSH,WSH @ CON,05/18/2025,2025,W,27,6,3,7,42.9,0,2,0.0,0,0,0.0,1,1,2,2,0,0,1,2,-3
Kalani Brown,PHX,PHX vs. SEA,05/18/2025,2025,W,20,4,2,3,66.7,0,0,0.0,0,0,0.0,1,3,4,2,0,2,1,4,+3
Alexis Prince,PHX,PHX vs. SEA,05/18/2025,2025,W,22,2,1,3,33.3,0,1,0.0,0,0,0.0,0,8,8,1,0,0,3,1,+5
Dominique Malonga,SEA,SEA @ PHX,05/18/2025,2025,L,10,2,1,2,50.0,0,0,0.0,0,0,0.0,0,0,0,0,0,0,0,1,-4
Kathryn Westbeld,PHX,PHX vs. SEA,05/18/2025,2025,W,22,9,3,5,60.0,2,3,66.7,1,2,50.0,1,4,5,1,1,0,0,0,+16
Zia Cooke,SEA,SEA @ PHX,05/18/2025,2025,L,13,6,2,5,40.0,2,2,100.0,0,2,0.0,0,1,1,0,0,0,2,0,-3
Lexie Brown,SEA,SEA @ PHX,05/18/2025,2025,L,11,0,0,2,0.0,0,2,0.0,0,0,0.0,0,1,1,2,1,0,1,2,-2
Erica Wheeler,SEA,SEA @ PHX,05/18/2025,2025,L,17,6,2,5,40.0,0,1,0.0,2,2,100.0,0,2,2,2,0,0,0,1,-3
Kiki Iriafen,WSH,WSH @ CON,05/18/2025,2025,W,31,17,7,10,70.0,0,0,0.0,3,4,75.0,4,10,14,0,0,1,3,5,+4
Sarah Ashlee Barker,LA,LA vs. MIN,05/18/2025,2025,L,24,6,1,3,33.3,1,3,33.3,3,4,75.0,0,3,3,1,1,1,2,5,-6
Mercedes Russell,LA,LA vs. MIN,05/18/2025,2025,L,14,0,0,0,0.0,0,0,0.0,0,0,0.0,0,1,1,2,0,1,0,0,0
Odyssey Sims,LA,LA vs. MIN,05/18/2025,2025,L,35,2,1,9,11.1,0,2,0.0,0,0,0.0,2,2,4,3,0,0,1,2,-15
Li Yueru,SEA,SEA @ PHX,05/18/2025,2025,L,22,6,2,6,33.3,0,2,0.0,2,3,66.7,2,2,4,4,0,0,0,2,-8
Azura Stevens,LA,LA vs. MIN,05/18/2025,2025,L,34,21,7,12,58.3,4,7,57.1,3,3,100.0,0,6,6,1,2,1,0,2,-14
Dearica Hamby,LA,LA vs. MIN,05/18/2025,2025,L,35,20,6,11,54.5,1,2,50.0,7,10,70.0,5,5,10,2,0,0,2,3,-12
Natisha Hiedeman,MIN,MIN @ LA,05/18/2025,2025,W,13,8,3,5,60.0,0,1,0.0,2,2,100.0,0,1,1,3,0,0,0,2,+4
Marieme Badiane,MIN,MIN @ LA,05/18/2025,2025,W,4,0,0,0,0.0,0,0,0.0,0,0,0.0,1,0,1,0,1,0,1,2,-1
Jessica Shepard,MIN,MIN @ LA,05/18/2025,2025,W,30,11,5,6,83.3,0,0,0.0,1,1,100.0,3,7,10,3,0,0,1,3,-1
Stefanie Dolson,WSH,WSH @ CON,05/18/2025,2025,W,26,3,1,3,33.3,1,3,33.3,0,0,0.0,0,0,0,0,1,0,1,4,+4
Kierstan Bell,LV,LV @ NY,05/17/2025,2025,L,5,2,1,3,33.3,0,1,0.0,0,0,0.0,0,2,2,0,0,0,0,0,-3
Marquesha Davis,NY,NY vs. LV,05/17/2025,2025,W,1,0,0,0,0.0,0,0,0.0,0,0,0.0,0,0,0,0,0,0,0,0,0
Jaylyn Sherrod,NY,NY vs. LV,05/17/2025,2025,W,1,0,0,0,0.0,0,0,0.0,0,0,0.0,0,0,0,1,0,0,0,0,0
Kennedy Burke,NY,NY vs. LV,05/17/2025,2025,W,17,10,4,7,57.1,2,3,66.7,0,0,0.0,0,1,1,1,1,1,0,2,+11
Rebekah Gardner,NY,NY vs. LV,05/17/2025,2025,W,4,0,0,1,0.0,0,1,0.0,0,0,0.0,0,1,1,0,0,0,0,0,+7
Aaliyah Nye,LV,LV @ NY,05/17/2025,2025,L,4,0,0,2,0.0,0,1,0.0,0,0,0.0,1,0,1,0,0,0,0,2,-7
Dana Evans,LV,LV @ NY,05/17/2025,2025,L,19,10,4,7,57.1,2,2,100.0,0,1,0.0,1,0,1,3,0,1,0,2,-4
Tiffany Mitchell,LV,LV @ NY,05/17/2025,2025,L,17,0,0,4,0.0,0,1,0.0,0,0,0.0,0,2,2,0,0,0,0,1,-1
Elizabeth Kitley,LV,LV @ NY,05/17/2025,2025,L,1,2,1,1,100.0,0,0,0.0,0,0,0.0,0,0,0,0,0,0,0,0,-2
Isabelle Harrison,NY,NY vs. LV,05/17/2025,2025,W,1,0,0,0,0.0,0,0,0.0,0,0,0.0,0,0,0,0,0,0,0,0,0
Elizabeth Williams,CHI,CHI @ IND,05/17/2025,2025,L,19,1,0,4,0.0,0,0,0.0,1,4,25.0,1,6,7,1,1,2,2,4,-22
Michaela Onyenwere,CHI,CHI @ IND,05/17/2025,2025,L,17,0,0,7,0.0,0,2,0.0,0,0,0.0,0,1,1,2,0,0,1,4,-17
Azura Stevens,LA,LA @ GS,05/17/2025,2025,W,32,11,4,7,57.1,0,2,0.0,3,4,75.0,0,5,5,0,4,2,0,2,+11
Maddy Westbeld,CHI,CHI @ IND,05/17/2025,2025,L,4,0,0,3,0.0,0,1,0.0,0,0,0.0,0,0,0,1,0,0,0,0,-5
Monique Billings,GS,GS vs. LA,05/17/2025,2025,L,23,7,2,7,28.6,1,4,25.0,2,2,100.0,1,7,8,0,0,1,2,1,-8
Tiffany Hayes,GS,GS vs. LA,05/17/2025,2025,L,30,19,7,16,43.8,2,5,40.0,3,3,100.0,2,7,9,1,1,1,4,4,-21
Temi Fagbenle,GS,GS vs. LA,05/17/2025,2025,L,32,15,6,8,75.0,2,4,50.0,1,1,100.0,2,3,5,4,2,0,1,3,-17
Kayla Thornton,GS,GS vs. LA,05/17/2025,2025,L,34,6,3,11,27.3,0,6,0.0,0,0,0.0,1,3,4,1,1,0,1,2,-17
Kelsey Plum,LA,LA @ GS,05/17/2025,2025,W,40,37,11,19,57.9,4,6,66.7,11,11,100.0,0,2,2,6,5,0,2,2,+17
Odyssey Sims,LA,LA @ GS,05/17/2025,2025,W,31,7,2,6,33.3,0,2,0.0,3,3,100.0,1,0,1,6,2,1,0,3,+25
Rickea Jackson,LA,LA @ GS,05/17/2025,2025,W,35,13,5,15,33.3,3,6,50.0,0,0,0.0,0,5,5,3,1,1,4,2,+12
Julie Vanloo,GS,GS vs. LA,05/17/2025,2025,L,27,14,5,11,45.5,4,10,40.0,0,0,0.0,1,3,4,2,1,0,6,3,-16
Dearica Hamby,LA,LA @ GS,05/17/2025,2025,W,36,14,6,12,50.0,0,1,0.0,2,3,66.7,2,8,10,1,3,0,2,3,+18
Makayla Timpson,IND,IND vs. CHI,05/17/2025,2025,W,3,4,1,1,100.0,0,0,0.0,2,2,100.0,0,1,1,0,0,0,1,0,+6
Hailey Van Lith,CHI,CHI @ IND,05/17/2025,2025,L,4,4,2,2,100.0,0,0,0.0,0,0,0.0,0,0,0,0,0,0,1,0,-5
Brianna Turner,IND,IND vs. CHI,05/17/2025,2025,W,6,0,0,1,0.0,0,0,0.0,0,0,0.0,0,3,3,2,0,0,0,1,+11
Rachel Banham,CHI,CHI @ IND,05/17/2025,2025,L,19,8,3,8,37.5,2,6,33.3,0,0,0.0,0,0,0,1,0,2,1,0,-19
Damiris Dantas,IND,IND vs. CHI,05/17/2025,2025,W,11,2,1,3,33.3,0,1,0.0,0,0,0.0,0,0,0,0,0,0,0,1,+9
Sydney Colson,IND,IND vs. CHI,05/17/2025,2025,W,13,2,1,2,50.0,0,0,0.0,0,0,0.0,1,0,1,1,3,0,1,2,+17
Lexie Hull,IND,IND vs. CHI,05/17/2025,2025,W,23,9,4,10,40.0,0,4,0.0,1,2,50.0,3,6,9,0,2,0,1,1,+23
Bridget Carleton,MIN,MIN @ DAL,05/16/2025,2025,W,30,3,1,5,20.0,1,4,25.0,0,0,0.0,0,7,7,1,1,0,0,1,+14
Allisha Gray,ATL,ATL @ WSH,05/16/2025,2025,L,36,25,7,14,50.0,6,10,60.0,5,8,62.5,2,6,8,7,1,0,2,4,-5
Rhyne Howard,ATL,ATL @ WSH,05/16/2025,2025,L,37,11,4,15,26.7,3,12,25.0,0,0,0.0,1,1,2,6,1,0,4,3,-2
Shatori Walker-Kimbrough,ATL,ATL @ WSH,05/16/2025,2025,L,16,3,1,3,33.3,0,2,0.0,1,2,50.0,0,0,0,1,0,0,0,3,0
Stefanie Dolson,WSH,WSH vs. ATL,05/16/2025,2025,W,27,6,2,4,50.0,2,3,66.7,0,0,0.0,0,3,3,3,1,2,0,3,+7
Brittney Sykes,WSH,WSH vs. ATL,05/16/2025,2025,W,37,22,6,20,30.0,1,6,16.7,9,12,75.0,1,2,3,5,1,1,1,5,+5
Sug Sutton,WSH,WSH vs. ATL,05/16/2025,2025,W,30,13,5,9,55.6,1,3,33.3,2,3,66.7,1,0,1,2,3,0,2,0,-9
Sonia Citron,WSH,WSH vs. ATL,05/16/2025,2025,W,24,19,6,7,85.7,2,2,100.0,5,6,83.3,0,2,2,2,0,0,1,4,+3
Sika Kone,WSH,WSH vs. ATL,05/16/2025,2025,W,12,2,1,1,100.0,0,0,0.0,0,0,0.0,0,3,3,1,0,0,2,2,-1
Anastasiia Olairi Kosu,MIN,MIN @ DAL,05/16/2025,2025,W,3,0,0,0,0.0,0,0,0.0,0,0,0.0,0,0,0,0,0,0,1,0,-6
Courtney Williams,MIN,MIN @ DAL,05/16/2025,2025,W,28,25,10,15,66.7,2,4,50.0,3,3,100.0,0,4,4,9,0,0,0,3,+24
Diamond Miller,MIN,MIN @ DAL,05/16/2025,2025,W,20,13,4,5,80.0,1,1,100.0,4,7,57.1,0,0,0,3,2,0,2,1,+2
Alissa Pili,MIN,MIN @ DAL,05/16/2025,2025,W,11,0,0,2,0.0,0,1,0.0,0,0,0.0,2,2,4,2,0,0,3,1,-5
Brittney Griner,ATL,ATL @ WSH,05/16/2025,2025,L,28,18,7,16,43.8,0,2,0.0,4,5,80.0,2,6,8,1,0,1,2,2,-3
NaLyssa Smith,DAL,DAL vs. MIN,05/16/2025,2025,L,18,6,2,4,50.0,0,0,0.0,2,4,50.0,1,3,4,0,0,0,0,3,-11
Teaira McCowan,DAL,DAL vs. MIN,05/16/2025,2025,L,5,0,0,0,0.0,0,0,0.0,0,0,0.0,0,3,3,0,0,0,1,4,+4
Kaila Charles,DAL,DAL vs. MIN,05/16/2025,2025,L,12,8,3,4,75.0,1,1,100.0,1,2,50.0,1,3,4,0,3,0,1,0,+1
Aziaha James,DAL,DAL vs. MIN,05/16/2025,2025,L,6,0,0,1,0.0,0,0,0.0,0,0,0.0,0,0,0,1,1,0,0,1,+6
JJ Quinerly,DAL,DAL vs. MIN,05/16/2025,2025,L,3,2,1,2,50.0,0,0,0.0,0,0,0.0,0,0,0,1,0,0,1,0,+6
Brionna Jones,ATL,ATL @ WSH,05/16/2025,2025,L,34,16,6,13,46.2,0,2,0.0,4,8,50.0,6,4,10,5,0,1,2,4,+4
